"운영팀> 2번 모니터> 앱 콘텐츠 내용","","","","","","","","","","","","","","","","","","","","","","","","",""
"Num","Key","Korean","English","Japanese","Chinese","Vietnamese","Thai","Russian","Indonesian","설명, 비고","구분(위치)","","","","","","","","","","","","","",""
"","NoticeContent -1","<b>1월 제주</b>는 새콤달콤한 <b>노지감귤과 한라봉</b>이 제철을 맞고 겨울 바다에서 잡은 <b>방어와 갈치</b>까지 풍성하게 즐기기 좋은 시기입니다.","January in Jeju is a great time to enjoy sweet tangerines, Hallabong, and fresh winter seafood like yellowtail and hairtail.","1月の済州は、甘酸っぱい露地みかんとハルラボンが旬を迎え、冬の海で獲れたブリやタチウオまで豊かに楽しめる時期です。","1月的济州岛，酸甜可口的露地柑橘和汉拿峰迎来旺季，还能品尝到冬季海里捕捞的肥美黄尾鱼和带鱼，是享受丰盛美食的好时节。","Tháng 1 ở Jeju là thời điểm tuyệt vời để thưởng thức quýt ngọt, Hallabong cùng cá cam và cá hố mùa đông.","เดือนมกราคมในเชจูเป็นช่วงเวลาที่ดีในการเพลิดเพลินกับส้มแมนดารินและฮัลลาบงที่กำลังออกผล รวมถึงปลาหางเหลืองและปลาหางดาบที่จับได้ในทะเลฤดูหนาว","Январь на Чеджу — отличное время для сладких мандаринов, халлабона, свежего желтохвоста и рыбы-сабли.","Januari di Jeju adalah waktu yang tepat untuk menikmati jeruk mandarin, Hallabong, serta hidangan laut musim dingin seperti yellowtail dan hairtail.","","메인C","","","","","","","","","","","","","",""
"","NoticeContent -2","<b>2월 제주</b>는 <b>한라봉과 천혜향</b>의 맛과 향이 깊어지고 겨울 바다에서 살이 오른 <b>방어와 해산물</b>을 맛보기 좋은 시기입니다.","February in Jeju is a great time to enjoy Hallabong, Cheonhyehyang, and fresh winter seafood like yellowtail.","2月の済州は、ハルラボンとチョンヘヒャンの味と香りが深まり、冬の海で脂がのったブリやシーフードを味わうのに良い時期です。","2月的济州岛，汉拿峰和天惠香的味道与香气更加浓郁，也是品尝冬季海里肥美黄尾鱼和海鲜的好时节。","Tháng 2 ở Jeju là thời điểm tuyệt vời để thưởng thức Hallabong, Cheonhyehyang và cá cam mùa đông.","เดือนกุมภาพันธ์ในเชจูเป็นช่วงเวลาที่ดีในการลิ้มรสชาติและกลิ่นหอมของฮัลลาบงและชอนฮเยฮยาง รวมถึงปลาหางเหลืองและอาหารทะเลสดๆ จากทะเลฤดูหนาว","Февраль на Чеджу — отличное время для ароматного халлабона, чхонхехяна, жирного желтохвоста и зимних морепродуктов.","Februari di Jeju sangat cocok untuk menikmati Hallabong, Cheonhyehyang, dan hidangan laut segar seperti yellowtail.","","","","","","","","","","","","","","","",""
"","NoticeContent -3","<b>3월 제주</b>는 <b>천혜향과 레드향</b> 같은 만감류가 무르익고 봄기운과 함께 싱싱한 <b>해산물</b>을 즐기기 좋은 시기입니다.","March in Jeju is a great time to enjoy Cheonhyehyang, Redhyang, and fresh seafood while welcoming spring.","3月の済州は、チョンヘヒャンやレッドヒャンなどの晩柑類が熟し、春の気配とともに新鮮なシーフードを楽しむのに良い時期です。","3月的济州岛，天惠香和红香等晚熟柑橘成熟，伴随着春天的气息，是享受新鲜海鲜的好时节。","Tháng 3 ở Jeju là thời điểm tuyệt vời để đón xuân cùng Cheonhyehyang, Redhyang và hải sản tươi sống.","เดือนมีนาคมในเชจูเป็นช่วงเวลาที่ดีในการเพลิดเพลินกับส้มที่สุกงอม เช่น ชอนฮเยฮยางและเรดฮยาง พร้อมกับอาหารทะเลสดๆ และบรรยากาศของฤดูใบไม้ผลิ","Март на Чеджу — отличное время насладиться чхонхехяном, редхяном и свежими весенними морепродуктами.","Maret di Jeju waktu yang tepat untuk menikmati Cheonhyehyang, Redhyang, dan aneka makanan laut segar menyambut musim semi.","","","","","","","","","","","","","","","",""
"","NoticeContent -4","<b>4월 제주</b>는 따뜻한 봄바람과 함께 향긋한 <b>봄나물</b>과 신선한 <b>해산물</b>로 제주의 봄을 맛보기 좋은 시기입니다.","April in Jeju is a great time to enjoy spring greens and fresh seafood.","4月の済州は、暖かい春風とともに香り高い春ナムルと新鮮なシーフードで済州の春を味わうのに良い時期です。","4月的济州岛，伴随着温暖的春风，是品尝芳香的春季野菜和新鲜海鲜，感受济州之春的好时节。","Tháng 4 ở Jeju là thời điểm tuyệt vời để thưởng thức rau rừng mùa xuân và hải sản tươi sống.","เดือนเมษายนในเชจูเป็นช่วงเวลาที่ดีในการลิ้มรสฤดูใบไม้ผลิของเชจูด้วยผักใบเขียวที่มีกลิ่นหอมและอาหารทะเลสดๆ พร้อมกับสายลมฤดูใบไม้ผลิที่อบอุ่น","Апрель на Чеджу — отличное время насладиться весенней зеленью и свежими морепродуктами.","April di Jeju adalah waktu yang tepat untuk menikmati sayuran musim semi dan makanan laut segar.","","","","","","","","","","","","","","","",""
"","NoticeContent -5","<b>5월 제주</b>는 향긋한 <b>햇고사리</b>와 싱싱한 <b>자리돔</b>이 제철을 맞아 제주의 <b>산과 바다</b>를 함께 즐기기 좋은 시기입니다.","May in Jeju is a great time to enjoy fresh bracken and damselfish.","5月の済州は、香り高い新ワラビと新鮮なスズメダイが旬を迎え、済州の山と海を一緒に楽しむのに良い時期です。","5月的济州岛，芳香的新鲜蕨菜和新鲜的雀鲷正值当季，是同时享受济州山海的好时节。","Tháng 5 ở Jeju là thời điểm tuyệt vời để thưởng thức dương xỉ tươi và cá thia biển.","เดือนพฤษภาคมในเชจูเป็นช่วงเวลาที่ดีในการเพลิดเพลินกับภูเขาและทะเลของเชจู เนื่องจากเฟิร์นใหม่ที่มีกลิ่นหอมและปลาสลิดหินสดกำลังอยู่ในฤดูกาล","Май на Чеджу — отличное время для свежего папоротника и рыбы-ласточки, наслаждаясь горами и морем.","Mei di Jeju sangat pas untuk menikmati pakis segar dan damselfish sambil menikmati keindahan alam Jeju.","","","","","","","","","","","","","","","",""
"","NoticeContent -6","<b>6월 제주</b>는 살이 통통하게 오른 <b>자리돔과 한치</b>가 제철을 맞고 신선한 제주 <b>해산물</b>을 맛보기 좋은 시기입니다.","June in Jeju is a great time to taste fresh Jeju seafood, with plump damselfish and squid in season.","6月の済州は、肉厚なスズメダイとヤリイカが旬を迎え、新鮮な済州のシーフードを味わうのに良い時期です。","6月的济州岛，肥美的雀鲷和鱿鱼正值当季，是品尝新鲜济州海鲜的好时节。","Tháng 6 ở Jeju là thời điểm tuyệt vời để thưởng thức cá thia biển, mực và hải sản tươi ngon.","เดือนมิถุนายนในเชจูเป็นช่วงเวลาที่ดีในการลิ้มรสอาหารทะเลสดๆ ของเชจู โดยมีปลาสลิดหินและปลาหมึกกำลังอยู่ในฤดูกาล","Июнь на Чеджу — сезон сочной рыбы-ласточки, кальмаров и свежих морепродуктов острова.","Juni di Jeju adalah waktu terbaik untuk menikmati makanan laut segar seperti damselfish dan cumi-cumi.","","","","","","","","","","","","","","","",""
"","NoticeContent -7","<b>7월 제주</b>는 쫄깃한 <b>한치</b>와 시원한 <b>자리물회</b>가 특히 맛있는 계절로 무더운 여름 제주에서 <b>바다</b>를 즐기기 좋은 시기입니다.","July in Jeju is a great time to enjoy chewy squid and refreshing damselfish soup.","7月の済州は、歯ごたえのあるヤリイカと冷たいスズメダイのムルフェが特に美味しい季節で、暑い夏の済州で海を楽しむのに良い時期です。","7月的济州岛是充满嚼劲的鱿鱼和清凉的雀鲷水拌生鱼片格外美味的季节，也是在炎热的夏天享受济州大海的好时节。","Tháng 7 ở Jeju là thời điểm tuyệt vời để thưởng thức mực tươi và súp lạnh cá thia biển.","เดือนกรกฎาคมในเชจูเป็นฤดูกาลที่ปลาหมึกหนึบหนับและซุปเย็นปลาสลิดหินอร่อยเป็นพิเศษ ทำให้เป็นช่วงเวลาที่ดีในการเพลิดเพลินกับทะเลในฤดูร้อนที่ร้อนอบอ้าวของเชจู","Июль на Чеджу — прекрасное время для кальмаров и освежающего холодного супа из рыбы-ласточки.","Juli di Jeju adalah waktu yang tepat untuk menikmati musim panas bersama cumi-cumi lezat dan sup dingin damselfish.","","","","","","","","","","","","","","","",""
"","NoticeContent -8","<b>8월 제주</b>는 <b>한치와 갈치</b> 등 여름 해산물이 풍성하고 달콤한 <b>감귤</b>까지 더해져 제주의 여름을 즐기기 좋은 시기입니다.","August in Jeju is a great time to enjoy summer seafood like squid and hairtail, along with sweet tangerines.","8月の済州は、ヤリイカやタチウオなどの夏のシーフードが豊富で、甘いみかんも加わり、済州の夏を楽しむのに良い時期です。","8月的济州岛，鱿鱼和带鱼等夏季海鲜丰富，加上甜美的柑橘，是享受济州夏日的好时节。","Tháng 8 ở Jeju là thời điểm tuyệt vời để thưởng thức hải sản mùa hè như mực, cá hố cùng quýt ngọt.","เดือนสิงหาคมในเชจูเป็นช่วงเวลาที่ดีในการเพลิดเพลินกับฤดูร้อนของเชจู ด้วยอาหารทะเลฤดูร้อนที่อุดมสมบูรณ์ เช่น ปลาหมึกและปลาหางดาบ รวมถึงส้มแมนดารินรสหวาน","Август на Чеджу — отличное время для летних морепродуктов (кальмары, рыба-сабля) и сладких мандаринов.","Agustus di Jeju adalah waktu yang tepat untuk menikmati hasil laut musim panas seperti cumi-cumi dan hairtail, serta jeruk manis.","","","","","","","","","","","","","","","",""
"","NoticeContent -9","<b>9월 제주</b>는 살이 통통하게 오른 <b>은갈치와 고등어</b>같은 가을 해산물과 상큼한 <b>황금향</b>이 맛과 향이 가장 뛰어난 제철입니다.","September in Jeju is a great time to enjoy silver hairtail, mackerel, and refreshing golden citrus.","9月の済州は、肉がふっくらと上がった銀ガルチやサバのような秋のシーフードとさわやかな黄金の香りが、味と香りが最も優れた旬です。","济州岛的九月是秋季海鲜的旺季，如银带鱼和鲭鱼，以及清爽的金黄色柑橘，此时它们的味道和香气都达到了最佳状态。","Tháng 9 ở Jeju là thời điểm tuyệt vời để thưởng thức cá hố, cá thu và quýt Hwanggeumhyang.","เดือนกันยายนในเกาะเชจูเป็นช่วงฤดูที่อาหารทะเลฤดูใบไม้ร่วง เช่น ปลาหางนกยูงและปลาแมคเคอเรล รวมถึงผลไม้ตระกูลส้มสีทองที่สดชื่น มีรสชาติและกลิ่นหอมที่สุด","Сентябрь на Чеджу — сезон серебристой рыбы-сабли, скумбрии и освежающего хвангымхяна.","September di Jeju adalah waktu terbaik untuk menikmati hairtail perak, makarel segar, dan jeruk emas.","","","","","","","","","","","","","","","",""
"","NoticeContent -10","<b>10월 제주</b>는 달콤하게 익어가는 <b>노지감귤</b>과 살이 차오른 <b>갈치</b>, 제철을 맞은 <b>방어</b> 등 제주를 대표하는 가을 특산물을 맛보기 좋은 시기입니다.","October in Jeju is a great time to enjoy sweet tangerines, hairtail, and yellowtail.","10月、済州は甘く熟す露地柑橘類と肉が冷えた渇き、季節を迎えた防御など、済州を代表する秋の特産物を味わう良い時期です。","十月是济州岛品尝济州岛代表性秋季特产的好时机，例如香甜成熟的田间柑橘、肥美的带鱼和时令黄尾鱼。","Tháng 10 ở Jeju là thời điểm tuyệt vời để thưởng thức quýt ngọt, cá hố và cá cam mùa thu.","เดือนตุลาคมในเชจูเป็นช่วงเวลาที่ดีเยี่ยมในการลิ้มลองอาหารขึ้นชื่อของเชจูในช่วงฤดูใบไม้ร่วง เช่น ส้มแมนดารินสุกหวานฉ่ำ ปลาหางยาวเนื้อแน่น และปลาหางเหลืองตามฤดูกาล","Октябрь на Чеджу — отличное время попробовать сладкие мандарины, рыбу-саблю и сезонного желтохвоста.","Oktober di Jeju sangat tepat untuk mencicipi makanan khas musim gugur seperti jeruk manis, hairtail, dan yellowtail.","","","","","","","","","","","","","","","",""
"","NoticeContent -11","<b>11월 제주</b>는 새콤달콤한 <b>노지감귤</b>이 본격적인 제철을 맞고 살이 오른 <b>방어와 갈치</b> 등 겨울 해산물을 함께 즐기기 좋은 시기입니다.","November in Jeju is a great time to enjoy sweet tangerines and fresh winter seafood like yellowtail and hairtail.","11月の済州は、甘酸っぱい露地みかんが本格的な旬を迎え、脂がのったブリやタチウオなどの冬のシーフードを一緒に楽しむのに良い時期です。","11月的济州岛，酸甜可口的露地柑橘正式迎来旺季，是同时享受肥美黄尾鱼和带鱼等冬季海鲜的好时节。","Tháng 11 ở Jeju là thời điểm tuyệt vời để thưởng thức quýt ngọt cùng cá cam và cá hố mùa đông.","เดือนพฤศจิกายนในเชจูเป็นช่วงเวลาที่ดีในการเพลิดเพลินกับส้มแมนดารินที่กำลังออกผลเต็มที่ พร้อมกับอาหารทะเลฤดูหนาว เช่น ปลาหางเหลืองและปลาหางดาบที่อวบอ้วน","Ноябрь на Чеджу — время сладких мандаринов в разгар сезона, а также желтохвоста и рыбы-сабли.","November di Jeju waktu yang tepat untuk menikmati jeruk musim panen serta hidangan laut seperti yellowtail dan hairtail.","","","","","","","","","","","","","","","",""
"","NoticeContent -12","<b>12월 제주</b>는 당도가 높아진 <b>노지감귤과 한라봉</b>이 익어가고 기름이 올라 맛있는 <b>방어와 겨울 해산물</b>을 맛보기 좋은 시기입니다.","December in Jeju is a great time to enjoy yellowtail, winter seafood, and sweet tangerines and Hallabong.","12月の済州は、糖度が高くなった露地みかんとハルラボンが熟し、脂がのって美味しいブリや冬のシーフードを味わうのに良い時期です。","12月的济州岛，糖度高的露地柑橘和汉拿峰逐渐成熟，也是品尝肥美黄尾鱼和冬季海鲜的好时节。","Tháng 12 ở Jeju là thời điểm tuyệt vời để thưởng thức quýt ngọt, Hallabong và cá cam mùa đông.","เดือนธันวาคมในเชจูเป็นช่วงเวลาที่ดีในการลิ้มรสปลาหางเหลืองและอาหารทะเลฤดูหนาวแสนอร่อย ในขณะที่ส้มแมนดารินและฮัลลาบงสุกงอมและมีความหวานสูง","Декабрь на Чеджу — отличное время для сладких мандаринов, халлабона, вкусного желтохвоста и зимних морепродуктов.","Desember di Jeju sangat cocok untuk menikmati jeruk manis, Hallabong, serta yellowtail dan hidangan laut musim dingin.","","","","","","","","","","","","","","","",""
"","FlightSchedule","항공편 안내","Flight Info","フライトガイド","航班信息","Thông tin chuyến bay","ข้อมูลเที่ยวบิน","Информация о рейсах","Informasi Penerbangan","제주공항에 적용","","","","","","","","","","","","","","",""
"","CruiseSchedule","운항 정보","Operation Info","運行情報","运营信息","Thông tin vận hành","ข้อมูลการดำเนินงาน","Информация об операции","Informasi Operasional","여객선터미널에 적용","","","","","","","","","","","","","","",""
"","Schedule_More_Flight","항공편 정보 더보기","More flight information","運航情報をもっと見る","查看更多航班信息","Xem thêm thông tin chuyến bay","ดูข้อมูลเที่ยวบินเพิ่มเติม","Больше информации о рейсах","Lihat lebih banyak informasi penerbangan","","","","","","","","","","","","","","","",""
"","Schedule_More_Cruise","운항 정보 더보기","More Operation information","運行情報の詳細","更多运营信息","Thêm thông tin vận hành","ข้อมูลการดำเนินงานเพิ่มเติม","Дополнительная информация об операции","Lihat informasi penerbangan selengkapnya","","","","","","","","","","","","","","","",""
"","BarrierFree_Title","지금은 배리어프리 모드입니다.","Currently in Barrier-Free Mode.","現在はバリアフリーモードです。","现在是无障碍模式。","Hiện tại là chế độ không rào cản.","ขณะนี้อยู่ในโหมดไร้อุปสรรค","В настоящее время используется безбарьерный режим.","Saat ini dalam mode bebas hambatan.","","","","","","","","","","","","","","","",""
"","Language_Select_Language","언어선택","Select Language","言語選択","选择语言","Chọn ngôn ngữ","เลือกภาษา","Выберите язык","Pilih Bahasa","","아이콘03","","","","","","","","","","","","","",""
"","Language_Content","* 원하는 언어를 선택해 주세요.","* Service is available in 4 languages. Please select a language.","* 4ヶ国語に対応しています。言語を選択してください。","* 提供4种语言服务。请选择语言。","* Vui lòng chọn ngôn ngữ.","* มีให้บริการ 8 ภาษา โปรดเลือกภาษาที่ต้องการ","* Услуга доступна на 4 языках. Пожалуйста, выберите язык.","* Silakan pilih bahasa.","","아이콘03","","","","","","","","","","","","","",""
"","Language_Now_Language","현재 언어","> Now Language","> Now Language","> Now Language","Ngôn ngữ hiện tại","ภาษาปัจจุบัน","> Текущий язык","Bahasa Saat Ini","","아이콘03","","","","","","","","","","","","","",""
"","Language_Target_Language","변경 언어","> Change Language","> Change Language","> Change Language","Đổi ngôn ngữ","เปลี่ยนภาษา","> Изменить язык","Ubah Bahasa","","아이콘03","","","","","","","","","","","","","",""
"","Main_Search","제주도에 대해 검색해보세요!","Search for information about Jeju Island!","済州島を検索してみてください！","搜索有关济州岛的信息！","Tìm kiếm thông tin về đảo Jeju!","ค้นหาข้อมูลเกี่ยวกับเกาะเชจู!","Ищете информацию об острове Чеджу?","Cari informasi tentang Pulau Jeju!","","","","","","","","","","","","","","","",""
"","MainButton_AI"," '제주' 뭐하지","To do (AI)"," 「済州」","济州玩什么","Chơi gì ở Jeju?","เที่ยวเชจูยังไง","Чем заняться","Jelajahi Jeju","","아이콘04","","","","","","","","","","","","","",""
"","MainButton_AI_Subtext","AI 검색하기","AI Search","AI検索","AI搜索","Tìm kiếm AI","ค้นหาด้วย AI","AI Поиск","Pencarian AI","","","","","","","","","","","","","","","",""
"","MainButton_Goods","위드 마켓 ","WITH Market","WITH Market","WITH Market","Chợ WITH","ตลาด WITH","Рынок WITH","Pasar WITH","","아이콘15","","","","","","","","","","","","","",""
"","MainButton_Goods_Subtext","굿즈 만들기","Make Goods","グッズ作り","制作周边","Làm đồ lưu niệm","ทำสินค้าที่ระลึก","Сувениры","Buat Suvenir","","","","","","","","","","","","","","","",""
"","MainButton_Event","제주도 이벤트","Jeju Events","済州島イベント","济州岛活动","Sự kiện Jeju","กิจกรรมเชจู","События","Acara Jeju","","아이콘06","","","","","","","","","","","","","",""
"","MainButton_Event_Subtext","제주행사","What's on","済州イベント","济州活动","Sự kiện Jeju","กิจกรรมเชจู","Афиша Чеджу","Acara Jeju","","","","","","","","","","","","","","","",""
"","MainButton_ToEat"," '제주'뭐먹지","To eat"," 「済州」を食べる","济州岛美食推荐","Nên ăn gì ở Jeju?","ควรทานอะไรดีในเกาะเชจู","Что поесть на Чеджу","Makan apa di Jeju?","","아이콘07","","","","","","","","","","","","","",""
"","MainButton_ToEat_Subtext","맛집 추천","Restaurant Recommendations","おすすめのレストラン","推荐餐厅","Đề xuất nhà hàng","ร้านอาหารแนะนำ","Рекомендуемые рестораны","Rekomendasi Restoran","","","","","","","","","","","","","","","",""
"","MainButton_ToBuy"," '제주'뭐사지","To buy"," 「済州」何か","济州岛应该买些什么？","Tôi nên mua gì ở Jeju?","ฉันควรซื้ออะไรที่เกาะเชจูดี?","Что купить на Чеджу?","Beli apa di Jeju?","","아이콘08","","","","","","","","","","","","","",""
"","MainButton_ToBuy_SubText","쇼핑 추천","Shopping Recommendations","おすすめのショッピング","推荐购物","Đề xuất mua sắm","แหล่งช้อปปิ้งแนะนำ","Рекомендуемые магазины","Rekomendasi Belanja","","","","","","","","","","","","","","","",""
"","MainButton_Accommodation","숙박안내","Accommodation","宿泊情報","住宿信息","Lưu trú","ข้อมูลที่พัก","Проживание","Akomodasi","","아이콘09","","","","","","","","","","","","","",""
"","MainButton_Accommodation_Subtext","제주 숙소 모음","Jeju Accommodation Collection","済州の宿泊施設まとめ","济州岛住宿汇总","Bộ sưu tập chỗ ở Jeju","รวมที่พักในเชจู","Подборка жилья на Чеджу","Koleksi Akomodasi Jeju","","","","","","","","","","","","","","","",""
"","MainButton_TaxFree","TAX-FREE","TAX-FREE","TAX-FREE","TAX-FREE","TAX-FREE","TAX-FREE","TAX-FREE","TAX-FREE","","아이콘10","","","","","","","","","","","","","",""
"","MainButton_TaxFree_Subtext","면세 혜택","Duty-Free Benefits","免税特典","免税优惠","Ưu đãi miễn thuế","สิทธิประโยชน์ปลอดภาษี","Беспошлинные льготы","Manfaat Bebas Pajak","","","","","","","","","","","","","","","",""
"","MainButton_Here","여기는 제주도","This is Jeju Island","ここは済州島","这里是济州岛","Đây là đảo Jeju","ที่นี่คือเกาะเชจู","Это остров Чеджу","Ini adalah Pulau Jeju","","아이콘11","","","","","","","","","","","","","",""
"","MainButton_Here_Subtext","관광지 추천","Tourist Attraction Recommendations","おすすめの観光地","推荐旅游景点","Đề xuất điểm du lịch","สถานที่ท่องเที่ยวแนะนำ","Популярные места","Rekomendasi Tempat Wisata","","","","","","","","","","","","","","","",""
"","MainButton_Greeting","안녕 '귤이'","Hello 'Gyuli'","こんにちは 'Gyuli'","你好 'Gyuli'","Chào 'Gyuli'","สวัสดี 'Gyuli'","Привет, 'Gyuli'","Halo 'Gyuli'","제주공항, 여객선터미널에 적용","아이콘12","","","","","","","","","","","","","",""
"","MainButton_Greeting_Subtext","귤이 소개","Introduction to Gyuli","Gyuliの紹介","Gyuli介绍","Giới thiệu về Gyuli","แนะนำ Gyuli","Знакомство с Gyuli","Pengenalan Gyuli","","","","","","","","","","","","","","","",""
"","MainButton_Greeting","안녕 '유산'","Hello 'Yusan'","こんにちは 'Yusan'","你好 'Yusan'","Chào 'Yusan'","สวัสดี 'Yusan'","Привет, 'Yusan'","Halo 'Yusan'","제주유산문화센터에 적용","아이콘13","","","","","","","","","","","","","",""
"","MainButton_Greeting_Subtext","유산 소개","Introduction to YUSAN","YUSANの紹介","YUSAN介绍","Giới thiệu về YUSAN","แนะนำ YUSAN","Знакомство с YUSAN","Pengenalan YUSAN","","","","","","","","","","","","","","","",""
"","MainButton_ToHelp","도와줘 '귤이'","Help 'Gyuli'","ヘルプとサービスです","请帮忙","Giúp với 'Gyuli'","ช่วยด้วย 'Gyuli'","Помощь","Tolong 'Gyuli'","제주공항, 여객선터미널에 적용","","","","","","","","","","","","","","",""
"","MainButton_ToHelp_Subtext","편의시설 안내","Facility Information","施設案内","设施指南","Thông tin cơ sở vật chất","ข้อมูลสิ่งอำนวยความสะดวก","Информация об удобствах","Informasi Fasilitas","","","","","","","","","","","","","","","",""
"","MainButton_ToHelp","도와줘 '유산'","Help 'Yusan'","ヘルプとサービスです","请帮忙","Giúp với 'Yusan'","ช่วยด้วย 'Yusan'","Помощь","Tolong 'Yusan'","제주유산문화센터에 적용","","","","","","","","","","","","","","",""
"","MainButton_ToHelp_Subtext","편의시설 안내","Facility Information","施設案内","设施指南","Thông tin cơ sở vật chất","ข้อมูลสิ่งอำนวยความสะดวก","Информация об удобствах","Informasi Fasilitas","","","","","","","","","","","","","","","",""
"","MainButton_RentCar","렌트카","Rental car","レンタカー","租车","xe thuê","รถเช่า","арендованный автомобиль","mobil sewaan","제주공항에 적용","아이콘14","","","","","","","","","","","","","",""
"","MainButton_RentCar_Subtext","간편 예약","Easy Reservation","簡単予約","简便预约","Đặt chỗ dễ dàng","จองง่าย","Простое бронирование","Reservasi Mudah","","","","","","","","","","","","","","","",""
"","MainButton_Airplane_Schedule","운항정보","Flight Information","運航情報","航班信息","Thông tin chuyến bay","ข้อมูลเที่ยวบิน","Информация о рейсах","Informasi Penerbangan","제주공항에 적용","","","","","","","","","","","","","","",""
"","MainButton_Cruise","운항정보","Vessel operation information","運航情報","船舶运营信息","Thông tin hoạt động của tàu","ข้อมูลการเดินเรือ","Расписание судов","Informasi operasi kapal","유산문화센터, 여객선터미널에 적용","","","","","","","","","","","","","","",""
"","MainButton_Cruise_Subtext","입・출항 정보","Operation information","運航情報","运营信息","Thông tin hoạt động","ข้อมูลการทำงานแบบ","Информация о работе","Informasi operasi","","","","","","","","","","","","","","","",""
"","MainButton_Exchange","환율","Exchange","為替レート情報","汇率信息","Tỷ giá","อัตราแลกเปลี่ยน","Обмен валют","Kurs","","","","","","","","","","","","","","","",""
"","MainButton_Exchange_Subtext","환율 계산기","Exchange Rate Calculator","為替レート計算機","汇率计算器","Máy tính tỷ giá","เครื่องคำนวณอัตราแลกเปลี่ยน","Калькулятор обменного курса","Kalkulator Nilai Tukar","","","","","","","","","","","","","","","",""
"","MainButton_Donation","기부","Donation","寄付","捐款","Quyên góp","บริจาค","Пожертвование","Donasi","","아이콘15","","","","","","","","","","","","","",""
"","MainButton_Donation_Subtext","교복 기부","School Uniform Donation","制服の寄付","校服捐赠","Quyên góp đồng phục học sinh","บริจาคชุดนักเรียน","Пожертвование школьной формы","Donasi Seragam Sekolah","","","","","","","","","","","","","","","",""
"","MainButton_LocalCurrency","지역화폐","Local currency","地域通貨","当地货币","tiền tệ địa phương","สกุลเงินท้องถิ่น","местная валюта","mata uang lokal","","아이콘17","","","","","","","","","","","","","",""
"","MainButton_LocalCurrency_Subtext","탐나는전","Tamnaneunjeon","タムナヌンジョン","Tamnaneunjeon","Tamnaneunjeon","Tamnaneunjeon","Tamnaneunjeon","Tamnaneunjeon","","","","","","","","","","","","","","","",""
"","MainButton_Promotion","PROMOTION(준비중)","PROMOTION (Coming Soon)","PROMOTION（準備中）","促销活动（即将推出）","CHƯƠNG TRÌNH KHUYẾN MÃI (Sắp ra mắt)","โปรโมชั่น (เร็วๆ นี้)","АКЦИЯ (Скоро будет доступна)","PROMOSI (Segera Hadir)","","아이콘19","","","","","","","","","","","","","",""
"","MainButton_WC","화장실","Toilet","トイレ","廁所","Nhà vệ sinh","ห้องน้ำ","Туалет","Toilet","","아이콘21","","","","","","","","","","","","","",""
"","MainButton_Hanbok","한복설명","Hanbok","韓服","韩服","Thông tin Hanbok","ข้อมูลฮันบก","Ханбок","Info Hanbok","","","","","","","","","","","","","","","",""
"","MainButton_Tamnao","탐나오·제주큐랑","Tamnao · Jeju Qurang","タムナオ・済州キュラン","塔姆瑙·济州岛古兰","Tamnao · Jeju Qurang","Tamnao · Jeju Qurang","Тамнао · Чеджу Куранг","Tamnao · Jeju Qurang","","","","","","","","","","","","","","","",""
"","MainButton_Tamnao_Subtext","제주공공플랫폼","Jeju Public Platform","済州公共プラットフォーム","济州公共平台","Nền tảng công cộng Jeju","แพลตฟอร์มสาธารณะเชจู","Публичная платформа Чеджу","Platform Publik Jeju","","","","","","","","","","","","","","","",""
"","Search_Result_Title","검색","Search","検索","搜索","Tìm kiếm","ค้นหา","Поиск","Pencarian","","","","","","","","","","","","","","","",""
"","Search_Result_Subtitle","* 검색결과를 클릭하시면 상세정보(길찾기)를 보실 수 있어요.","* Click a search result to see more details","* 検索結果をクリックして、詳細とルート案内をご覧ください。","* 点击搜索结果，查看详情与路线导航。","Nhấn vào kết quả để xem chi tiết (chỉ đường).","คลิกที่ผลการค้นหาเพื่อดูรายละเอียด (การนำทาง) ค่ะ","Нажмите результат — детали и маршрут.","Klik hasil pencarian untuk info detail (petunjuk arah).","","","","","","","","","","","","","","","",""
"","OP_Schedule_Title","운항정보","Operation Info","運航情報","运营信息","Thông tin hoạt động","ข้อมูลการดำเนินงาน","Информация о работе","Informasi Operasi","","","","","","","","","","","","","","","",""
"","OP_Schedule_Subtitle","실시간 운항정보입니다.","This is real-time operation information.","リアルタイムの運航情報です。","这是实时运营信息。","Đây là thông tin hoạt động thời gian thực.","นี่คือข้อมูลการทำงานแบบเรียลไทม์","Это информация о работе в режиме реального времени.","Ini adalah informasi operasi waktu nyata.","","","","","","","","","","","","","","","",""
"","OP_Schedule_Tab_1","출발","Departure","出発","出发","Khởi hành","ขาออก","Отправление","Keberangkatan","","","","","","","","","","","","","","","",""
"","OP_Schedule_Tab_2","도착","Arrival","到着","到达","Đến nơi","ขาเข้า","Прибытие","Kedatangan","","","","","","","","","","","","","","","",""
"","OP_Schedule_Search_placeholder","편명을 검색해보세요","Search for the flight number","便名を検索してください。","请搜索航班号。","Vui lòng tìm kiếm số hiệu chuyến bay.","โปรดค้นหาหมายเลขเที่ยวบิน","Пожалуйста, введите номер рейса.","Silakan cari nomor penerbangan.","","","","","","","","","","","","","","","",""
"","OP_Schedule_Result","표시할 운항 정보가 없습니다.","No flight information to display.","表示する運航情報がありません。","没有可显示的航班信息。","Không có thông tin chuyến bay nào để hiển thị.","ไม่มีข้อมูลเที่ยวบินที่จะแสดง","Нет информации о рейсе для отображения.","Tidak ada informasi penerbangan untuk ditampilkan.","","","","","","","","","","","","","","","",""
"","OP_Schedule_Loading","운항 정보를 불러오는 중입니다.","Loading flight information...","運航情報を読み込んでいます。","正在加载航班信息...","Đang tải thông tin chuyến bay...","กำลังโหลดข้อมูลเที่ยวบิน...","Загрузка информации о рейсе...","Sedang memuat informasi penerbangan...","","","","","","","","","","","","","","","",""
"","OP_Schedule_Search_Result","해당 편명을 찾을 수 없습니다.","Flight number not found.","該当する便名が見つかりません。","找不到该航班号。","Không tìm thấy số hiệu chuyến bay.","ไม่พบหมายเลขเที่ยวบินดังกล่าว","Номер рейса не найден.","Nomor penerbangan tidak ditemukan.","","","","","","","","","","","","","","","",""
"","OP_Schedule_Info_col1","출발시각","Depart. Time","出発時刻","出发时间","Giờ khởi hành","เวลาออกเดินทาง","Время отправления","Waktu Keberangkatan","","","","","","","","","","","","","","","",""
"","OP_Schedule_Info_col2","항공사/편명","Airline/Flight No.","航空会社/便名","航空公司/航班号","Hãng hàng không/Số chuyến bay","สายการบิน/เที่ยวบิน","Авиакомпания/Номер рейса","Maskapai/No. Penerbangan","","","","","","","","","","","","","","","",""
"","OP_Schedule_Info_col3","목적지","Destination","目的地","目的地","Điểm đến","จุดหมายปลายทาง","Пункт назначения","Tujuan","","","","","","","","","","","","","","","",""
"","OP_Schedule_Info_col4","구분","Category","区分","类别","Phân loại","หมวดหมู่","Категория","Kategori","","","","","","","","","","","","","","","",""
"","OP_Schedule_Info_col5","탑승구","Gate","搭乗口","登机口","Cổng","ประตูขึ้นเครื่อง","Выход на посадку","Gerbang","","","","","","","","","","","","","","","",""
"","OP_Schedule_Info_col6","현황","Status","状況","状态","Trạng thái","สถานะ","Статус","Status","","","","","","","","","","","","","","","",""
"","OP_Schedule_Info_col7","수하물 수취대","Baggage","手荷物","行李","Hành lý","สัมภาระ","багажа","Bagasi","","","","","","","","","","","","","","","",""
"","OP_Schedule_Info_col8","소요시간","Duration","所要時間","所需时间","Thời gian","ระยะเวลา","Продолжительность","Durasi","","","","","","","","","","","","","","","",""
"","OP_Schedule_Info_col9","선박명","Please select a course","コースを選択してください","请选择路线","Vui lòng chọn khóa học","กรุณาเลือกหลักสูตร","Пожалуйста, выберите курс","Silakan pilih kursus","","","","","","","","","","","","","","","",""
"","OP_Schedule_Info_col10","항로","Route","航路","航线","Tuyến đường","เส้นทาง","Маршрут","Rute","","","","","","","","","","","","","","","",""
"","OP_Schedule_Info_col11","출발장소","Depart. Place","出発場所","出发地","Nơi khởi hành","สถานที่ออกเดินทาง","Место отправления","Tempat Keberangkatan","","","","","","","","","","","","","","","",""
"","OP_Schedule_Info_col12","도착시각","Arrival Time","到着時刻","到达时间","Giờ đến","เวลามาถึง","Время прибытия","Waktu Kedatangan","","","","","","","","","","","","","","","",""
"","OP_Schedule_Info_col13","도착장소","Arrival Place","到着場所","到达地","Nơi đến","สถานที่มาถึง","Место прибытия","Tempat Kedatangan","","","","","","","","","","","","","","","",""
"","Jeju_Todo_Title","제주' 뭐하지","What to do in Jeju","済州で何する","在济州岛做什么","Làm gì ở Jeju","ทำอะไรในเชจู","Чем заняться на Чеджу","Apa yang harus dilakukan di Jeju","","","","","","","","","","","","","","","",""
"","Jeju_Todo_Subtitle1","코스를 선택해 주세요","Please select a course","コースを選択してください","请选择路线","Vui lòng chọn khóa học","กรุณาเลือกหลักสูตร","Пожалуйста, выберите курс","Silakan pilih kursus","","","","","","","","","","","","","","","",""
"","Jeju_Todo_Subtitle1-1","모든 추천코스는 제주 공항을 기준으로 제작되었습니다.","All recommended courses are based on Jeju Airport.","すべての推奨コースは済州空港を基準に作成されました。","所有推荐路线均以济州机场为基准制作。","Tất cả các khóa học được đề xuất đều dựa trên Sân bay Jeju.","หลักสูตรที่แนะนำทั้งหมดจัดทำขึ้นโดยอิงจากสนามบินเชจู","Все рекомендуемые курсы составлены на основе аэропорта Чеджу.","Semua kursus yang direkomendasikan didasarkan pada Bandara Jeju.","제주공항에 적용","","","","","","","","","","","","","","",""
"","Jeju_Todo_Subtitle1-2","모든 추천코스는 제주항 여객터미널을 기준으로 제작되었습니다.","All recommended courses are based on Jeju Port Passenger Terminal.","すべての推奨コースは済州港旅客ターミナルを基準に作成されました。","所有推荐路线均以济州港客运站为基准制作。","Tất cả các khóa học được đề xuất đều dựa trên Nhà ga Hành khách Cảng Jeju.","หลักสูตรที่แนะนำทั้งหมดจัดทำขึ้นโดยอิงจากท่าเรือโดยสารเชจู","Все рекомендуемые курсы составлены на основе пассажирского терминала порта Чеджу.","Semua kursus yang direkomendasikan didasarkan pada Terminal Penumpang Pelabuhan Jeju.","유산문화센터, 여객선터미널에 적용","","","","","","","","","","","","","","",""
"","Jeju_Todo_Subtitle1-3","부터 21:00까지 이용 가능한 코스를 추천해드립니다.","We recommend courses available until 21:00.","から21:00まで利用可能なコースをおすすめします。","为您推荐至21:00可用的路线。","Gợi ý các khóa học khả dụng đến 21:00.","แนะนำหลักสูตรที่สามารถใช้ได้จนถึง 21:00 น.","Рекомендуем курсы, доступные до 21:00.","Kami merekomendasikan kursus yang tersedia hingga pukul 21:00.","","","","","","","","","","","","","","","",""
"","My_Course_title","나만의 코스","My own course","自分だけのコース","专属路线","Khóa học của riêng tôi","หลักสูตรของฉันเอง","Мой собственный курс","Kursus saya sendiri","","","","","","","","","","","","","","","",""
"","My_Course_desc1","원하는 대로 골라 만드는","Pick and choose as you like","思いのままに選んで作る","随心所欲挑选制作","Chọn và tạo theo ý muốn","เลือกและสร้างตามที่คุณต้องการ","Выбирайте и создавайте по своему желанию","Pilih dan buat sesuka Anda","","","","","","","","","","","","","","","",""
"","My_Course_desc2","취향·동행·일정까지 원하는\n내가 원하는 여행 코스를 만들어 보세요.","Create your own travel course according to your tastes, companions, and schedule.","好み・同行者・日程まで希望通り
自分だけの旅行コースを作ってみてください。","根据您的喜好、同行者和日程
制定您专属的旅行路线。","Tạo khóa học du lịch của riêng bạn
tùy theo sở thích, bạn đồng hành và lịch trình của bạn.","สร้างหลักสูตรการเดินทางของคุณเอง
ตามรสนิยม ผู้ร่วมเดินทาง และตารางเวลาของคุณ","Создайте свой собственный туристический курс
в соответствии с вашими вкусами, попутчиками и расписанием.","Buat kursus perjalanan Anda sendiri
sesuai dengan selera, teman perjalanan, dan jadwal Anda.","","","","","","","","","","","","","","","",""
"","Recommended_Course_title","추천코스","Recommended Course","おすすめコース","推荐路线","Khóa học được đề xuất","หลักสูตรที่แนะนำ","Рекомендуемый курс","Kursus yang direkomendasikan","","","","","","","","","","","","","","","",""
"","Recommended_Course_1_subtitle","자연과 유산을 따라 걷는","Walking Nature & Heritage","自然と遺産を巡る","漫步自然与遗产","Dạo bước cùng thiên nhiên & di sản","ลัดเลาะธรรมชาติและมรดก","Прогулка по природе и наследию","Menyusuri Alam & Warisan","","","","","","","","","","","","","","","",""
"","Recommended_Course_1_title","자연·유산 탐방 코스","Nature & Heritage Course","自然・遺産探訪コース","自然·遗产探访路线","Tuyến Khám phá Thiên nhiên & Di sản","เส้นทางสำรวจธรรมชาติและมรดก","Маршрут: природа и наследие","Rute Jelajah Alam & Warisan","","","","","","","","","","","","","","","",""
"","Recommended_Course_2_subtitle","미식과 감성을 즐기는","Savoring Food & Vibes","グルメと雰囲気を満喫","畅享美食与氛围","Tận hưởng ẩm thực & không gian chill","ดื่มด่ำรสชาติและบรรยากาศ","Наслаждаясь едой и атмосферой","Menikmati Kuliner & Suasana","","","","","","","","","","","","","","","",""
"","Recommended_Course_2_title","맛집·감성 코스","Gourmet & Vibe Course","グルメ・感性コース","美食·感性路线","Tuyến Ẩm thực & Cảm xúc","เส้นทางอาหารและบรรยากาศ","Маршрут: гастрономия и атмосфера","Rute Kuliner & Suasana","","","","","","","","","","","","","","","",""
"","Recommended_Course_3_subtitle","지역의 매력을 발견하는","Discovering Local Charm","地域の魅力を発見","发现当地魅力","Khám phá nét đẹp bản địa","ค้นพบเสน่ห์ท้องถิ่น","Открывая местный колорит","Menemukan Pesona Lokal","","","","","","","","","","","","","","","",""
"","Recommended_Course_3_title","쇼핑·로컬 체험 코스","Shopping & Local Experience Course","ショッピング・ローカル体験コース","购物·当地体验路线","Tuyến Mua sắm & Trải nghiệm Bản địa","เส้นทางช้อปปิ้งและสัมผัสวิถีท้องถิ่น","Маршрут: шопинг и местный колорит","Rute Belanja & Pengalaman Lokal","","","","","","","","","","","","","","","",""
"","Recommended_Course_4_subtitle","아이와 함께 즐기는","Fun with Kids","子どもと一緒に楽しむ","亲子同乐","Vui chơi cùng trẻ nhỏ","เพลิดเพลินกับเด็กๆ","Семейный отдых с детьми","Menikmati Bersama Anak","","","","","","","","","","","","","","","",""
"","Recommended_Course_4_title","가족·체험 코스","Family & Experience Course","家族・体験コース","家庭·体验路线","Tuyến Gia đình & Trải nghiệm","เส้นทางครอบครัวและประสบการณ์","Маршрут: семья и впечатления","Rute Keluarga & Pengalaman","","","","","","","","","","","","","","","",""
"","Jeju_Todo_Subtitle2","* 각 카테고리를 선택해 주세요","* Please select each category","* 各カテゴリーを選択してください","* 请选择各个类别","* Vui lòng chọn từng danh mục","* โปรดเลือกแต่ละหมวดหมู่","* Пожалуйста, выберите каждую категорию","* Silakan pilih setiap kategori","","","","","","","","","","","","","","","",""
"","Region_1","제주시 · 애월","Jeju-si · Aewol","済州市・涯月","济州市 · 涯月","Thành phố Jeju · Aewol","เชจู · แอวอล","Чеджу · Эволь","Kota Jeju · Aewol","","","","","","","","","","","","","","","",""
"","Region_2","동부 · 성산","East · Seongsan","東部・城山","东部 · 城山","Phía Đông · Seongsan","ตะวันออก · ซองซาน","Восток · Сонсан","Timur · Seongsan","","","","","","","","","","","","","","","",""
"","Region_3","서부 · 한림","West · Hallim","西部・翰林","西部 · 翰林","Phía Tây · Hallim","ตะวันตก · ฮัลลิม","Запад · Халлим","Barat · Hallim","","","","","","","","","","","","","","","",""
"","Region_4","서귀포 · 중문","Seogwipo · Jungmun","西帰浦・中文","西归浦 · 中文","Seogwipo · Jungmun","ซอกวีโพ · ชุงมุน","Согвипхо · Чунмун","Seogwipo · Jungmun","","","","","","","","","","","","","","","",""
"","Region_guide","지역은 최대 2개까지 선택 가능합니다.","You can select up to 2 regions.","地域は最大2つまで選択可能です。","最多可选择2个地区。","Có thể chọn tối đa 2 khu vực.","สามารถเลือกได้สูงสุด 2 พื้นที่","Можно выбрать максимум 2 региона.","Dapat memilih maksimal 2 wilayah.","","","","","","","","","","","","","","","",""
"","Visitor_Title","방문 인원","Number of Visitors","訪問人数","访问人数","Số lượng khách","จำนวนผู้เยี่ยมชม","Количество посетителей","Jumlah Pengunjung","","","","","","","","","","","","","","","",""
"","Visitor_1","1명","1 person","1人","1人","1 người","1 คน","1 гость","1 orang","","아이콘04","","","","","","","","","","","","","",""
"","Visitor_2","2명","2 people","2人","2人","2 người","2 คน","2 гостя","2 orang","","아이콘04","","","","","","","","","","","","","",""
"","Visitor_3","3명","3 people","3人","3人","3 người","3 คน","3 гостя","3 orang","","아이콘04","","","","","","","","","","","","","",""
"","Visitor_4","4명","4 people","4人","4人","4 người","4 คน","4 гостя","4 orang","","아이콘04","","","","","","","","","","","","","",""
"","Visitor_5","5~9명","5~9 pax","5~9人","5~9人","5~9 người","5~9 คน","5~9 чел.","5~9 orang","","아이콘04","","","","","","","","","","","","","",""
"","Visitor_6","10명~","10+ pax","10人~","10人~","10 người~","10 คน~","10+ чел.","10 orang~","","아이콘04","","","","","","","","","","","","","",""
"","StayTime_Title","체류 기간","Duration of Stay","滞在期間","停留时间","Thời gian lưu trú","ระยะเวลาการเข้าพัก","Продолжительность пребывания","Lama Menginap","","","","","","","","","","","","","","","",""
"","StayTime_1","당일치기","Day trip","日帰り","一日游","Đi trong ngày","ไปเช้าเย็นกลับ","1 день","Sehari","","아이콘04","","","","","","","","","","","","","",""
"","StayTime_2","1박 2일","1 night 2 days","1泊2日","1晚2天","1 đêm 2 ngày","1 คืน 2 วัน","1 ночь 2 дня","1 malam 2 hari","","아이콘04","","","","","","","","","","","","","",""
"","StayTime_3","2박 3일","2 night 3 days","2泊3日","2晚3天","2 đêm 3 ngày","2 คืน 3 วัน","2 ночи 3 дня","2 malam 3 hari","","아이콘04","","","","","","","","","","","","","",""
"","StayTime_4","3박 4일","3 night 4 days","3泊4日","3晚4天","3 đêm 4 ngày","3 คืน 4 วัน","3 ночи 4 дня","3 malam 4 hari","","아이콘04","","","","","","","","","","","","","",""
"","Transportation_Title","이동수단","Transportation","移動手段","交通工具","Phương tiện di chuyển","การคมนาคม","Транспорт","Transportasi","","","","","","","","","","","","","","","",""
"","Transportation_1","도보","Day 1","1日目","第一天","Ngày 1","วันที่ 1","День 1","Hari ke-1","","","","","","","","","","","","","","","",""
"","Transportation_2","자전거","Day 1","1日目","第一天","Ngày 1","วันที่ 1","День 1","Hari ke-1","","","","","","","","","","","","","","","",""
"","Transportation_3","대중교통","Day 2","2日目","第二天","Ngày 2","วันที่ 2","День 2","Hari ke-2","","","","","","","","","","","","","","","",""
"","Transportation_4","자동차","Day 3","3日目","第三天","Ngày 3","วันที่ 3","День 3","Hari ke-3","","","","","","","","","","","","","","","",""
"","Things_to_enjoy","즐길 거리","Day 4","4日目","第四天","Ngày 4","วันที่ 4","День 4","Hari ke-4","","","","","","","","","","","","","","","",""
"","1st_day","1일차","Day 1","1日目","第1天","Ngày 1","วันที่ 1","День 1","Hari 1","","","","","","","","","","","","","","","",""
"","2nd_day","2일차","Day 2","2日目","第2天","Ngày 2","วันที่ 2","День 2","Hari 2","","","","","","","","","","","","","","","",""
"","3rd_day","3일차","Day 3","3日目","第3天","Ngày 3","วันที่ 3","День 3","Hari 3","","","","","","","","","","","","","","","",""
"","4th_day","4일차","Day 4","4日目","第4天","Ngày 4","วันที่ 4","День 4","Hari 4","","","","","","","","","","","","","","","",""
"","ShowDetailShop","업체 정보를 클릭하시면 상세 정보가 나와요","Click the store for details.","店舗情報をクリックすると詳細情報が表示されます。","点击商户信息即可查看详细信息。","Nhấn vào thông tin đơn vị để xem chi tiết","คลิกที่ข้อมูลร้านค้าเพื่อดูรายละเอียด","Нажмите на магазин для подробностей.","Klik info toko untuk lihat detailnya","","아이콘04","","","","","","","","","","","","","",""
"","SubmitButton","코스 추천받기","Get course recommendations","コースの推薦を受ける","获取路线推荐","Nhận đề xuất khóa học","รับคำแนะนำหลักสูตร","Получить рекомендации по курсу","Dapatkan rekomendasi kursus","","","","","","","","","","","","","","","",""
"","TotalStayTime","총 소요시간","Total time","総時間","总时间","Tổng thời gian","เวลารวมทั้งหมด","Общее время","Total waktu yang","","","","","","","","","","","","","","","",""
"","TotalTravelTime","이동시간","Travel Time","移動時間","旅行时间","Thời gian di chuyển","เวลาเดินทาง","Время в пути","Waktu Perjalanan","","","","","","","","","","","","","","","",""
"","dayLapsed","일차","First","一次","第一的","Đầu tiên","อันดับแรก","Первый","Pertama","","","","","","","","","","","","","","","",""
"","blogReview","블로그 리뷰","Blog Review","ブログレビュー","博客评论","Đánh giá trên blog","รีวิวบล็อก","Обзор блога","Ulasan Blog","","","","","","","","","","","","","","","",""
"","Distance","이동거리","Business Hours","営業時間","营业时间","Giờ làm việc","เวลาทำการ","Часы работы","Jam Operasional","","","","","","","","","","","","","","","",""
"","Minute","분","Time spent","滞在時間","停留时间","Thời gian lưu trú","เวลาที่ใช้","Время пребывания","Waktu yang dihabiskan","","","","","","","","","","","","","","","",""
"","Difficulty","난이도","Difficulty","難易度","难度","Độ khó","ความยาก","Сложность","Tingkat Kesulitan","","","","","","","","","","","","","","","",""
"","Difficulty_easy","쉬움","Easy","簡単","简单","Dễ","ง่าย","Легкий","Mudah","","","","","","","","","","","","","","","",""
"","Difficulty_normal","중간","Medium","普通","中等","Trung bình","ปานกลาง","Средний","Sedang","","","","","","","","","","","","","","","",""
"","Difficulty_hard","어려움","Hard","難しい","困难","Khó","ยาก","Сложный","Sulit","","","","","","","","","","","","","","","",""
"","Open&closeTime","영업 시간","Business Hours","営業時間","营业时间","Giờ mở cửa","เวลาทำการ","Часы работы","Jam Operasional","","","","","","","","","","","","","","","",""
"","TimeToAdjourn","머무는 시간","Time spent","滞在時間","停留时间","Thời gian lưu trú","เวลาที่ใช้","Время пребывания","Waktu yang dihabiskan","","","","","","","","","","","","","","","",""
"","Check_on_mobile","모바일에서 확인하기","Check on mobile","モバイルで確認する","在手机上查看","Kiểm tra trên thiết bị di động","ตรวจสอบบนมือถือ","Проверить на мобильном","Periksa di ponsel","","","","","","","","","","","","","","","",""
"","Here_IsJeju","* 바람과 낭만이 머무는 곳, 제주입니다.","* Jeju, a place where wind and romance linger.","* 風とロマンがとどまる場所、済州です。","* 济州，风与浪漫驻足的地方。","* Jeju, nơi gió và sự lãng mạn đọng lại.","* เชจู สถานที่ที่สายลมและความโรแมนติกยังคงอยู่","* Чеджу, место, где задерживаются ветер и романтика.","* Jeju, tempat di mana angin dan romansa berlama-lama.","","","","","","","","","","","","","","","",""
"","Here_History","역사","history","歴史","历史","lịch sử","ประวัติศาสตร์","история","sejarah","","","","","","","","","","","","","","","",""
"","Here_HistoryFlow","제주의 역사 흐름","The Flow of Jeju's History","済州の歴史の流れ","济州的历史发展","Dòng chảy lịch sử Jeju","ลำดับเหตุการณ์ทางประวัติศาสตร์ของเชจู","Ход истории Чеджу","Alur Sejarah Jeju","","","","","","","","","","","","","","","",""
"","Here_HistoryContent_1_epoch","선사시대","Prehistoric Age","先史時代","史前时代","Thời tiền sử","ยุคก่อนประวัติศาสตร์","Доисторическая эпоха","Zaman Prasejarah","","","","","","","","","","","","","","","",""
"","Here_HistoryContent_1_summary","제주 정착 및 문화 형성","Settlement in Jeju and Formation of Culture","済州定着および文化形成","定居济州与文化形成","Định cư tại Jeju và hình thành văn hóa","การตั้งถิ่นฐานในเชจูและการก่อตัวของวัฒนธรรม","Поселение на Чеджу и формирование культуры","Pemukiman di Jeju dan Pembentukan Budaya","","","","","","","","","","","","","","","",""
"","Here_HistoryContent_1","제주도는 화산이 만든 섬입니다. 한라산과 수백 개의 오름, 그리고 용암이 흐르며 남긴 동굴이 이 땅의 골격을 이룹니다. 사람의 자취도 오래되었습니다. 섬 서쪽 고산리에서는 신석기 이른 시기의 마을 터가 발굴되어 석기 약 9만 9천 점과 토기 조각이 함께 나왔고, 이곳은 국가 사적으로 지정되어 있습니다.","Jeju is an island made by volcanoes. Mount Hallasan, hundreds of small cones called oreum, and caves left behind by flowing lava form its backbone. People arrived early, too: at Gosan-ri on the west coast archaeologists uncovered an early Neolithic settlement with some 99,000 stone tools and pieces of pottery. The site is now a National Historic Site.","済州島は火山がつくった島です。漢拏山と数百のオルム、そして溶岩が流れて残した洞窟がこの島の骨格をなしています。人の営みも古くから続きました。島の西側、高山里（コサンリ）では新石器時代初期の集落跡が発掘され、石器およそ9万9千点と土器の破片が出土しました。ここは国の史跡に指定されています。","济州岛是火山造就的岛屿。汉拿山、数百座被称为오름的小火山，以及熔岩流过后留下的洞窟，构成了这片土地的骨架。人的足迹同样久远。在岛西侧的高山里，考古发掘出新石器时代早期的村落遗址，出土石器约9万9千件和陶器碎片，这里已被指定为国家史迹。","Jeju là hòn đảo do núi lửa tạo nên. Núi Hallasan, hàng trăm ngọn núi lửa nhỏ gọi là oreum và những hang động do dung nham để lại làm nên bộ khung của đảo. Dấu chân con người ở đây cũng rất lâu đời: tại Gosan-ri phía tây đảo, các nhà khảo cổ đã tìm thấy dấu tích một ngôi làng thời đồ đá mới sớm cùng khoảng 99.000 công cụ đá và mảnh gốm. Nơi này nay là Di tích lịch sử quốc gia.","เชจูเป็นเกาะที่เกิดจากภูเขาไฟ ภูเขาฮัลลาซาน เนินภูเขาไฟนับร้อยที่เรียกว่าโอรึม และถ้ำที่ลาวาไหลผ่านทิ้งไว้ คือโครงร่างของแผ่นดินนี้ ร่องรอยของผู้คนก็เก่าแก่เช่นกัน ที่โกซันรีทางฝั่งตะวันตกของเกาะ นักโบราณคดีขุดพบหมู่บ้านยุคหินใหม่ตอนต้น พร้อมเครื่องมือหินราว 99,000 ชิ้นและเศษภาชนะดินเผา ปัจจุบันที่นี่ได้รับการขึ้นทะเบียนเป็นโบราณสถานแห่งชาติ","Чеджу — остров, созданный вулканами. Гора Халласан, сотни небольших конусов, которые здесь называют орым, и пещеры, оставленные потоками лавы, образуют его основу. Следы человека здесь тоже древние: в Косанни на западном побережье археологи нашли поселение раннего неолита, около 99 000 каменных орудий и фрагменты керамики. Сегодня это место — памятник национального значения.","Jeju adalah pulau yang dibentuk oleh gunung api. Gunung Hallasan, ratusan kerucut vulkanik yang disebut oreum, dan gua-gua yang ditinggalkan aliran lava membentuk kerangka pulau ini. Jejak manusia di sini pun sangat tua: di Gosan-ri, pesisir barat, para arkeolog menemukan permukiman Neolitik awal beserta sekitar 99.000 alat batu dan pecahan tembikar. Kini situs itu berstatus Situs Bersejarah Nasional.","","","","","","","","","","","","","","","",""
"","Here_HistoryContent_2_epoch","탐라국","Tamna Kingdom","耽羅国","耽罗国","Vương quốc Tamna","อาณาจักรทัมนา","Королевство Тхамна","Kerajaan Tamna","","","","","","","","","","","","","","","",""
"","Here_HistoryContent_2_summary","탐라국 성립","Establishment of Tamna Kingdom","耽羅国の成立","耽罗国建立","Sự thành lập Vương quốc Tamna","การก่อตั้งอาณาจักรทัมนา","Основание королевства Тхамна","Pendirian Kerajaan Tamna","","","","","","","","","","","","","","","",""
"","Here_HistoryContent_2","제주 사람들은 삼성혈에서 솟아난 세 신인이 나라를 열었다고 전해 왔습니다. 그 나라가 탐라입니다. 탐라는 삼국시대에 백제·신라와 독자적으로 외교를 맺은 해양 왕국이었고, 바다를 통해 한반도와 중국·일본을 오갔습니다. 섬이라는 조건은 고립이 아니라 뱃길이었습니다.","Islanders have long told of three demigods who rose from the ground at Samseonghyeol and founded a kingdom. That kingdom was Tamna. In the Three Kingdoms period Tamna was a seafaring state that conducted its own diplomacy with Baekje and Silla and crossed the water to the Korean peninsula, China and Japan. Being an island meant sea routes, not isolation.","島の人々は、三姓穴から現れた三人の神人が国を開いたと語り継いできました。その国が耽羅です。耽羅は三国時代に百済・新羅と独自に外交を結んだ海洋王国で、海を渡って朝鮮半島・中国・日本と行き来しました。島であることは孤立ではなく、航路を意味していました。","岛上世代相传：三位神人从三姓穴涌出并开创了一个国家，那便是耽罗。三国时代的耽罗是与百济、新罗独立开展外交的海洋王国，通过海路往来于朝鲜半岛、中国和日本。岛屿的处境并非孤立，而是航路。","Người dân đảo từ lâu vẫn kể rằng ba vị thần hiện lên từ Samseonghyeol và lập nên một vương quốc. Vương quốc ấy là Tamna. Thời Tam Quốc, Tamna là một nhà nước biển tự thiết lập bang giao với Baekje và Silla, vượt biển qua lại với bán đảo Triều Tiên, Trung Quốc và Nhật Bản. Là một hòn đảo không có nghĩa là bị cô lập, mà là nằm trên các tuyến hải hành.","ชาวเกาะเล่าสืบต่อกันมาว่าเทพสามองค์ผุดขึ้นจากซัมซองฮยอลและตั้งอาณาจักรขึ้น นั่นคืออาณาจักรทัมนา ในยุคสามอาณาจักร ทัมนาเป็นรัฐทางทะเลที่ดำเนินการทูตกับแพ็กเจและชิลลาด้วยตนเอง และข้ามทะเลไปมากับคาบสมุทรเกาหลี จีน และญี่ปุ่น การเป็นเกาะจึงไม่ได้หมายถึงความโดดเดี่ยว แต่หมายถึงเส้นทางเดินเรือ","Островитяне издавна рассказывают о трёх божественных предках, вышедших из земли в Самсонхёле и основавших царство. Это царство называлось Тамна. В эпоху Трёх государств Тамна была морской державой: она самостоятельно вела отношения с Пэкче и Силла и ходила морем к Корейскому полуострову, в Китай и Японию. Быть островом означало здесь не изоляцию, а морские пути.","Penduduk pulau sejak lama menuturkan kisah tiga dewa yang muncul dari tanah di Samseonghyeol dan mendirikan sebuah kerajaan. Kerajaan itu bernama Tamna. Pada masa Tiga Kerajaan, Tamna adalah negeri bahari yang menjalin diplomasi sendiri dengan Baekje dan Silla serta menyeberangi laut ke Semenanjung Korea, Tiongkok, dan Jepang. Menjadi pulau di sini bukan berarti terkucil, melainkan berada di jalur pelayaran.","","","","","","","","","","","","","","","",""
"","Here_HistoryContent_3_epoch","고려시대","Goryeo Dynasty","高麗時代","高丽时代","Thời kỳ Goryeo","ยุคโครยอ","Эпоха Корё","Dinasti Goryeo","","","","","","","","","","","","","","","",""
"","Here_HistoryContent_3_summary","고려 편입","Incorporation into Goryeo","高麗への編入","编入高丽","Sáp nhập vào Goryeo","การรวมเข้ากับโครยอ","Включение в состав Корё","Penggabungan ke Goryeo","","","","","","","","","","","","","","","",""
"","Here_HistoryContent_3","1105년 탐라는 고려의 행정구역인 탐라군이 되었고, 13세기 초부터 '제주'라는 이름이 쓰이기 시작했습니다. 1271년에는 삼별초가 항파두리에 성을 쌓고 여몽 연합군에 맞섰습니다. 1273년 그 항쟁이 끝난 뒤 원은 제주를 직할지로 삼아 목마장을 두었고, 이때 들어온 말은 섬의 풍경과 생활을 함께 바꾸었습니다. 오늘날 제주 말 문화의 뿌리입니다.","In 1105 Tamna became Tamna-gun, a district of Goryeo, and from the early 13th century the island was called Jeju. In 1271 the Sambyeolcho corps built a fortress at Hangpaduri and held out against the combined Goryeo-Mongol army. After that resistance ended in 1273 the Mongol Yuan took the island under direct rule and turned it into a horse pasture; the horses brought then changed both the landscape and daily life. They are the root of Jeju's horse culture today.","1105年、耽羅は高麗の行政区域である耽羅郡となり、13世紀初めから「済州」という名が使われ始めました。1271年には三別抄が缸坡頭里に城を築き、麗蒙連合軍に抗いました。1273年にその抗争が終わると、元は済州を直轄地として牧馬場を置きます。このとき入ってきた馬は島の風景と暮らしを変えました。今日の済州の馬文化はここに根があります。","1105年，耽罗成为高丽的行政区域耽罗郡，13世纪初开始使用济州这一名称。1271年，三别抄在缸坡头里筑城，抵抗高丽与蒙古联军。1273年抗争结束后，元朝将济州收为直辖地并设立牧马场，此时进入岛上的马匹改变了这里的风景与生活，也成为今日济州马文化的源头。","Năm 1105, Tamna trở thành huyện Tamna của triều Goryeo, và từ đầu thế kỷ 13 hòn đảo được gọi là Jeju. Năm 1271, đội quân Sambyeolcho đắp thành ở Hangpaduri và chống lại liên quân Goryeo - Mông Cổ. Sau khi cuộc kháng chiến kết thúc năm 1273, nhà Nguyên đặt đảo dưới quyền cai trị trực tiếp và biến nơi đây thành đồng cỏ nuôi ngựa; những con ngựa đưa tới khi ấy đã thay đổi cả cảnh quan lẫn đời sống trên đảo, và là cội nguồn của văn hóa ngựa Jeju ngày nay.","ปี 1105 ทัมนากลายเป็นเขตปกครองทัมนาของราชวงศ์โครยอ และตั้งแต่ต้นศตวรรษที่ 13 เกาะนี้ถูกเรียกว่าเชจู ปี 1271 กองกำลังซัมบยอลโชสร้างป้อมที่ฮังพาดูรีและต้านทานกองทัพผสมโครยอ-มองโกล เมื่อการต่อสู้สิ้นสุดลงในปี 1273 ราชวงศ์หยวนปกครองเกาะโดยตรงและตั้งเป็นทุ่งเลี้ยงม้า ม้าที่เข้ามาในครั้งนั้นได้เปลี่ยนทั้งภูมิทัศน์และวิถีชีวิตของเกาะ และเป็นรากของวัฒนธรรมม้าเชจูในปัจจุบัน","В 1105 году Тамна стала уездом в составе государства Корё, а с начала XIII века остров называют Чеджу. В 1271 году отряд Самбёльчхо построил крепость Ханпхадури и держал оборону против объединённого корёско-монгольского войска. После окончания сопротивления в 1273 году монгольская династия Юань взяла остров под прямое управление и устроила здесь конские пастбища; привезённые тогда лошади изменили и облик острова, и повседневную жизнь. Отсюда берёт начало конная культура Чеджу.","Pada 1105 Tamna menjadi Kabupaten Tamna di bawah Dinasti Goryeo, dan sejak awal abad ke-13 pulau ini disebut Jeju. Pada 1271 pasukan Sambyeolcho membangun benteng di Hangpaduri dan bertahan melawan pasukan gabungan Goryeo-Mongol. Setelah perlawanan itu berakhir pada 1273, Dinasti Yuan menguasai pulau secara langsung dan menjadikannya padang penggembalaan kuda; kuda-kuda yang didatangkan saat itu mengubah lanskap sekaligus kehidupan sehari-hari, dan menjadi akar budaya kuda Jeju hingga kini.","","","","","","","","","","","","","","","",""
"","Here_HistoryContent_4_epoch","조선시대","Joseon Dynasty","朝鮮時代","朝鲜时代","Thời kỳ Joseon","ยุคโชซอน","Эпоха Чосон","Dinasti Joseon","","","","","","","","","","","","","","","",""
"","Here_HistoryContent_4_summary","제주목 설치","Establishment of Jeju-mok","済州牧の設置","设立济州牧","Thành lập Jeju-mok","การก่อตั้งเชจูมก","Создание Чеджу-мок","Pendirian Jeju-mok","","","","","","","","","","","","","","","",""
"","Here_HistoryContent_4","조선은 제주에 목사를 보내 다스렸고, 1448년에 세운 관덕정은 지금도 제주 도심에 남아 있습니다. 제주는 유배의 섬이기도 했습니다. 500년 동안 200여 명이 이 섬으로 유배를 왔고, 추사 김정희는 1840년부터 여덟 해를 대정에서 보내며 추사체를 완성하고 세한도를 남겼습니다. 1629년부터 1825년까지 약 200년 동안은 섬을 떠나는 것 자체가 금지되었습니다. 그 시절 상인 김만덕은 1795년 큰 흉년에 사재를 털어 굶주린 이웃을 구했고, 그 공으로 임금의 허락을 받아 바다를 건너 금강산을 보고 돌아왔습니다. 1653년에는 네덜란드 상선 스페르베르호가 난파해 하멜 일행이 표착했으며, 그들이 남긴 기록은 서양에 조선을 처음 알렸습니다.","Joseon governed Jeju through a magistrate, and Gwandeokjeong, built in 1448, still stands in the city centre. Jeju was also an island of exile: about 200 people were banished here over five centuries. The scholar and calligrapher Kim Jeong-hui spent eight years in Daejeong from 1840, perfecting his Chusa script and painting Sehando. From 1629 to 1825, for roughly two hundred years, islanders were forbidden to leave at all. In that era the merchant Kim Man-deok spent her own fortune to feed her starving neighbours during the famine of 1795; in return the king granted her wish to cross the sea and see Mount Geumgangsan. In 1653 the Dutch ship Sperwer was wrecked here and Hendrick Hamel and his crew came ashore — their account was the first report of Korea to reach Europe.","朝鮮は牧使を派遣して済州を治め、1448年に建てられた観徳亭は今も市の中心に残っています。済州は流刑の島でもありました。500年の間におよそ200人がこの島に流され、書家・金正喜は1840年から八年を大静で過ごし、秋史体を完成させて「歳寒図」を残しました。1629年から1825年までの約200年間は、島を離れること自体が禁じられていました。その時代、商人の金萬德（キム・マンドク）は1795年の大凶作に私財を投じて飢えた人々を救い、その功により王の許しを得て海を渡り、金剛山を見て帰りました。1653年にはオランダ商船スペルウェル号が難破してハメル一行が漂着し、その記録は西洋に朝鮮を初めて伝えました。","朝鲜派遣牧使治理济州，1448年建成的观德亭至今仍矗立在市中心。济州也是流放之岛，五百年间约有200人被流放至此。书法家金正喜自1840年起在大静度过八年，完成秋史体并留下《岁寒图》。从1629年到1825年的约两百年间，岛民甚至被禁止离岛。正是在那个时代，商人金万德在1795年大饥荒中倾尽家财救济饥民，因此获得国王恩准，得以渡海远游金刚山后返回。1653年，荷兰商船斯佩尔威尔号遇难，哈梅尔一行漂流上岸，他们留下的记录首次向西方介绍了朝鲜。","Triều Joseon cai quản Jeju qua một quan mục sứ, và Gwandeokjeong dựng năm 1448 đến nay vẫn còn giữa trung tâm thành phố. Jeju cũng là hòn đảo lưu đày: trong năm thế kỷ có khoảng 200 người bị đày đến đây. Nhà thư pháp Kim Jeong-hui sống tám năm ở Daejeong từ năm 1840, hoàn thiện lối chữ Chusa và vẽ bức Sehando. Từ năm 1629 đến 1825, suốt khoảng hai trăm năm, người dân bị cấm rời đảo. Chính trong thời kỳ đó, nữ thương nhân Kim Man-deok đã dốc hết gia sản cứu đói dân làng trong nạn đói năm 1795; nhờ công ấy, nhà vua cho phép bà vượt biển đi thăm núi Geumgangsan rồi trở về. Năm 1653, thương thuyền Hà Lan Sperwer đắm tại đây và nhóm của Hendrick Hamel dạt vào bờ; ghi chép của họ là những trang đầu tiên giới thiệu Triều Tiên với phương Tây.","ราชวงศ์โชซอนส่งข้าหลวงมาปกครองเชจู และศาลากวันด็อกจ็องที่สร้างในปี 1448 ยังคงตั้งอยู่ใจกลางเมืองจนถึงทุกวันนี้ เชจูยังเป็นเกาะแห่งการเนรเทศ ตลอดห้าศตวรรษมีผู้ถูกเนรเทศมาที่นี่ราว 200 คน นักอักษรวิจิตรคิมจองฮีใช้ชีวิตแปดปีที่แทจองตั้งแต่ปี 1840 จนสร้างลายมือชูซาสำเร็จและวาดภาพเซฮันโด ระหว่างปี 1629 ถึง 1825 ราวสองร้อยปี ชาวเกาะถูกห้ามออกจากเกาะ ในยุคนั้นเอง พ่อค้าหญิงคิมมันด็อกได้สละทรัพย์สินทั้งหมดช่วยเหลือผู้อดอยากในภาวะข้าวยากหมากแพงปี 1795 ด้วยคุณงามความดีนี้ พระราชาจึงอนุญาตให้เธอข้ามทะเลไปชมภูเขากึมกังซานแล้วกลับมา ปี 1653 เรือสินค้าดัตช์สแปร์เวอร์อับปางที่นี่ ฮาเมลและลูกเรือขึ้นฝั่ง และบันทึกของพวกเขาคือรายงานแรกที่ทำให้ตะวันตกรู้จักโชซอน","В эпоху Чосон островом управлял наместник, а павильон Квандокчон, построенный в 1448 году, и сегодня стоит в центре города. Чеджу был также островом ссылки: за пять столетий сюда сослали около двухсот человек. Учёный и каллиграф Ким Чжон Хи провёл в Тэджоне восемь лет начиная с 1840 года, довёл до совершенства почерк чуса и написал картину «Сехандо». С 1629 по 1825 год, почти двести лет, жителям было запрещено покидать остров. В те же годы купчиха Ким Ман Док во время голода 1795 года потратила своё состояние, чтобы накормить земляков; в благодарность король исполнил её желание — переплыть море и увидеть горы Кымгансан. В 1653 году у берегов острова потерпело крушение голландское судно «Спервер», и на берег вышли Хендрик Хамель и его спутники: их записки стали первым рассказом о Корее, дошедшим до Европы.","Dinasti Joseon memerintah Jeju melalui seorang bupati, dan paviliun Gwandeokjeong yang dibangun pada 1448 masih berdiri di pusat kota. Jeju juga menjadi pulau pengasingan: sekitar 200 orang dibuang ke sini selama lima abad. Cendekiawan dan ahli kaligrafi Kim Jeong-hui menghabiskan delapan tahun di Daejeong sejak 1840, menyempurnakan gaya tulis Chusa dan melukis Sehando. Dari 1629 hingga 1825, hampir dua ratus tahun, penduduk dilarang meninggalkan pulau. Pada masa itu pula saudagar perempuan Kim Man-deok merelakan seluruh hartanya untuk memberi makan tetangganya saat kelaparan besar tahun 1795; sebagai balasan, raja mengabulkan permintaannya menyeberangi laut untuk melihat Gunung Geumgangsan. Pada 1653 kapal dagang Belanda Sperwer karam di sini dan rombongan Hendrick Hamel terdampar; catatan mereka menjadi laporan pertama tentang Korea yang sampai ke Eropa.","","","","","","","","","","","","","","","",""
"","Here_HistoryContent_5_epoch","근현대","Modern and Contemporary","近現代","近现代","Cận hiện đại","ยุคสมัยใหม่และร่วมสมัย","Современность","Modern dan Kontemporer","","","","","","","","","","","","","","","",""
"","Here_HistoryContent_5_summary","제주 4·3과 현대화","Jeju 4·3 Incident and Modernization","済州4・3事件と現代化","济州4·3事件与现代化","Sự kiện Jeju 4.3 và hiện đại hóa","เหตุการณ์ 4·3 เชจูและการปรับปรุงให้ทันสมัย","Инцидент 4.3 на Чеджу и модернизация","Insiden 4.3 Jeju dan Modernisasi","","","","","","","","","","","","","","","",""
"","Here_HistoryContent_5","일제강점기에는 모슬포 알뜨르에 비행장과 지하벙커, 해안 동굴진지가 만들어졌고 그 흔적은 지금도 남아 있습니다. 1946년 제주는 전라남도에서 분리되어 도가 되었고, 2006년에는 제주특별자치도로 출범했습니다. 제주의 자연은 2002년 생물권보전지역, 2007년 세계자연유산, 2010년 세계지질공원으로 이어 인정받았고, 2016년에는 해녀 문화가 유네스코 인류무형문화유산이 되었습니다.","Under Japanese colonial rule an airfield, underground bunkers and coastal tunnel positions were built at Alddreu in Moseulpo, and their traces remain. In 1946 Jeju was separated from South Jeolla Province to become a province of its own, and in 2006 it became Jeju Special Self-Governing Province. Its nature has been recognised three times by UNESCO — Biosphere Reserve in 2002, World Natural Heritage in 2007, Global Geopark in 2010 — and in 2016 the culture of the haenyeo divers was inscribed as Intangible Cultural Heritage of Humanity.","日本統治期には、摹瑟浦のアルトゥルに飛行場と地下壕、海岸の洞窟陣地がつくられ、その痕跡は今も残っています。1946年、済州は全羅南道から分かれて道となり、2006年に済州特別自治道として発足しました。済州の自然は2002年に生物圏保存地域、2007年に世界自然遺産、2010年に世界ジオパークと続けて認められ、2016年には海女文化がユネスコ無形文化遺産に登録されました。","日据时期，在摹瑟浦的阿尔特鲁修建了机场、地下掩体和海岸洞窟阵地，这些遗迹至今犹存。1946年济州从全罗南道分离设道，2006年成立济州特别自治道。济州的自然先后获得联合国教科文组织认可：2002年生物圈保护区、2007年世界自然遗产、2010年世界地质公园；2016年海女文化被列入人类非物质文化遗产。","Thời thuộc địa Nhật, một sân bay, các hầm ngầm và trận địa hang động ven biển được xây tại Alddreu ở Moseulpo, dấu tích vẫn còn đến nay. Năm 1946 Jeju tách khỏi tỉnh Jeolla Nam để thành một tỉnh riêng, và năm 2006 trở thành Tỉnh tự trị đặc biệt Jeju. Thiên nhiên nơi đây được UNESCO công nhận ba lần: Khu dự trữ sinh quyển năm 2002, Di sản thiên nhiên thế giới năm 2007 và Công viên địa chất toàn cầu năm 2010; năm 2016 văn hóa hải nữ haenyeo được ghi danh là Di sản văn hóa phi vật thể của nhân loại.","ในยุคอาณานิคมญี่ปุ่น มีการสร้างสนามบิน บังเกอร์ใต้ดิน และฐานถ้ำริมทะเลที่อัลดือรือในโมซึลโพ ร่องรอยเหล่านั้นยังคงอยู่จนถึงวันนี้ ปี 1946 เชจูแยกจากจังหวัดชอลลาใต้ขึ้นเป็นจังหวัดของตนเอง และปี 2006 กลายเป็นจังหวัดปกครองตนเองพิเศษเชจู ธรรมชาติของเชจูได้รับการรับรองจากยูเนสโกถึงสามครั้ง ได้แก่ พื้นที่สงวนชีวมณฑลปี 2002 มรดกโลกทางธรรมชาติปี 2007 และอุทยานธรณีโลกปี 2010 และในปี 2016 วัฒนธรรมแฮนยอได้ขึ้นทะเบียนเป็นมรดกภูมิปัญญาทางวัฒนธรรมของมนุษยชาติ","В годы японского колониального правления в Альдыре близ Мосыльпхо построили аэродром, подземные бункеры и береговые пещерные укрепления — их следы сохранились до сих пор. В 1946 году Чеджу отделили от провинции Чолла-Намдо в самостоятельную провинцию, а в 2006 году он стал Особой самоуправляемой провинцией Чеджу. Природа острова трижды получила признание ЮНЕСКО: биосферный заповедник в 2002 году, объект Всемирного природного наследия в 2007-м и глобальный геопарк в 2010-м. В 2016 году культура ныряльщиц хэнё вошла в список нематериального наследия человечества.","Pada masa penjajahan Jepang dibangun lapangan terbang, bunker bawah tanah, dan posisi gua pantai di Alddreu, Moseulpo, dan jejaknya masih ada sampai sekarang. Pada 1946 Jeju dipisahkan dari Provinsi Jeolla Selatan menjadi provinsi tersendiri, dan pada 2006 menjadi Provinsi Otonomi Khusus Jeju. Alam Jeju diakui UNESCO tiga kali: Cagar Biosfer pada 2002, Warisan Alam Dunia pada 2007, dan Taman Bumi Global pada 2010; pada 2016 budaya penyelam haenyeo ditetapkan sebagai Warisan Budaya Takbenda Kemanusiaan.","","","","","","","","","","","","","","","",""
"","Here_HistoryContent_6_epoch","현재","Present","現在","现在","Hiện tại","ปัจจุบัน","Настоящее время","Saat ini","","","","","","","","","","","","","","","",""
"","Here_HistoryContent_6_summary","관광·문화도시 발전","Development as a Tourism and Cultural City","観光・文化都市の発展","发展为旅游文化城市","Phát triển thành thành phố văn hóa và du lịch","การพัฒนาเป็นเมืองท่องเที่ยวและวัฒนธรรม","Развитие как туристического и культурного города","Perkembangan sebagai Kota Pariwisata dan Budaya","","","","","","","","","","","","","","","",""
"","Here_Culture","문화","Culture","文化","文化","Văn hóa","วัฒนธรรม","Культура","Budaya","","","","","","","","","","","","","","","",""
"","Here_Jeju_1_Culture","제주도 문화","Jeju Island Culture","済州道の文化","济州岛文化","Văn hóa đảo Jeju","วัฒนธรรมเกาะเชจู","Культура острова Чеджу","Budaya Pulau Jeju","","","","","","","","","","","","","","","",""
"","Here_Jeju_1_CultureContent","제주도는 독특한 자연환경과 함께 제주만의 생활 방식과 전통문화를 간직하고 있습니다. 해녀문화, 
돌하르방, 제주어, 민속신앙 등 섬의 환경과 역사가 어우러진 고유한 문화를 만나볼 수 있습니다.","Along with its unique natural environment, Jeju Island preserves its own way of life and traditional culture. You can experience a unique culture where the island's environment and history blend, such as Haenyeo (female diver) culture, Dolhareubang (stone statues), the Jeju language, and folk beliefs.","済州道は独特な自然環境とともに、済州ならではの生活様式と伝統文化を保っています。海女文化、トルハルバン、済州語、民間信仰など、島の環境と歴史が調和した固有の文化に出会うことができます。","济州岛不仅拥有独特的自然环境，还保留着济州独特的的生活方式和传统文化。在这里，您可以体验海女文化、石头爷爷（Dolhareubang）、济州方言、民间信仰等岛屿环境与历史交融的独特文化。","Cùng với môi trường tự nhiên độc đáo, đảo Jeju vẫn lưu giữ lối sống và văn hóa truyền thống riêng biệt. Bạn có thể trải nghiệm nền văn hóa độc đáo nơi môi trường và lịch sử của hòn đảo hòa quyện vào nhau, chẳng hạn như văn hóa Haenyeo (nữ thợ lặn), Dolhareubang (tượng đá), ngôn ngữ Jeju và tín ngưỡng dân gian.","นอกจากสภาพแวดล้อมทางธรรมชาติที่เป็นเอกลักษณ์แล้ว เกาะเชจูยังคงรักษาวิถีชีวิตและวัฒนธรรมดั้งเดิมของตนเองไว้ คุณสามารถสัมผัสวัฒนธรรมที่เป็นเอกลักษณ์ซึ่งสภาพแวดล้อมและประวัติศาสตร์ของเกาะผสมผสานกัน เช่น วัฒนธรรมแฮนยอ (นักดำน้ำหญิง) ทลฮารึบัง (รูปปั้นหิน) ภาษาเชจู และความเชื่อพื้นบ้าน","Наряду с уникальной природной средой, остров Чеджу сохраняет свой собственный образ жизни и традиционную культуру. Вы можете познакомиться с уникальной культурой, в которой слились воедино природа и история острова, например, с культурой хэнё (женщин-ныряльщиц), тольхарыбанами (каменными статуями), языком Чеджу и народными верованиями.","Bersama dengan lingkungan alaminya yang unik, Pulau Jeju melestarikan gaya hidup dan budaya tradisionalnya sendiri. Anda dapat mengalami budaya unik di mana lingkungan dan sejarah pulau berpadu, seperti budaya Haenyeo (penyelam wanita), Dolhareubang (patung batu), bahasa Jeju, dan kepercayaan rakyat.","","","","","","","","","","","","","","","",""
"","Here_Jeju_2_Culture","제주의 문화","Jeju's Culture","済州の文化","济州文化","Văn hóa Jeju","วัฒนธรรมของเชจู","Культура Чеджу","Budaya Jeju","","","","","","","","","","","","","","","",""
"","Here_Jeju_2_CultureContent","제주도는 삼국시대부터 탐라국이라는 독립적인 정치체가 존재했으며, 이후 고려와 조선의 통치를 받았습니다. 조선시대에는 유배지로도 활용되었으며, 오늘날에는 독특한 자연환경과 문화유산을 간직한 대표적인 관광지로 자리 잡았습니다.","Jeju Island existed as an independent political entity called the Tamna Kingdom from the Three Kingdoms period, and was later ruled by the Goryeo and Joseon dynasties. During the Joseon Dynasty, it was also used as a place of exile, and today it has become a premier tourist destination, preserving its unique natural environment and cultural heritage.","済州島は三国時代から耽羅国という独立した政治体が存在し、その後、高麗と朝鮮の統治を受けました。朝鮮時代には流刑地としても活用され、今日では独特の自然環境と文化遺産を保つ代表的な観光地として定着しています。","济州岛自三国时代起便存在着名为“耽罗国”的独立政治实体，之后先后受到高丽和朝鲜的统治。在朝鲜时代，这里也曾被用作流放地，而如今，它已成为保留着独特自然环境和文化遗产的代表性旅游胜地。","Đảo Jeju đã tồn tại như một thực thể chính trị độc lập mang tên Vương quốc Tamna từ thời Tam Quốc, và sau đó bị cai trị bởi triều đại Goryeo và Joseon. Trong thời kỳ Joseon, nơi đây cũng được sử dụng làm nơi lưu đày, và ngày nay nó đã trở thành một điểm đến du lịch tiêu biểu, lưu giữ môi trường tự nhiên và di sản văn hóa độc đáo.","เกาะเชจูมีฐานะเป็นหน่วยทางการเมืองอิสระที่เรียกว่าอาณาจักรทัมนามาตั้งแต่ยุคสามก๊ก และต่อมาถูกปกครองโดยราชวงศ์โครยอและโชซอน ในสมัยโชซอน เกาะแห่งนี้ยังถูกใช้เป็นสถานที่เนรเทศ และในปัจจุบันได้กลายเป็นสถานที่ท่องเที่ยวที่เป็นตัวแทนซึ่งรักษาสภาพแวดล้อมทางธรรมชาติและมรดกทางวัฒนธรรมอันเป็นเอกลักษณ์เอาไว้","Остров Чеджу существовал как независимое политическое образование под названием Королевство Тхамна со времен периода Троецарствия, а затем находился под властью династий Корё и Чосон. В эпоху Чосон он также использовался как место ссылки, а сегодня стал ведущим туристическим направлением, сохранившим свою уникальную природную среду и культурное наследие.","Pulau Jeju ada sebagai entitas politik independen bernama Kerajaan Tamna sejak zaman Tiga Kerajaan, dan kemudian diperintah oleh dinasti Goryeo dan Joseon. Selama Dinasti Joseon, tempat ini juga digunakan sebagai tempat pengasingan, dan saat ini telah menjadi tujuan wisata perwakilan yang melestarikan lingkungan alam dan warisan budayanya yang unik.","","","","","","","","","","","","","","","",""
"","Here_CultureContent_1_title","해녀 문화","Haenyeo culture","海女文化","海女文化","Văn hóa Haenyeo","วัฒนธรรมแฮนยอ","Культура Хэнё","Budaya Haenyeo","","","","","","","","","","","","","","","",""
"","Here_CultureContent_1","제주의 대표적인 여성 공동체 문화로, 물질을 통해 바다에서 해산물을 채취하며 가족과 지역을 지켜왔습니다. 강인한 삶과 공동체 정신을 담은 문화로 유네스코 인류무형문화유산에 등재되었습니다.","As a representative women's community culture of Jeju, they have protected their families and the region by harvesting seafood from the sea through diving. It has been inscribed on the UNESCO Intangible Cultural Heritage of Humanity list as a culture embodying a resilient life and community spirit.","済州の代表的な女性コミュニティ文化で、物質を通して海からシーフードを採取し、家族や地域を守ってきました。強靭な生活と共同体​​精神を込めた文化でユネスコ人類無形文化遺産に登録されました。","作为济州岛女性社群文化的代表，她们通过潜水捕捞海产品，守护着家人和家园。这种文化因其展现的坚韧生活和社群精神，已被列入联合国教科文组织人类非物质文化遗产名录。","Là một nét văn hóa cộng đồng tiêu biểu của phụ nữ đảo Jeju, họ đã bảo vệ gia đình và khu vực bằng cách đánh bắt hải sản từ biển thông qua hoạt động lặn biển. Văn hóa này đã được ghi vào danh sách Di sản Văn hóa Phi vật thể của Nhân loại của UNESCO như một nét văn hóa thể hiện cuộc sống kiên cường và tinh thần cộng đồng.","ในฐานะที่เป็นตัวแทนวัฒนธรรมชุมชนสตรีของเกาะเชจู พวกเธอได้ปกป้องครอบครัวและภูมิภาคด้วยการหาอาหารทะเลจากทะเลโดยการดำน้ำ วัฒนธรรมนี้ได้รับการขึ้นทะเบียนเป็นมรดกทางวัฒนธรรมที่จับต้องไม่ได้ของมนุษยชาติโดยองค์การยูเนสโก ในฐานะวัฒนธรรมที่สะท้อนถึงชีวิตที่เข้มแข็งและจิตวิญญาณของชุมชน","Как представительница женской общины Чеджу, они защищают свои семьи и регион, добывая морепродукты нырянием. Эта культура внесена в список нематериального культурного наследия человечества ЮНЕСКО как воплощение стойкости и общинного духа.","Sebagai budaya komunitas perempuan yang mewakili Jeju, mereka telah melindungi keluarga dan wilayah tersebut dengan memanen hasil laut melalui penyelaman. Budaya ini telah terdaftar dalam daftar Warisan Budaya Takbenda Kemanusiaan UNESCO sebagai budaya yang mewujudkan kehidupan yang tangguh dan semangat komunitas.","","","","","","","","","","","","","","","",""
"","Here_CultureContent_2_title","돌 문화","Stone culture","石文化","石头文化","Văn hóa đồ đá","วัฒนธรรมหิน","каменная культура","Budaya batu","","","","","","","","","","","","","","","",""
"","Here_CultureContent_2","화산섬 제주에서는 현무암을 활용한 돌담, 돌하르방 등 독특한 돌 문화가 발달했습니다. 바람을 막고 삶을 지켜온 제주 사람들의 지혜가 담겨 있습니다.","On the volcanic island of Jeju, a unique stone culture has developed using basalt, including stone walls and Dolhareubang. It embodies the wisdom of the Jeju people, who have protected their lives and shielded them from the wind.","火山島済州では玄武岩を活用した石垣、石ハルバンなど独特の石文化が発達しました。風を防いで生活を守ってきた済州人の知恵が込められています。","在济州岛这座火山岛上，人们利用玄武岩发展出独特的石砌文化，包括石墙和石棚。它体现了济州岛人民的智慧，他们用这些石墙保护家园，抵御风雨侵袭。","Trên hòn đảo núi lửa Jeju, một nền văn hóa đá độc đáo đã phát triển bằng cách sử dụng đá bazan, bao gồm các bức tường đá và Dolhareubang (nhà đá hình tam giác). Nó thể hiện trí tuệ của người dân Jeju, những người đã bảo vệ cuộc sống của họ và che chở họ khỏi gió bão.","บนเกาะภูเขาไฟเชจู วัฒนธรรมการสร้างด้วยหินที่เป็นเอกลักษณ์ได้พัฒนาขึ้นโดยใช้หินบะซอลต์ รวมถึงกำแพงหินและโดลฮาเรอบัง ซึ่งสะท้อนถึงภูมิปัญญาของชาวเชจูที่ใช้หินเหล่านี้ปกป้องชีวิตและป้องกันตนเองจากลมพายุ","На вулканическом острове Чеджу развилась уникальная каменная культура, использующая базальт, включая каменные стены и Дольхареубанг. Она воплощает мудрость жителей Чеджу, которые оберегали свою жизнь и защищали себя от ветра.","Di pulau vulkanik Jeju, telah berkembang budaya batu yang unik menggunakan basal, termasuk tembok batu dan Dolhareubang. Budaya ini mewujudkan kearifan masyarakat Jeju, yang telah melindungi hidup mereka dan melindungi mereka dari angin.","","","","","","","","","","","","","","","",""
"","Here_CultureContent_3_title","제주 생활문화","Jeju lifestyle culture","済州生活文化","济州岛生活方式文化","Văn hóa lối sống Jeju","วัฒนธรรมวิถีชีวิตของเกาะเชจู","Образ жизни и культура острова Чеджу","Gaya hidup dan budaya Jeju","","","","","","","","","","","","","","","",""
"","Here_CultureContent_3","자연환경에 적응하며 형성된 제주만의 전통생활문화입니다. 강한 바람을 견디는 초가집과 돌담 마을은 제주 사람들의 지혜와 삶의 방식을 보여줍니다.","It is a unique traditional lifestyle culture of Jeju formed through adaptation to the natural environment. Thatched-roof houses and stone-walled villages that withstand strong winds demonstrate the wisdom and way of life of the Jeju people.","自然環境に適応して形成された済州だけの伝統生活文化です。強い風に耐える茅葺き家や石垣村は、済州の人々の知恵と生活の様子を示しています。","这是济州岛独特的传统生活文化，是人们适应自然环境的结果。茅草屋顶和石墙村落能够抵御强风，展现了济州岛人民的智慧和生活方式。","Đó là một nét văn hóa lối sống truyền thống độc đáo của Jeju được hình thành thông qua sự thích nghi với môi trường tự nhiên. Những ngôi nhà mái tranh và những ngôi làng tường đá kiên cường chống chọi với gió mạnh thể hiện trí tuệ và lối sống của người dân Jeju.","นี่คือวัฒนธรรมวิถีชีวิตดั้งเดิมที่เป็นเอกลักษณ์ของเกาะเชจู ซึ่งเกิดขึ้นจากการปรับตัวให้เข้ากับสภาพแวดล้อมทางธรรมชาติ บ้านเรือนหลังคามุงจากและหมู่บ้านกำแพงหินที่ทนทานต่อลมแรง แสดงให้เห็นถึงภูมิปัญญาและวิถีชีวิตของชาวเชจู","Это уникальная традиционная культура Чеджу, сформировавшаяся благодаря адаптации к окружающей среде. Дома с соломенными крышами и деревни с каменными стенами, способные выдерживать сильные ветры, демонстрируют мудрость и образ жизни жителей Чеджу.","Ini adalah budaya gaya hidup tradisional unik Jeju yang terbentuk melalui adaptasi terhadap lingkungan alam. Rumah-rumah beratap jerami dan desa-desa berdinding batu yang tahan terhadap angin kencang menunjukkan kearifan dan cara hidup masyarakat Jeju.","","","","","","","","","","","","","","","",""
"","Here_CultureContent_4_title","제주 음식문화","Jeju food culture","済州料理文化","济州岛饮食文化","Văn hóa ẩm thực Jeju","วัฒนธรรมอาหารของเกาะเชจู","Кулинарная культура острова Чеджу","Budaya kuliner Jeju","","","","","","","","","","","","","","","",""
"","Here_CultureContent_4","제주의 청정 자연이 키워낸 신선한 식재료로 다양한 향토음식을 즐길 수 있습니다. 흑돼지, 갈치, 감귤 등 제주를 대표하는 먹거리는 여행객들이 꼭 경험하는 미식 문화입니다.","You can enjoy a variety of local dishes made with fresh ingredients nurtured by Jeju's pristine nature. Representative Jeju delicacies such as black pork, hairtail fish, and tangerines are a culinary culture that travelers must experience.","済州の清浄な自然が育てた新鮮な食材で様々な郷土料理を楽しめます。黒豚、栗、柑橘類など済州を代表するグルメ旅行者がぜひ体験するグルメ文化です。","您可以品尝到各种用济州岛纯净自然环境孕育的新鲜食材烹制的当地美食。黑猪肉、带鱼、柑橘等济州岛特色美食，是旅行者不容错过的饮食文化体验。","Bạn có thể thưởng thức nhiều món ăn địa phương được chế biến từ những nguyên liệu tươi ngon được nuôi dưỡng bởi thiên nhiên trong lành của Jeju. Những món đặc sản tiêu biểu của Jeju như thịt lợn đen, cá đuôi dài và quýt là một phần văn hóa ẩm thực mà du khách nhất định phải trải nghiệm.","คุณสามารถเพลิดเพลินกับอาหารท้องถิ่นหลากหลายชนิดที่ปรุงจากวัตถุดิบสดใหม่ที่บ่มเพาะจากธรรมชาติอันบริสุทธิ์ของเกาะเชจู อาหารขึ้นชื่อของเชจู เช่น หมูดำ ปลาหางยาว และส้มแมนดาริน เป็นวัฒนธรรมการทำอาหารที่นักท่องเที่ยวไม่ควรพลาด","Здесь вы сможете насладиться разнообразными местными блюдами, приготовленными из свежих ингредиентов, выращенных в первозданной природе Чеджу. Такие традиционные деликатесы Чеджу, как черная свинина, рыба-саблехвост и мандарины, – это кулинарная культура, которую обязательно нужно попробовать каждому путешественнику.","Anda dapat menikmati beragam hidangan lokal yang dibuat dengan bahan-bahan segar yang dipelihara oleh alam Jeju yang masih murni. Makanan khas Jeju seperti babi hitam, ikan hairtail, dan jeruk mandarin merupakan budaya kuliner yang wajib dicicipi oleh para wisatawan.","","","","","","","","","","","","","","","",""
"","Here_Attraction","관광명소","Tourist Attractions","観光名所","旅游景点","Điểm tham quan","สถานที่ท่องเที่ยว","Достопримечательности","Objek Wisata","","","","","","","","","","","","","","","",""
"","Greeting_Introduce","* 안녕하세요! 마스코트 '귤이'를 소개할게요!","Hello! Let me introduce our mascot, 'Gyuli'!","*こんにちは！マスコット「ジェジュ」を紹介します！","大家好！让我来介绍一下我们的吉祥物“夏英”！","Xin chào! Cho phép tôi giới thiệu linh vật của chúng ta, 'Gyuli'!","สวัสดี! ขอแนะนำมาสคอตของเรา 'เชจู' ค่ะ!","Знакомьтесь: наш талисман Чеджу!","Halo! Izinkan saya memperkenalkan maskot kami, 'Gyuli'!","","","","","","","","","","","","","","","",""
"","Greeting_Category1","""귤이"" 소개","Gyuli's Introduction","ジェジュの紹介","夏荣的介绍","Lời giới thiệu của Gyuli","การแนะนำตัวของเชจู","Вступление Чеджу","Perkenalan Gyuli","","","","","","","","","","","","","","","",""
"","Greeting_Category2","""귤이"" 취미생활","Gyuli's hobbies","ジェジュ「趣味生活」","Gyuli的爱好","Sở thích của Gyuli","งานอดิเรกของเชจู","Хобби Чеджу","Hobi Gyuli","","","","","","","","","","","","","","","",""
"","Greeting_Category3","""귤이"" 건강습관","Gyuli's healthy habits","ジェジュの健康習慣","Gyuli的健康习惯","Những thói quen lành mạnh của Gyuli","นิสัยรักสุขภาพของเชจู","Здоровые привычки Чеджу","Kebiasaan sehat Gyuli","","","","","","","","","","","","","","","",""
"","Greeting_Hashtag1","귤이","Gyuli","ジェジュ","夏荣","Gyuli","เชจู","Чеджу","Gyuli","","","","","","","","","","","","","","","",""
"","Greeting_Hashtag2","안녕귤이","HiGyuli","アンニョンジェジュ","安宁哈英","HiGyuli","อันนยองเชจู","АннёниЧеджу","HiGyuli","","","","","","","","","","","","","","","",""
"","Greeting_Name","이름 ","Name","名前","姓名","Tên","ชื่อ","Имя","Nama","","","","","","","","","","","","","","","",""
"","Greeting_NameContent","귤이","Gyuli","ジェジュ","夏荣","Gyuli","เชจู","Чеджу","Gyuli","","","","","","","","","","","","","","","",""
"","Greeting_BirthDay","출생","DOB","生年月日","出生日期","Sinh nhật","วันเกิด","Дата рождения","Hari ulang tahun","","","","","","","","","","","","","","","",""
"","Greeting_BirthDayContent","2006년 3월 19일","March 19, 2006","2006年3月19日","2006年3月19日","Ngày 19 tháng 3 năm 2006","วันที่ 19 มีนาคม พ.ศ. 2549","19 марта 2006 г.","19 Maret 2006","","","","","","","","","","","","","","","",""
"","Greeting_HomeTown","출신","Home","出身地","出生地","Xuất thân","ถิ่นกำเนิด","Родной город","Asal","","","","","","","","","","","","","","","",""
"","Greeting_HomeTownContent","제주특별자치도 제주시","Jeju-si, Jeju Special Self-Governing Province","済州特別自治道 済州市","济州特别自治道 济州市","Thành phố Jeju, Tỉnh tự trị đặc biệt Jeju","เกาะเชจู จังหวัดปกครองตนเองพิเศษเชจู","город Чеджу, Особая автономная провинция Чеджу","Kota Jeju, Provinsi Pemerintahan Mandiri Khusus Jeju","","","","","","","","","","","","","","","",""
"","Greeting_Nationality","국적","Nationality","国籍","国籍","Quốc tịch","สัญชาติ","Гражданство","Kewarganegaraan","","","","","","","","","","","","","","","",""
"","Greeting_NationalityContent","대한민국","Republic of Korea","大韓民国","大韩民国","Hàn Quốc","สาธารณรัฐเกาหลี","Республика Корея","Republik Korea","","","","","","","","","","","","","","","",""
"","Greeting_BloodType","혈액형","Blood ","血液型","血型","Nhóm máu","กรุ๊ปเลือด","Группа крови","Golongan Darah","","","","","","","","","","","","","","","",""
"","Greeting_BloodTypeContent","O형","Type O","O型","O型","Nhóm máu O","กรุ๊ป O","Группа O","Golongan O","","","","","","","","","","","","","","","",""
"","Greeting_MBTI","MBTI","MBTI","MBTI","MBTI","MBTI","MBTI","MBTI","MBTI","","","","","","","","","","","","","","","",""
"","Greeting_MBTIContent","ENTP","ENTP","ENTP","ENTP","ENTP","ENTP","ENTP","ENTP","","","","","","","","","","","","","","","",""
"","Greeting_Hobby","취미","Hobbies","趣味","兴趣爱好","Sở thích","งานอดิเรก","Хобби","Hobi","","","","","","","","","","","","","","","",""
"","Greeting_HobbyContent","K-POP 댄스, 감성 카페 방문, 요가, 러닝","K-POP dance, visiting a trendy cafe, yoga, running","K-POPダンス、感性カフェ訪問、ヨガ、ランニング","韩流舞蹈、逛网红咖啡馆、瑜伽、跑步","Nhảy K-POP, ghé thăm quán cà phê thời thượng, tập yoga, chạy bộ","การเต้น K-POP, การไปคาเฟ่เก๋ๆ, โยคะ, การวิ่ง","Танцы K-POP, посещение модного кафе, йога, бег.","Tarian K-POP, mengunjungi kafe trendi, yoga, lari.","","","","","","","","","","","","","","","",""
"","Greeting_Specialty","특기","Specialty","特技","特长","Sở trường","ความสามารถพิเศษ","Особенности","Keahlian","","","","","","","","","","","","","","","",""
"","Greeting_SpecialtyContent","다국어 회화 능력, 여행 코스 추천, 노래 등","Multilingual conversation skills, travel itinerary recommendations, songs, etc.","多言語会話能力、旅行コース推薦、歌など","多语言会话技巧、旅行路线建议、歌曲等。","Kỹ năng giao tiếp đa ngôn ngữ, gợi ý lịch trình du lịch, bài hát, v.v.","ทักษะการสนทนาหลายภาษา, คำแนะนำเกี่ยวกับแผนการเดินทาง, เพลง และอื่นๆ","Навыки многоязычного общения, рекомендации по маршрутам путешествий, песни и т.д.","Kemampuan percakapan multibahasa, rekomendasi rencana perjalanan, lagu, dll.","","","","","","","","","","","","","","","",""
"","Greeting_FutureHope","장래희망","Dream","将来の夢","未来梦想","Ước mơ","ความฝันในอนาคต","Мечта","Cita-cita","","","","","","","","","","","","","","","",""
"","Greeting_FutureHopeContent","K-컬처와 로컬 전통을 결합해 새로운 관광·라이프스타일 콘텐츠를 만드는 크리에이터","Creators who create new tourism and lifestyle content by combining K-culture and local traditions","Kカルチャーとローカル伝統を組み合わせて新しい観光・ライフスタイルコンテンツを作るクリエイター","将韩国文化与当地传统相结合，创作全新旅游和生活方式内容的创作者","Những người sáng tạo tạo ra nội dung du lịch và phong cách sống mới bằng cách kết hợp văn hóa Hàn Quốc và truyền thống địa phương.","ผู้สร้างสรรค์คอนเทนต์ด้านการท่องเที่ยวและไลฟ์สไตล์ใหม่ๆ โดยผสมผสานวัฒนธรรมเกาหลีและประเพณีท้องถิ่น","Создатели нового контента в сфере туризма и образа жизни, сочетающие корейскую культуру и местные традиции.","Para kreator yang menciptakan konten pariwisata dan gaya hidup baru dengan menggabungkan budaya Korea dan tradisi lokal.","","","","","","","","","","","","","","","",""
"","Greeting_Introdution","자기소개","Intro","自己紹介","你好","Giới thiệu bản thân","แนะนำตัว","О себе","Profil Diri","","","","","","","","","","","","","","","",""
"","Greeting_IntrodutionContent","저는 현재 제주도 홍보모델로 활동하고 있어요! K-콘텐츠와 제주 문화에 관심을 가지고, 제주를 방문하는 여행객들에게 유용한 정보와 특별한 경험을 전달하고 있어요. 제주 주요 관광 거점에서 여행 안내부터 지역 콘텐츠 소개까지, 제주 여행의 즐거움을 함께 만들어갑니다.","I am currently working as a promotional model for Jeju Island! With an interest in K-content and Jeju culture, I deliver useful information and special experiences to travelers visiting the island. From providing travel guidance at major tourist hubs to introducing local content, I am helping to create the joy of traveling in Jeju.","私は現在済州島広報モデルとして活動しています！ K-コンテンツと済州文化に関心を持ち、済州を訪れる旅行者に有用な情報と特別な経験を伝えています。済州の主要観光拠点から旅行案内から地域コンテンツ紹介まで、済州旅行の楽しみを一緒に作ります。","我目前担任济州岛的推广模特！出于对韩国文化和济州岛风情的热爱，我致力于为到访济州岛的游客提供实用信息和独特体验。从在主要旅游枢纽提供旅行指导到介绍当地特色，我努力让游客们在济州岛的旅程充满乐趣。","Hiện tại tôi đang làm người mẫu quảng bá cho đảo Jeju! Với niềm đam mê nội dung Hàn Quốc và văn hóa Jeju, tôi cung cấp thông tin hữu ích và những trải nghiệm đặc biệt cho du khách đến thăm đảo. Từ việc hướng dẫn du lịch tại các điểm tham quan chính đến giới thiệu nội dung địa phương, tôi đang góp phần tạo nên niềm vui khi du lịch ở Jeju.","ปัจจุบันฉันทำงานเป็นนางแบบโปรโมทเกาะเชจู! ด้วยความสนใจในคอนเทนต์เกาหลีและวัฒนธรรมเชจู ฉันจึงมอบข้อมูลที่เป็นประโยชน์และประสบการณ์พิเศษให้กับนักท่องเที่ยวที่มาเยือนเกาะ ตั้งแต่ให้คำแนะนำการท่องเที่ยวในแหล่งท่องเที่ยวสำคัญ ไปจนถึงการแนะนำคอนเทนต์ท้องถิ่น ฉันช่วยสร้างความสุขในการท่องเที่ยวบนเกาะเชจูค่ะ","В настоящее время я работаю промо-моделью на острове Чеджу! Интересуясь корейским контентом и культурой Чеджу, я предоставляю полезную информацию и уникальные впечатления путешественникам, посещающим остров. От предоставления туристических рекомендаций в основных туристических центрах до знакомства с местным контентом, я помогаю сделать путешествие по Чеджу по-настоящему приятным.","Saat ini saya bekerja sebagai model promosi untuk Pulau Jeju! Dengan minat pada konten K-pop dan budaya Jeju, saya memberikan informasi bermanfaat dan pengalaman istimewa kepada para wisatawan yang mengunjungi pulau ini. Mulai dari memberikan panduan wisata di pusat-pusat wisata utama hingga memperkenalkan konten lokal, saya membantu menciptakan kegembiraan berwisata di Jeju.","","","","","","","","","","","","","","","",""
"","Greeting_Hobby_First","K-POP","K-POP","K-POP","K-POP","K-POP","K-POP","K-POP","K-POP","","","","","","","","","","","","","","","",""
"","Greeting_Hobby_First_Desc_1","K-POP 댄스로 에너지를 충전해요!","Recharge your energy with K-POP dance!","K-POPダンスでエネルギーを充電！","用K-POP舞蹈补充能量！","Hãy nạp lại năng lượng với điệu nhảy K-POP!","เติมพลังให้ตัวเองด้วยการเต้น K-POP!","Восстановите силы с помощью танцев K-POP!","Isi ulang energimu dengan tarian K-POP!","","","","","","","","","","","","","","","",""
"","Greeting_Hobby_First_Desc_2","좋아하는 안무를 하나씩 배우며 즐거운 시간을 보내요.  신나는 음악이 들리면 어디서든 리듬을 타게 된답니다.","Have a great time learning your favorite dance moves one by one. Whenever exciting music plays, you'll find yourself moving to the rhythm wherever you are.","好きな振り付けを一つずつ学び、楽しい時間を過ごします。  楽しい音楽が聞こえたらどこでもリズムに乗ることになります。","尽情享受学习你最喜欢的舞蹈动作的乐趣吧！每当动感的音乐响起，你都会情不自禁地随着节奏舞动起来。","Chúc bạn có khoảng thời gian tuyệt vời khi học từng bước nhảy yêu thích. Mỗi khi có nhạc sôi động vang lên, bạn sẽ thấy mình nhún nhảy theo điệu nhạc dù đang ở bất cứ đâu.","ขอให้สนุกกับการเรียนรู้ท่าเต้นที่คุณชื่นชอบทีละท่า เมื่อใดก็ตามที่เสียงเพลงสนุกสนานดังขึ้น คุณจะพบว่าตัวเองกำลังขยับตัวไปตามจังหวะไม่ว่าคุณจะอยู่ที่ไหนก็ตาม","Получайте удовольствие, разучивая свои любимые танцевальные движения одно за другим. Под зажигательную музыку вы будете двигаться в ритме, где бы вы ни находились.","Nikmati waktu menyenangkan mempelajari gerakan tari favoritmu satu per satu. Kapan pun musik yang asyik dimainkan, kamu akan ikut bergerak mengikuti irama di mana pun kamu berada.","","","","","","","","","","","","","","","",""
"","Greeting_Hobby_Second","런닝","Running","ランニング","跑步","Đang chạy","วิ่ง","Бег","Berlari","","","","","","","","","","","","","","","",""
"","Greeting_Hobby_Second_Desc_1","달리는 순간이 가장 행복해요!","The moment I run is the happiest!","走る瞬間が一番幸せです！","跑步的那一刻是我最快乐的时光！","Khoảnh khắc tôi chạy bộ là khoảnh khắc hạnh phúc nhất!","ช่วงเวลาที่ฉันวิ่งคือช่วงเวลาที่มีความสุขที่สุด!","Момент, когда я бегаю, — самый счастливый!","Saat aku berlari adalah saat paling bahagia!","","","","","","","","","","","","","","","",""
"","Greeting_Hobby_Second_Desc_2","상쾌한 바람을 맞으며 제주 곳곳을 달리는 시간을 사랑해요. 좋은 코스만 보이면 언제 어디서든 바로 러닝을 즐긴답니다.","I love the time I spend running all over Jeju while feeling the refreshing breeze. As long as I see a good course, I enjoy running right away, anytime and anywhere.","爽やかな風を迎え、済州のあちこちを走る時間が大好きです。良いコースを見れば、いつでもどこでもすぐにランニングを楽しんでいます。","我喜欢在济州岛四处奔跑，感受清爽的微风。只要找到合适的路线，我随时随地都乐意跑步。","Tôi thích khoảng thời gian chạy bộ khắp đảo Jeju và cảm nhận làn gió mát mẻ. Chỉ cần thấy một cung đường chạy đẹp, tôi đều thích chạy ngay lập tức, bất cứ lúc nào và bất cứ nơi đâu.","ฉันชอบช่วงเวลาที่ได้วิ่งไปทั่วเกาะเชจูพร้อมกับสัมผัสสายลมเย็นๆ ตราบใดที่ฉันเห็นเส้นทางที่ดี ฉันก็พร้อมวิ่งทันที ไม่ว่าจะที่ไหนหรือเมื่อไหร่ก็ตาม","Мне нравится проводить время, бегая по всему Чеджу и наслаждаясь освежающим ветерком. Как только я вижу подходящую трассу, я сразу же начинаю бегать в любое время и в любом месте.","Saya sangat menikmati waktu yang saya habiskan untuk berlari di seluruh Jeju sambil merasakan semilir angin yang menyegarkan. Selama saya melihat jalur yang bagus, saya langsung menikmati berlari, kapan saja dan di mana saja.","","","","","","","","","","","","","","","",""
"","Greeting_Hobby_Third","테니스","tennis","テニス","网球","quần vợt","เทนนิส","теннис","tenis","","","","","","","","","","","","","","","",""
"","Greeting_Hobby_Third_Desc_1","테니스는 내 스트레스 해소법!","Tennis is my way of relieving stress!","テニスは私のストレス解消法！ ","网球是我释放压力的方法！ ","Tennis là cách giải tỏa căng thẳng của mình!","เทนนิสคือวิธีคลายเครียดของฉัน!","Теннис — мой способ снять стресс!","Tenis adalah cara melepas stresku!","","","","","","","","","","","","","","","",""
"","Greeting_Hobby_Third_Desc_2","랠리를 이어가며 한 점 한 점 승부를 즐기는 시간이 가장 행복해요. 친구들과 함께 경기를 하거나 새로운 기술을 연습하며 건강한 에너지를 충전한답니다.","I am happiest when I enjoy the match point by point while continuing the rally. I recharge my healthy energy by playing matches with friends or practicing new skills.","ラリーを続けて一点一点勝負を楽しむ時間が一番幸せです。友達と一緒に試合をしたり、新しいスキルを練習して健康なエネルギーを充電したりします。","我最快乐的时候，就是享受比赛的每一分，不断进行拉锯战。和朋友们一起比赛或者练习新技能，都能让我重新焕发活力。","Tôi cảm thấy hạnh phúc nhất khi tận hưởng từng điểm số của trận đấu và tiếp tục duy trì nhịp độ. Tôi nạp lại năng lượng bằng cách chơi các trận đấu với bạn bè hoặc luyện tập các kỹ năng mới.","ฉันมีความสุขที่สุดเมื่อได้สนุกกับแมตช์ทีละแต้มไปพร้อมกับการตีโต้กันอย่างต่อเนื่อง ฉันเติมพลังให้ตัวเองด้วยการเล่นแมตช์กับเพื่อนๆ หรือฝึกฝนทักษะใหม่ๆ","Я чувствую себя наиболее счастливым, когда наслаждаюсь каждым розыгрышем, продолжая игру. Я восстанавливаю свою энергию, играя в матчи с друзьями или оттачивая новые навыки.","Saya paling bahagia ketika menikmati setiap poin pertandingan sambil terus melanjutkan reli. Saya mengisi kembali energi saya dengan bermain pertandingan bersama teman-teman atau berlatih keterampilan baru.","","","","","","","","","","","","","","","",""
"","Greeting_Healthy_Habit_First","목·어깨","Neck and shoulders","首・肩","颈部和肩部","Cổ và vai","คอและไหล่","Шея и плечи","Leher dan bahu","","","","","","","","","","","","","","","",""
"","Greeting_Healthy_Habit_First_Desc_1","여행의 설렘만큼 몸도 가볍게 풀어보세요.","Relax your body as lightly as the excitement of the trip.","旅行のときめきほど体も軽くほぐしてみてください。","放松你的身体，就像放松旅途中的兴奋一样轻松自在。","Hãy thư giãn cơ thể một cách nhẹ nhàng như sự hào hứng của chuyến đi.","ผ่อนคลายร่างกายของคุณให้สบายเหมือนกับความตื่นเต้นของการเดินทาง","Расслабьтесь, как и поддайтесь волнению от предстоящей поездки.","Rilekskan tubuh Anda seringan sensasi kegembiraan perjalanan ini.","","","","","","","","","","","","","","","",""
"","Greeting_Healthy_Habit_First_Desc_2","여행 중 쌓인 목과 어깨의 긴장을 가볍게 풀어보세요. 화면 속 동작을 천천히 따라 하며 몸을 리프레시하고, 더욱 편안한 여행을 이어가세요.","Gently relieve the tension in your neck and shoulders accumulated during your travels. Slowly follow the movements on the screen to refresh your body and continue your journey in greater comfort.","旅行中に溜まった首と肩の緊張を軽く解きます。画面の動きをゆっくりと追いながら体をリフレッシュし、より快適な旅行を続けてください。","轻柔地舒缓旅途中积累的颈肩紧张。跟随屏幕上的动作，缓慢地舒展身体，让您更加舒适地继续旅程。","Nhẹ nhàng giải tỏa căng thẳng ở cổ và vai tích tụ trong suốt chuyến đi. Từ từ thực hiện các động tác trên màn hình để làm mới cơ thể và tiếp tục hành trình thoải mái hơn.","ค่อยๆ คลายความตึงเครียดบริเวณคอและไหล่ที่สะสมมาจากการเดินทาง ค่อยๆ ทำตามท่าทางบนหน้าจอเพื่อผ่อนคลายร่างกายและเดินทางต่อได้อย่างสบายยิ่งขึ้น","Мягко снимите напряжение в шее и плечах, накопившееся во время путешествия. Медленно следуйте движениям на экране, чтобы освежить тело и продолжить поездку с большим комфортом.","Redakan ketegangan di leher dan bahu Anda yang menumpuk selama perjalanan. Ikuti gerakan di layar secara perlahan untuk menyegarkan tubuh Anda dan melanjutkan perjalanan dengan lebih nyaman.","","","","","","","","","","","","","","","",""
"","Greeting_Healthy_Habit_Second","허리","waist","ウエスト","腰部","thắt lưng","เอว","талия","pinggang","","","","","","","","","","","","","","","",""
"","Greeting_Healthy_Habit_Second_Desc_1","비행과 여행으로 지친 몸, 잠시 쉬어가세요.","Take a break from flying and traveling.","飛行と旅行で疲れた体、しばらく休んでください。","暂时放下飞行和旅行。","Hãy tạm nghỉ việc đi máy bay và du lịch.","พักจากการบินและการเดินทางบ้าง","Отдохните от перелетов и путешествий.","Istirahatlah dari penerbangan dan perjalanan.","","","","","","","","","","","","","","","",""
"","Greeting_Healthy_Habit_Second_Desc_2","오랜 이동으로 뻐근해진 허리를 시원하게 풀어보세요. 간단한 스트레칭으로 몸의 균형을 되찾고, 가벼운 몸으로 여행을 시작해 보세요.","Relieve the stiffness in your lower back caused by long journeys. Regain your body's balance with simple stretches and start your trip with a light body.","長年の移動で、パッとした腰を涼しくほぐしてみてください。 簡単なストレッチで体のバランスを取り戻し、軽い体で旅を始めましょう。","缓解长途旅行造成的腰背僵硬。通过简单的伸展运动恢复身体平衡，轻装上阵，开启您的旅程。","Giảm bớt sự cứng khớp ở vùng lưng dưới do những chuyến đi dài gây ra. Lấy lại sự cân bằng của cơ thể với những động tác giãn cơ đơn giản và bắt đầu chuyến đi với một cơ thể nhẹ nhàng.","บรรเทาอาการปวดเมื่อยบริเวณหลังส่วนล่างที่เกิดจากการเดินทางไกล คืนความสมดุลให้ร่างกายด้วยการยืดเหยียดง่ายๆ และเริ่มต้นการเดินทางด้วยร่างกายที่เบาสบาย","Избавьтесь от скованности в пояснице, вызванной длительными поездками. Восстановите равновесие тела с помощью простых упражнений на растяжку и начните путешествие с чувством легкости в теле.","Redakan kekakuan di punggung bawah Anda yang disebabkan oleh perjalanan panjang. Pulihkan keseimbangan tubuh Anda dengan peregangan sederhana dan mulailah perjalanan Anda dengan tubuh yang ringan.","","","","","","","","","","","","","","","",""
"","Greeting_Healthy_Habit_Third","기분전환","A change of pace","気分転換","节奏变化","Một sự thay đổi nhịp độ","การเปลี่ยนบรรยากาศ","Смена темпа","Perubahan suasana","","","","","","","","","","","","","","","",""
"","Greeting_Healthy_Habit_Third_Desc_1","잠시 멈춰, 기분 좋은 에너지를 채워보세요.","Pause for a moment and fill yourself with pleasant energy.","しばらく止まり、気持ちの良いエネルギーを満たしてください。","稍作停顿，让自己充满愉悦的情绪。","Hãy dừng lại một chút và lấp đầy bản thân bằng nguồn năng lượng tích cực.","หยุดพักสักครู่ แล้วเติมพลังแห่งความสุขให้กับตัวเอง","Остановитесь на мгновение и наполните себя приятной энергией.","Berhentilah sejenak dan isi dirimu dengan energi yang menyenangkan.","","","","","","","","","","","","","","","",""
"","Greeting_Healthy_Habit_Third_Desc_2","간단한 스트레칭을 따라 하며 긴장을 풀고, 여행 중 쌓인 피로를 자연스럽게 덜어보세요. 잠깐의 휴식이 제주 여행을 더욱 즐겁게 만드는 특별한 시간이 될 거예요.","Relax by following along with simple stretches and naturally relieve the fatigue accumulated during your trip. This brief rest will be a special time that makes your Jeju trip even more enjoyable.","簡単なストレッチに沿ってリラックスして、旅行中に積もった疲労を自然に和らげてください。ちょっとした休憩が済州旅行をもっと楽しくする特別な時間になります。","跟着做一些简单的伸展运动放松身心，自然地缓解旅途中积累的疲劳。这段短暂的休息将成为一段特别的时光，让您的济州岛之旅更加愉快。","Hãy thư giãn bằng cách thực hiện các động tác giãn cơ đơn giản và giải tỏa mệt mỏi tích lũy trong suốt chuyến đi một cách tự nhiên. Khoảng thời gian nghỉ ngơi ngắn này sẽ là một khoảnh khắc đặc biệt giúp chuyến đi Jeju của bạn trở nên thú vị hơn.","ผ่อนคลายด้วยการยืดเหยียดกล้ามเนื้ออย่างง่ายๆ และคลายความเหนื่อยล้าที่สะสมมาจากการเดินทางอย่างเป็นธรรมชาติ การพักผ่อนช่วงสั้นๆ นี้จะเป็นช่วงเวลาพิเศษที่ทำให้การเดินทางไปเกาะเชจูของคุณสนุกยิ่งขึ้น","Расслабьтесь, выполняя простые упражнения на растяжку, и естественным образом снимите усталость, накопившуюся во время поездки. Этот короткий отдых станет особенным временем, которое сделает ваше путешествие на Чеджу еще более приятным.","Bersantailah dengan mengikuti gerakan peregangan sederhana dan hilangkan kelelahan yang menumpuk selama perjalanan Anda secara alami. Istirahat singkat ini akan menjadi waktu istimewa yang membuat perjalanan Anda ke Jeju semakin menyenangkan.","","","","","","","","","","","","","","","",""
"","Help_Subtitle","* 지도에서 원하는 위치를 클릭하시면 상세정보를 보실 수 있어요.","Tap a place on the map for details.","地図の位置をタップすると詳細が見られます。","* 点击地图上想要的位置即可查看详细信息。","Chạm vị trí trên bản đồ để xem chi tiết.","* คลิกที่ตำแหน่งที่ต้องการบนแผนที่เพื่อดูข้อมูลรายละเอียด","Нажмите место на карте — откроются детали.","Ketuk lokasi di peta untuk detail.","","","","","","","","","","","","","","","",""
"","Help_International","국제선","International","国際線","国际线","Chuyến bay quốc tế","เที่ยวบินระหว่างประเทศ","Международные рейсы","Penerbangan Internasional","","","","","","","","","","","","","","","",""
"","Help_Domestic","국내선","Domestic","国内線","国内线","Chuyến bay nội địa","เที่ยวบินในประเทศ","Внутренние рейсы","Penerbangan Domestik","","","","","","","","","","","","","","","",""
"","Photo_HanbokTry","AR 한복체험  ","AR Hanbok Try-On","AR 韓服 体験","Ar 韩服 体验","Trải nghiệm Hanbok AR","ลองชุดฮันบก AR","Примерка ханбока в AR","Pengalaman Hanbok AR","","아이콘20","","","","","","","","","","","","","",""
"","Photo_HanbokSelect","의상 선택하기","Choose Hanbok","韓服を選ぶ","选择韩服","Chọn Hanbok/Trang phục","เลือกชุดฮันบก/เครื่องแต่งกาย","Выбор ханбока/костюма","Pilih Hanbok/Busana","","아이콘20","","","","","","","","","","","","","",""
"","Photo_HanbokSelectContent","원하시는 의상을 고르고 선택 완료 버튼을 누른뒤 사진촬영 버튼을 눌러주세요 ","Please choose your desired costume and press the ""Complete Selection"" button","お好きな衣装を選んで「選択完了」ボタンを押してください","请选择您喜欢的服装，然后点击“完成选择”按钮","Chọn trang phục, nhấn 'Đã chọn xong' rồi nhấn 'Chụp ảnh'.","เลือกชุดที่ชอบ กด 'เลือกเสร็จแล้ว' แล้วกด 'ถ่ายภาพ' ค่ะ","Выберите желаемый костюм, нажмите кнопку «Выбор завершен», а затем нажмите кнопку «Сделать фото».","Pilih busana, tekan 'Selesai Memilih' lalu 'Ambil Foto'.","","아이콘20","","","","","","","","","","","","","",""
"","Hanbok_1","제주","Jeju","済州","济州","Jeju","เชจู","Чеджу","Jeju","","아이콘20","","","","","","","","","","","","","",""
"","Hanbok_2","한복","Hanbok","韓服","韩服","Hanbok","ฮันบก","Ханбок","Hanbok","","아이콘20","","","","","","","","","","","","","",""
"","Hanbok_2-1","남자","man","男","男人","người đàn ông","ผู้ชาย","мужчина","pria","","","","","","","","","","","","","","","",""
"","Hanbok_2-2","여자","female","女性","女性","nữ giới","หญิง","женский","perempuan","","","","","","","","","","","","","","","",""
"","Hanbok_3","직업","","男性用韓服","男式韩服","Hanbok nam","ชุดฮันบกชาย","Мужской ханбок","Hanbok Pria","","아이콘20","","","","","","","","","","","","","",""
"","Hanbok_3-1","남자","man","男","男人","người đàn ông","ผู้ชาย","мужчина","pria","","","","","","","","","","","","","","","",""
"","Hanbok_3-2","여자","female","女性","女性","nữ giới","หญิง","женский","perempuan","","","","","","","","","","","","","","","",""
"","Hanbok_4","일상","","男性モデル","男性模特","Người mẫu nam","นายแบบ","Мужская модель","Model Pria","","아이콘20","","","","","","","","","","","","","",""
"","Hanbok_4-1","남자","man","男","男人","người đàn ông","ผู้ชาย","мужчина","pria","","","","","","","","","","","","","","","",""
"","Hanbok_4-2","여자","female","女性","女性","nữ giới","หญิง","женский","perempuan","","","","","","","","","","","","","","","",""
"","Hanbok_5","글로벌 ","World ","世界の衣装","世界服饰","Trang phục quốc tế","ชุดนานาชาติ","Мировые костюмы","Busana Global","","아이콘20","","","","","","","","","","","","","",""
"","Hanbok_6","이벤트","Events","イベント","活动 ","Sự kiện / Kỷ niệm","อีเวนต์ / วันสำคัญ","Мероприятия / Военный повар","Event / Peringatan","","아이콘20","","","","","","","","","","","","","",""
"","Hanbok_7","브랜드","Brand","ブランド","品牌","Trang phục thương hiệu","ชุดแบรนด์เนม","Брендовая одежда","Busana Brand","","아이콘20","","","","","","","","","","","","","",""
"","Hanbok_8","K-CULTURE","K-CULTURE","K-カルチャー","韩国文化","K-CULTURE","K-CULTURE","K-CULTURE","K-CULTURE","","아이콘20","","","","","","","","","","","","","",""
"","Hanbok_9","ComeUp","ComeUp","ComeUp","ComeUp","ComeUp","คอมอัพ","ComeUp","ComeUp","컴업용 [이벤트/기념일] 대신들어감","","","","","","","","","","","","","","",""
"","Photo_SelectConfirm","선택 완료","Complete Selection","選択完了","完成选择","Đã chọn xong","เลือกเสร็จแล้ว","Выбор завершен","Selesai Memilih","","아이콘20","","","","","","","","","","","","","",""
"","Photo_SelectAlone","사진촬영 (혼자찍기)","Solo Shot","ひとりで撮影","单人拍摄","Chụp ảnh (Chụp một mình)","ถ่ายรูป (ถ่ายคนเดียว)","Фотосъемка (один)","Foto (Sendiri)","","아이콘20","","","","","","","","","","","","","",""
"","Photo_SelectTogether","사진촬영 (with '귤이')","With ‘Gyuli’","写真撮影（with「ジェジュ」）","照片拍摄（与“夏英”）","Buổi chụp ảnh (cùng với 'Gyuli)","ถ่ายภาพ (กับ 'เชจู')","Фотосессия (с Чеджу)","Pemotretan (bersama 'Gyuli')","제주공항, 여객터미널에 적용","아이콘20","","","","","","","","","","","","","",""
"","Photo_SelectTogether","사진촬영 (with '유산')","With ‘Yusan’","写真撮影（with '遺産'）","照片拍摄（与“流产”有关）","Buổi chụp ảnh (với chủ đề 'Sảy thai')","ถ่ายภาพ (กับ 'การแท้งบุตร')","Фотосессия (с фильмом «Выкидыш»)","Sesi foto (dengan 'Keguguran')","제주유산문화센터에 적용","","","","","","","","","","","","","","",""
"","Photo_TakePhoto","사진촬영","Take Photo","写真を撮る","拍照","Chụp ảnh","ถ่ายภาพ","Сделать фото","Ambil Foto","","아이콘20","","","","","","","","","","","","","",""
"","Photo_TakePhotoContent","• 사진촬영 버튼을 누르고 좌측 카메라에 얼굴을 바라봐주세요.  
   10초후 촬영이 시작됩니다. 결과물이 나오면 QR이 제공됩니다. 
   QR에 핸드폰 카메라를 담으시면 핸드폰에 저장됩니다.  ","• Press Photo and look at the left camera. 
   The photo will be taken in 10 seconds. Save it to your phone. ","• 撮影を押して左のカメラを見てください。
   10秒後に開始し、結果は左と前の画面に表示されます。","• 按拍照按钮并看向左侧摄像头，10秒后开始拍摄。
   结果会显示在左侧和前方屏幕。","• Nhấn nút chụp và nhìn vào camera bên trái.
Chụp sau 10 giây. Sau đó mã QR sẽ hiện ra.
Quét mã QR bằng điện thoại để lưu ảnh.","• กดปุ่มถ่ายภาพแล้วมองไปที่กล้องทางซ้ายค่ะ
จะเริ่มถ่ายใน 10 วินาที และมี QR ปรากฏขึ้น
สแกน QR ด้วยมือถือเพื่อบันทึกรูปค่ะ","• Нажмите кнопку съемки и посмотрите в левую камеру.
Съемка начнется через 10 секунд. После завершения появится QR-код.
Отсканируйте QR-код камерой телефона, чтобы сохранить фото на устройство.","• Tekan tombol foto dan lihat kamera di sisi kiri.
Foto dimulai dlm 10 detik. QR akan muncul setelahnya.
Scan QR dengan ponsel untuk menyimpan foto.","","아이콘20","","","","","","","","","","","","","",""
"","Photo_PrivacyPolicy","[개인정보활용동의]","[Consent to Use of Personal Information]","[個人情報利用同意]","[同意使用个人信息]","[Đồng ý dùng thông tin cá nhân]","[ยินยอมการใช้ข้อมูลส่วนบุคคล]","[Согласие на обработку персональных данных]","[Persetujuan Data Pribadi]","","아이콘20","","","","","","","","","","","","","",""
"","Photo_PrivacyPolicyContent","개인정보 처리방침
1. 개인정보의 수집 항목 및 방법
당사는 서비스 제공을 위해 아래와 같은 개인정보를 수집합니다:

필수 항목: 사진 파일 및 관련 메타데이터, 국적, 키
수집 방법: 사용자가 키오스크에서 의상을 선택후 사진촬영을 통해 생성되는 합성 사진 정보 및 사용자가 키오스크에서 직접 입력한 국적·키 정보

2. 개인정보의 수집 및 이용 목적
당사는 수집한 개인정보를 다음과 같은 목적을 위해 이용합니다:

서비스 제공: 사용자에게 사진 합성 사진 데이터 제공
통계 분석: 국적·키를 이용 현황 집계·분석에 활용하여 서비스를 개선
알림 및 마케팅: 이벤트, 프로모션, 광고 등 사용자 맞춤형 정보를 제공하기 위한 활용

3. 개인정보의 보유 및 이용 기간
당사는 사용자의 개인정보를 수집한 목적을 달성할 때까지 보유하며, 이용 목적이 달성된 후에는 즉시 안전하게 파기합니다. 사용자가 탈퇴를 요청하거나 이용을 중단할 경우에도 개인정보는 관련 법령에 따라 일정 기간 보유한 후 파기됩니다.

4. 개인정보의 제3자 제공
당사는 사용자의 개인정보를 원칙적으로 제3자에게 제공하지 않습니다. 다만, 다음과 같은 경우에 한해 개인정보를 제공할 수 있습니다:

법적 의무: 법령에 의한 요구나 법적 절차에 따르는 경우
서비스 제공을 위한 제휴사: 기능 및 프로모션 제공을 위해 필요한 외부 업체와의 협력 시, 최소한의 개인정보를 공유할 수 있습니다.
사용자의 사전 동의: 사용자가 동의한 경우에 한해 개인정보를 제공할 수 있습니다.

5. 개인정보의 안전성 확보 조치
당사는 사용자의 개인정보를 보호하기 위해 다음과 같은 조치를 취하고 있습니다:

데이터 암호화: 개인정보를 암호화하여 저장하고 전송합니다.
접근 제한: 개인정보에 대한 접근을 필요한 직원 및 제휴사로 제한합니다.
보안 업데이트: 정기적인 보안 점검 및 업데이트를 통해 시스템의 취약점을 방지합니다.

6. 개인정보 처리방침의 변경
본 개인정보 처리방침은 법적 요구사항이나 서비스 변경에 따라 수정될 수 있습니다. 변경 사항이 있을 경우, 변경된 사항을 앱 내 또는 웹사이트를 통해 고지합니다.

7. 개인정보 보호 담당자
담당자: 진현욱 
연락처: company@witworldwide.com
","Privacy Policy

1. Items and Methods of Personal Information Collection

We collect the following personal information to provide our services:

Required Items: Photo files and related metadata, nationality, height

Collection Method: Composite photo information generated by taking a photo after the user selects an outfit at the kiosk, and nationality and height information directly entered by the user at the kiosk

2. Purpose of Collection and Use of Personal Information

We use the collected personal information for the following purposes:

Service Provision: Providing composite photo data to users

Statistical Analysis: Utilizing nationality and height for the aggregation and analysis of usage status to improve services

Notifications and Marketing: Utilizing information to provide customized information to users, such as events, promotions, and advertisements

3. Retention and Use Period of Personal Information

We retain users' personal information until the purpose for which it was collected is achieved, and we immediately and safely destroy it once the purpose of use is fulfilled. Even if a user requests withdrawal or discontinues use, personal information will be retained for a certain period in accordance with relevant laws and regulations before being destroyed.

4. Provision of Personal Information to Third Parties

In principle, we do not provide users' personal information to third parties. However, personal information may be provided only in the following cases:

Legal Obligation: When required by laws or in accordance with legal procedures

Affiliates for Service Provision: Minimal personal information may be shared when cooperating with external companies necessary to provide features and promotions.

User Prior Consent: Personal information may be provided only if the user has consented.

5. Measures to Ensure the Safety of Personal Information

We take the following measures to protect users' personal information:

Data Encryption: Personal information is encrypted when stored and transmitted.

Access Restriction: Access to personal information is restricted to necessary employees and affiliates.

Security Updates: We prevent system vulnerabilities through regular security checks and updates.

6. Changes to the Privacy Policy

This Privacy Policy may be modified in accordance with legal requirements or service changes. In the event of any changes, we will notify you within the app or via the website.

7. Privacy Officer

Officer: Jin Hyun-wook

Contact: company@witworldwide.com","個人情報処理方針
1. 個人情報の収集項目及び方法
当社は、サービス提供のために以下の個人情報を収集します。

必須：写真ファイルと関連メタデータ、国籍、キー
収集方法：ユーザーがキオスクで衣装を選択した後、写真撮影を通じて生成される合成写真情報およびユーザーがキオスクで直接入力した国籍・キー情報

2. 個人情報の収集及び利用目的
当社は、収集した個人情報を以下の目的のために利用します。

サービス提供：ユーザーに写真合成写真データを提供する
統計分析：国籍・鍵を利用現況集計・分析に活用してサービスを改善
通知とマーケティング：イベント、プロモーション、広告などのカスタマイズされた情報を提供するための活用

3. 個人情報の保有及び利用期間
当社は、ユーザーの個人情報を収集した目的を達成するまで保有し、利用目的が達成された後は直ちに安全に破棄します。利用者が退会を要請したり利用を中断した場合でも、個人情報は関連法令により一定期間保有してから破棄されます。

4. 個人情報の第三者提供
当社は、ユーザーの個人情報を原則として第三者に提供しません。ただし、以下の場合に限り個人情報を提供することができます。

法的義務：法令による要求や法的手続に従う場合
サービスを提供するためのアフィリエイト：機能やプロモーションを提供するために必要な外部の企業と協力して、最小限の個人情報を共有できます。
ユーザーの事前同意：ユーザーが同意した場合に限り、個人情報を提供することができます。

5. 個人情報の安全性確保措置
当社は、ユーザーの個人情報を保護するために、次の措置を講じています。

データ暗号化：個人情報を暗号化して保存して転送します。
アクセス制限：個人情報へのアクセスを必要な従業員とアフィリエイトに制限します。
セキュリティアップデート：定期的なセキュリティチェックとアップデートにより、システムの脆弱性を防ぎます。

6. 個人情報処理方針の変更
本プライバシーポリシーは、法的要件またはサービスの変更に応じて変更されることがあります。変更がある場合は、変更内容をアプリ内またはウェブサイトから通知します。

7. 個人情報保護担当者
担当者：ジン・ヒョンウク 
連絡先：company@witworldwide.com
","隐私政策

1. 个人信息收集项目及方式

我们收集以下个人信息以提供服务：

必要项目：照片文件及相关元数据、国籍、身高

收集方式：用户在自助服务终端选择服装后拍照生成的合成照片信息，以及用户在自助服务终端直接输入的国籍和身高信息

2. 个人信息收集及使用目的

我们使用收集的个人信息用于以下目的：

服务提供：向用户提供合成照片数据

统计分析：利用国籍和身高信息汇总分析用户使用情况，以改进服务

通知及营销：利用这些信息向用户提供个性化信息，例如活动、促销和广告

3. 个人信息保留及使用期限

我们将用户的个人信息保留至达到收集目的为止，并在目的达成后立即安全销毁。即使用户要求撤回或停止使用，个人信息仍将根据相关法律法规保留一定期限，之后予以销毁。

4. 向第三方提供个人信息

原则上，我们不会将用户的个人信息提供给第三方。但是，在以下情况下，我们可能会提供个人信息：

法律义务：法律要求或根据法律程序要求。

为提供服务而与关联公司合作：为提供功能和促销活动，与外部公司合作时，可能会共享少量个人信息。

用户事先同意：只有在用户同意的情况下，我们才会提供个人信息。

5. 保障个人信息安全的措施

我们采取以下措施保护用户的个人信息：

数据加密：个人信息在存储和传输过程中均进行加密。

访问限制：只有必要的员工和关联公司才能访问个人信息。

安全更新：我们通过定期进行安全检查和更新来防止系统漏洞。

6. 隐私政策变更

本隐私政策可能会根据法律要求或服务变更进行修改。如有任何变更，我们将通过应用程序或网站通知您。

7. 隐私专员

专员：Jin Hyun-wook

联系方式：company@witworldwide.com","Chính sách Bảo mật

1. Các Mục và Phương pháp Thu thập Thông tin Cá nhân

Chúng tôi thu thập các thông tin cá nhân sau đây để cung cấp dịch vụ của mình:

Các mục bắt buộc: Tệp ảnh và siêu dữ liệu liên quan, quốc tịch, chiều cao

Phương pháp thu thập: Thông tin ảnh tổng hợp được tạo ra bằng cách chụp ảnh sau khi người dùng chọn trang phục tại ki-ốt, và thông tin quốc tịch và chiều cao do người dùng nhập trực tiếp tại ki-ốt

2. Mục đích Thu thập và Sử dụng Thông tin Cá nhân

Chúng tôi sử dụng thông tin cá nhân đã thu thập cho các mục đích sau:

Cung cấp Dịch vụ: Cung cấp dữ liệu ảnh tổng hợp cho người dùng

Phân tích Thống kê: Sử dụng quốc tịch và chiều cao để tổng hợp và phân tích tình trạng sử dụng nhằm cải thiện dịch vụ

Thông báo và Tiếp thị: Sử dụng thông tin để cung cấp thông tin tùy chỉnh cho người dùng, chẳng hạn như sự kiện, chương trình khuyến mãi và quảng cáo

3. Thời gian Lưu trữ và Sử dụng Thông tin Cá nhân

Chúng tôi lưu trữ thông tin cá nhân của người dùng cho đến khi mục đích thu thập được hoàn thành, và chúng tôi sẽ ngay lập tức và an toàn hủy bỏ thông tin đó sau khi mục đích sử dụng được hoàn thành. Ngay cả khi người dùng yêu cầu rút lại sự đồng ý hoặc ngừng sử dụng, thông tin cá nhân vẫn sẽ được lưu giữ trong một khoảng thời gian nhất định theo quy định của pháp luật hiện hành trước khi bị hủy bỏ.

4. Cung cấp Thông tin Cá nhân cho Bên thứ ba

Về nguyên tắc, chúng tôi không cung cấp thông tin cá nhân của người dùng cho bên thứ ba. Tuy nhiên, thông tin cá nhân chỉ có thể được cung cấp trong các trường hợp sau:

Nghĩa vụ pháp lý: Khi được yêu cầu bởi pháp luật hoặc theo quy trình pháp lý

Các đối tác cung cấp dịch vụ: Một số thông tin cá nhân tối thiểu có thể được chia sẻ khi hợp tác với các công ty bên ngoài cần thiết để cung cấp các tính năng và chương trình khuyến mãi.

Sự đồng ý trước của người dùng: Thông tin cá nhân chỉ được cung cấp nếu người dùng đã đồng ý.

5. Các biện pháp đảm bảo an toàn thông tin cá nhân

Chúng tôi thực hiện các biện pháp sau để bảo vệ thông tin cá nhân của người dùng:

Mã hóa dữ liệu: Thông tin cá nhân được mã hóa khi lưu trữ và truyền tải.

Hạn chế truy cập: Quyền truy cập vào thông tin cá nhân bị hạn chế đối với các nhân viên và đối tác cần thiết.

Cập nhật bảo mật: Chúng tôi ngăn chặn các lỗ hổng hệ thống thông qua việc kiểm tra và cập nhật bảo mật thường xuyên.

6. Thay đổi Chính sách Bảo mật

Chính sách Bảo mật này có thể được sửa đổi theo yêu cầu pháp lý hoặc thay đổi dịch vụ. Trong trường hợp có bất kỳ thay đổi nào, chúng tôi sẽ thông báo cho bạn trong ứng dụng hoặc qua trang web.

7. Cán bộ phụ trách Bảo mật

Cán bộ: Jin Hyun-wook

Liên hệ: company@witworldwide.com","นโยบายความเป็นส่วนตัว

1. รายการและวิธีการเก็บรวบรวมข้อมูลส่วนบุคคล

เราเก็บรวบรวมข้อมูลส่วนบุคคลต่อไปนี้เพื่อให้บริการของเรา:

รายการที่จำเป็น: ไฟล์ภาพถ่ายและข้อมูลเมตาที่เกี่ยวข้อง สัญชาติ ส่วนสูง

วิธีการเก็บรวบรวม: ข้อมูลภาพถ่ายรวมที่สร้างขึ้นโดยการถ่ายภาพหลังจากผู้ใช้เลือกชุดที่ตู้คีออสก์ และข้อมูลสัญชาติและส่วนสูงที่ผู้ใช้ป้อนโดยตรงที่ตู้คีออสก์

2. วัตถุประสงค์ของการเก็บรวบรวมและการใช้ข้อมูลส่วนบุคคล

เราใช้ข้อมูลส่วนบุคคลที่เก็บรวบรวมไว้เพื่อวัตถุประสงค์ดังต่อไปนี้:

การให้บริการ: การให้ข้อมูลภาพถ่ายรวมแก่ผู้ใช้

การวิเคราะห์ทางสถิติ: การใช้สัญชาติและส่วนสูงเพื่อรวบรวมและวิเคราะห์สถานะการใช้งานเพื่อปรับปรุงบริการ

การแจ้งเตือนและการตลาด: การใช้ข้อมูลเพื่อให้ข้อมูลที่ปรับแต่งเฉพาะบุคคลแก่ผู้ใช้ เช่น กิจกรรม โปรโมชั่น และโฆษณา

3. ระยะเวลาการเก็บรักษาและการใช้ข้อมูลส่วนบุคคล

เราเก็บรักษาข้อมูลส่วนบุคคลของผู้ใช้ไว้จนกว่าจะบรรลุวัตถุประสงค์ที่เก็บรวบรวมไว้ และเราจะทำลายข้อมูลนั้นทันทีและปลอดภัยเมื่อบรรลุวัตถุประสงค์การใช้งานแล้ว แม้ว่าผู้ใช้จะร้องขอถอนตัวหรือยุติการใช้งาน ข้อมูลส่วนบุคคลจะยังคงถูกเก็บรักษาไว้เป็นระยะเวลาหนึ่งตามกฎหมายและข้อบังคับที่เกี่ยวข้อง ก่อนที่จะถูกทำลาย

4. การเปิดเผยข้อมูลส่วนบุคคลแก่บุคคลที่สาม

โดยหลักการแล้ว เราจะไม่เปิดเผยข้อมูลส่วนบุคคลของผู้ใช้แก่บุคคลที่สาม อย่างไรก็ตาม ข้อมูลส่วนบุคคลอาจถูกเปิดเผยได้เฉพาะในกรณีต่อไปนี้:

ภาระผูกพันทางกฎหมาย: เมื่อกฎหมายกำหนดหรือตามขั้นตอนทางกฎหมาย

บริษัทในเครือเพื่อการให้บริการ: ข้อมูลส่วนบุคคลขั้นต่ำอาจถูกแบ่งปันเมื่อร่วมมือกับบริษัทภายนอกที่จำเป็นในการให้บริการและโปรโมชั่น

ความยินยอมล่วงหน้าของผู้ใช้: ข้อมูลส่วนบุคคลอาจถูกเปิดเผยได้ก็ต่อเมื่อผู้ใช้ได้ให้ความยินยอมแล้วเท่านั้น

5. มาตรการเพื่อความปลอดภัยของข้อมูลส่วนบุคคล

เราใช้มาตรการต่อไปนี้เพื่อปกป้องข้อมูลส่วนบุคคลของผู้ใช้:

การเข้ารหัสข้อมูล: ข้อมูลส่วนบุคคลจะถูกเข้ารหัสเมื่อจัดเก็บและส่งผ่าน

การจำกัดการเข้าถึง: การเข้าถึงข้อมูลส่วนบุคคลถูกจำกัดเฉพาะพนักงานและบริษัทในเครือที่จำเป็นเท่านั้น

การอัปเดตความปลอดภัย: เราป้องกันช่องโหว่ของระบบผ่านการตรวจสอบและอัปเดตความปลอดภัยเป็นประจำ

6. การเปลี่ยนแปลงนโยบายความเป็นส่วนตัว

นโยบายความเป็นส่วนตัวนี้อาจได้รับการแก้ไขตามข้อกำหนดทางกฎหมายหรือการเปลี่ยนแปลงบริการ ในกรณีที่มีการเปลี่ยนแปลงใดๆ เราจะแจ้งให้คุณทราบภายในแอปหรือผ่านทางเว็บไซต์

7. เจ้าหน้าที่คุ้มครองข้อมูลส่วนบุคคล

เจ้าหน้าที่: จิน ฮยอน-วุค

ติดต่อ: company@witworldwide.com","Политика конфиденциальности

1. Элементы и методы сбора персональной информации

Для предоставления наших услуг мы собираем следующую персональную информацию:

Обязательные элементы: Файлы фотографий и связанные с ними метаданные, гражданство, рост

Метод сбора: Составная фотоинформация, полученная путем фотографирования после выбора пользователем одежды в киоске, а также информация о гражданстве и росте, непосредственно введенная пользователем в киоске

2. Цель сбора и использования персональной информации

Мы используем собранную персональную информацию для следующих целей:

Предоставление услуг: Предоставление пользователям составных фотоданных

Статистический анализ: Использование гражданства и роста для агрегирования и анализа статуса использования с целью улучшения услуг

Уведомления и маркетинг: Использование информации для предоставления пользователям персонализированной информации, такой как события, акции и реклама

3. Срок хранения и использования персональной информации

Мы храним персональную информацию пользователей до достижения цели, для которой она была собрана, и немедленно и безопасно уничтожаем ее после достижения цели использования. Даже если пользователь запрашивает отказ от использования или прекращает использование сервиса, персональные данные будут храниться в течение определенного периода в соответствии с действующим законодательством и нормативными актами, после чего будут уничтожены.

4. Предоставление персональных данных третьим лицам

В принципе, мы не предоставляем персональные данные пользователей третьим лицам. Однако предоставление персональных данных может осуществляться только в следующих случаях:

Юридическое обязательство: когда это требуется в соответствии с законодательством или в рамках правовых процедур.

Аффилированные компании для предоставления услуг: минимальное количество персональных данных может быть передано при сотрудничестве с внешними компаниями, необходимыми для предоставления функций и проведения рекламных акций.

Предварительное согласие пользователя: персональные данные могут быть предоставлены только с согласия пользователя.

5. Меры по обеспечению безопасности персональных данных

Мы принимаем следующие меры для защиты персональных данных пользователей:

Шифрование данных: персональные данные шифруются при хранении и передаче.

Ограничение доступа: доступ к персональным данным ограничен необходимыми сотрудниками и аффилированными лицами.

Обновления безопасности: мы предотвращаем уязвимости системы посредством регулярных проверок безопасности и обновлений.

6. Изменения в Политике конфиденциальности

Настоящая Политика конфиденциальности может быть изменена в соответствии с требованиями законодательства или изменениями в предоставляемых услугах. В случае каких-либо изменений мы уведомим вас в приложении или на веб-сайте.

7. Ответственный за соблюдение конфиденциальности

Ответственный: Джин Хён-ук

Контакты: company@witworldwide.com","Kebijakan Privasi

1. Item dan Metode Pengumpulan Informasi Pribadi

Kami mengumpulkan informasi pribadi berikut untuk menyediakan layanan kami:

Item yang Diperlukan: File foto dan metadata terkait, kewarganegaraan, tinggi badan

Metode Pengumpulan: Informasi foto komposit yang dihasilkan dengan mengambil foto setelah pengguna memilih pakaian di kios, dan informasi kewarganegaraan dan tinggi badan yang langsung dimasukkan oleh pengguna di kios

2. Tujuan Pengumpulan dan Penggunaan Informasi Pribadi

Kami menggunakan informasi pribadi yang dikumpulkan untuk tujuan berikut:

Penyediaan Layanan: Menyediakan data foto komposit kepada pengguna

Analisis Statistik: Memanfaatkan kewarganegaraan dan tinggi badan untuk agregasi dan analisis status penggunaan guna meningkatkan layanan

Pemberitahuan dan Pemasaran: Memanfaatkan informasi untuk memberikan informasi yang disesuaikan kepada pengguna, seperti acara, promosi, dan iklan

3. Masa Penyimpanan dan Penggunaan Informasi Pribadi

Kami menyimpan informasi pribadi pengguna hingga tujuan pengumpulannya tercapai, dan kami segera dan aman menghancurkannya setelah tujuan penggunaan terpenuhi. Meskipun pengguna meminta penarikan atau menghentikan penggunaan, informasi pribadi akan tetap disimpan untuk jangka waktu tertentu sesuai dengan hukum dan peraturan yang berlaku sebelum dimusnahkan.

4. Pemberian Informasi Pribadi kepada Pihak Ketiga

Pada prinsipnya, kami tidak memberikan informasi pribadi pengguna kepada pihak ketiga. Namun, informasi pribadi hanya dapat diberikan dalam kasus-kasus berikut:

Kewajiban Hukum: Jika diwajibkan oleh hukum atau sesuai dengan prosedur hukum

Afiliasi untuk Penyediaan Layanan: Informasi pribadi minimal dapat dibagikan saat bekerja sama dengan perusahaan eksternal yang diperlukan untuk menyediakan fitur dan promosi.

Persetujuan Pengguna Sebelumnya: Informasi pribadi hanya dapat diberikan jika pengguna telah memberikan persetujuan.

5. Langkah-langkah untuk Memastikan Keamanan Informasi Pribadi

Kami mengambil langkah-langkah berikut untuk melindungi informasi pribadi pengguna:

Enkripsi Data: Informasi pribadi dienkripsi saat disimpan dan ditransmisikan.

Pembatasan Akses: Akses ke informasi pribadi dibatasi hanya untuk karyawan dan afiliasi yang diperlukan.

Pembaruan Keamanan: Kami mencegah kerentanan sistem melalui pemeriksaan dan pembaruan keamanan secara berkala.

6. Perubahan Kebijakan Privasi

Kebijakan Privasi ini dapat dimodifikasi sesuai dengan persyaratan hukum atau perubahan layanan. Jika terjadi perubahan, kami akan memberi tahu Anda melalui aplikasi atau situs web.

7. Petugas Privasi

Petugas: Jin Hyun-wook

Kontak: company@witworldwide.com","","아이콘20","","","","","","","","","","","","","",""
"","Photo_Start","촬영시작","Start Shooting","撮影開始","开始拍摄","Bắt đầu chụp","เริ่มถ่ายภาพ","Начать съемку","Mulai Ambil Foto","","아이콘20","","","","","","","","","","","","","",""
"","Photo_QRExplain","사진을 저장하려면 <color=#FE6C50>QR을 카메라로 찍어주세요!</color>","To save your photo, <color=#FE6C50>scan the QR!</color>","写真を保存するには<color=#FE6C50>QRコードをスキャンしてください！</color>","若要保存照片，请<color=#FE6C50>扫描二维码！</color>","Quét mã QR để lưu ảnh của bạn!","สแกนคิวอาร์โค้ดเพื่อบันทึกรูปภาพค่ะ!","Чтобы сохранить фото, <color=#FE6C50>отсканируйте QR-код!</color>","Scan kode QR untuk menyimpan foto Anda!","","아이콘20","","","","","","","","","","","","","",""
"","Photo_Save","저장하기","Jeju","済州","济州","Jeju","เชจู","Чеджу","Jeju","","아이콘20","","","","","","","","","","","","","",""
"","Photo_Home","다시찍기","Hanbok","韓服","韩服","Hanbok","ฮันบก","Ханбок","Hanbok","","아이콘20","","","","","","","","","","","","","",""
"","Photo_SNS","QR을 통해서 내 핸드폰에 저장하고 다양한 SNS에 올려보세요 
한복 착장에 관한 이벤트가 준비중이니 많은 참여 바랍니다. ","Scan the QR to save and share on socials! Stay tuned for our Hanbok event.","QRで保存してSNSにシェア！韓服イベントも準備中なのでお楽しみに。","扫码保存并分享至社交平台！韩服活动筹备中，敬请期待。","Lưu về máy qua QR và chia sẻ lên mạng xã hội.
Sắp có sự kiện thử Hanbok, hãy cùng tham gia nhé!","บันทึกรูปผ่าน QR และแชร์ลงโซเชียลกันนะคะ
กิจกรรมลองชุดฮันบกกำลังจะเริ่ม เชิญมาร่วมสนุกค่ะ","Сохраните фото на телефон с помощью QR-кода и делитесь им в социальных сетях!\nГотовится мероприятие по примерке ханбоков, надеемся на ваше активное участие.","Simpan ke ponsel via QR dan bagikan ke Sosmed.
Event Hanbok segera hadir, ayo ikutan!","","아이콘20","","","","","","","","","","","","","",""
"","HanbokExplain_HanbokDesigner","[WIT AI SMART KIOSK] 에 AR로 착용하는 한복은 
대한민국의 한복 명인 박술녀’ 디자이너 선생님이 제공해주신 한복입니다.  ","The hanbok worn via AR on the [WIT AI SMART KIOSK] is provided by 
Park Sul-nyeo, a master hanbok designer from South Korea.","[WIT AI SMART KIOSK]でARを使って着用する韓服は、韓国の韓服名匠であるパク・スルニョデザイナー先生が提供してくださいました。","[WIT AI SMART KIOSK]中通过AR试穿的韩服是由韩国韩服名匠朴述女设计师提供的。","Trang phục Hanbok AR trên [WIT AI SMART KIOSK] được cung cấp bởi nghệ nhân Hanbok Hàn Quốc 'Park Sul-nyeo'.","ชุดฮันบก AR บน [WIT AI SMART KIOSK] ได้รับการสนับสนุนโดยดีไซเนอร์ 'พัคซุลนยอ' ปรมาจารย์ด้านชุดฮันบกของเกาหลีค่ะ","Ханбок, который вы можете примерить с помощью AR в [WIT AI SMART KIOSK], предоставлен Пак Суль Нё, выдающимся дизайнером ханбоков из Южной Кореи.","Hanbok AR di [WIT AI SMART KIOSK] disediakan oleh Master Desainer Hanbok ternama Korea, 'Park Sul-nyeo'.","","아이콘20","","","","","","","","","","","","","",""
"","HanbokExplain_HanbokExplainContent","한복은 한국 전통 의복으로, 오랜 역사와 전통을 가진 옷입니다.
한복은 고유의 아름다움과 독특한 디자인으로 한국 문화를 대표하는  상징 중 하나로 
여겨지며, 특별한 행사나 명절 때 주로 착용됩니다. 
직선적인 서양 복식과 달리, 한복은 부드럽게 흐르는 선과 넉넉한 옷자락이 특징입니다. 
전통적으로, 한복의 색은 사회적 지위, 연령, 계절 등에 따라 다르게 선택되었으며, 
색상의 조합은 옷을 입는 사람의 개성과 상황을 반영합니다. 
한복은 단순한 의복을 넘어 한국의 전통과 문화를 상징하는 중요한 문화유산으로, 세계적으로도 그 아름다움을 인정받고 있습니다. 
바로 지금, 저 귤이가 한복을 입은 여러분들의 예쁜 모습을 화면속에 담아드릴게요! 
한복 착장서비스를 시작해보세요 ~~","Occupation","韓服（ハンボク）は、韓国の伝統衣装で、長い歴史と美しいデザインを持ち、特別な行事や祝日に着用されます。
柔らかなラインとゆったりとしたシルエットが特徴で、色の組み合わせには着る人の個性や背景が表れます。
韓服は韓国文化を象徴する重要な文化遺産として、世界でもその美しさが認められています。
今、インサが韓服姿の皆さんを画面に映し出します！
韓服着用サービスを体験してみましょう〜","韩服是韩国传统服饰，拥有悠久历史，以柔美的线条和独特设计著称。
它常在节日或特别场合穿着，颜色选择体现身份、年龄与个性。
韩服不仅是服装，更是韩国文化的重要象征，因其美丽而享誉全球。
现在，我是(Jeju)，要把你穿韩服的美丽模样展现在屏幕上！
快来体验韩服穿搭服务吧〜

","Hanbok là trang phục truyền thống của Hàn Quốc với lịch sử lâu đời. Với vẻ đẹp riêng biệt và thiết kế độc đáo, Hanbok được coi là biểu tượng văn hóa tiêu biểu của Hàn Quốc, thường được mặc vào các dịp lễ tết hoặc sự kiện đặc biệt. Khác với trang phục phương Tây có đường nét góc cạnh, Hanbok đặc trưng bởi những đường cong mềm mại và tà áo rộng rãi. Theo truyền thống, màu sắc được lựa chọn dựa trên địa vị, độ tuổi, mùa màng, phản ánh cá tính và hoàn cảnh của người mặc. Vượt xa một bộ trang phục, Hanbok là di sản văn hóa thế giới. Ngay bây giờ, tôi sẽ giúp bạn lưu lại khoảnh khắc xinh đẹp trong bộ Hanbok! Hãy bắt đầu dịch vụ mặc thử Hanbok nào!","ชุดฮันบกคือชุดประจำชาติเกาหลีที่มีประวัติศาสตร์อันยาวนาน ด้วยความงามที่เป็นเอกลักษณ์และดีไซน์ที่โดดเด่น จึงถือเป็นหนึ่งในสัญลักษณ์ทางวัฒนธรรมที่สำคัญและมักสวมใส่ในเทศกาลหรือโอกาสพิเศษ ชุดฮันบกต่างจากเสื้อผ้าตะวันตกตรงที่มีเส้นสายที่นุ่มนวลและชายเสื้อที่พลิ้วไหว ตามธรรมเนียมเดิม การเลือกสีจะขึ้นอยู่กับสถานะ อายุ และฤดูกาล ซึ่งสะท้อนถึงบุคลิกและโอกาสของผู้สวมใส่ ชุดฮันบกเป็นมรดกทางวัฒนธรรมที่ทั่วโลกยอมรับ ตอนนี้ฉันจะบันทึกภาพอันสวยงามของคุณในชุดฮันบกลงบนหน้าจอให้นะคะ! มาเริ่มใช้บริการลองชุดฮันบกกันเลยค่ะ!","Ханбок — это традиционная корейская одежда с долгой историей и традициями.\nБлагодаря своей неповторимой красоте и уникальному дизайну ханбок считается одним из символов корейской культуры и надевается в основном на особые мероприятия и праздники.\nВ отличие от западной одежды с прямыми линиями, ханбок отличается мягкими плавными линиями и свободным кроем.\nТрадиционно цвета ханбока подбирались в зависимости от социального статуса, возраста и времени года, а сочетание цветов отражало индивидуальность человека и ситуацию.\nХанбок — это не просто одежда, а важное культурное наследие, символизирующее традиции и культуру Кореи, красота которого признана во всем мире.\nПрямо сейчас я, Инса, запечатлею ваш прекрасный образ в ханбоке на экране! Попробуйте услугу примерки ханбока ~~","Hanbok adalah pakaian tradisional Korea yang memiliki sejarah dan tradisi panjang. Dengan keindahan khas dan desain uniknya, Hanbok dianggap sebagai salah satu simbol budaya Korea yang dikenakan pada hari raya atau acara khusus. Berbeda dengan pakaian Barat yang cenderung kaku, Hanbok memiliki ciri khas garis yang mengalir lembut dan potongan yang longgar. Secara tradisional, warna Hanbok dipilih berdasarkan status sosial, usia, dan musim, yang mencerminkan kepribadian serta situasi pemakainya. Hanbok bukan sekadar pakaian, melainkan warisan budaya penting yang diakui keindahannya secara global. Sekarang, saya akan mengabadikan momen cantik Anda saat mengenakan Hanbok ke dalam layar! Ayo mulai layanan mencoba Hanbok sekarang!","","아이콘20","","","","","","","","","","","","","",""
"","SubHeader_ToEat","* 검색결과를 클릭하시면 상세정보(길찾기)를 보실 수 있어요.","* Click a search result to see more details","* 検索結果をクリックして、詳細とルート案内をご覧ください。","* 点击搜索结果，查看详情与路线导航。","Nhấn vào kết quả để xem chi tiết (chỉ đường).","คลิกที่ผลการค้นหาเพื่อดูรายละเอียด (การนำทาง) ค่ะ","Нажмите результат — детали и маршрут.","Klik hasil pencarian untuk info detail (petunjuk arah).","","","","","","","","","","","","","","","",""
"","SubHeader_ToBuy","* 검색결과를 클릭하시면 상세정보(길찾기)를 보실 수 있어요.","Daily Life","* 検索結果をクリックして、詳細とルート案内をご覧ください。","* 点击搜索结果，查看详情与路线导航。","Nhấn vào kết quả để xem chi tiết (chỉ đường).","คลิกที่ผลการค้นหาเพื่อดูรายละเอียด (การนำทาง) ค่ะ","Нажмите результат — детали и маршрут.","Klik hasil pencarian untuk info detail (petunjuk arah).","","","","","","","","","","","","","","","",""
"","SubHeader_ToGallery","* 검색결과를 클릭하시면 상세정보(길찾기)를 보실 수 있어요.","* Click a search result to see more details","* 検索結果をクリックして、詳細とルート案内をご覧ください。","* 点击搜索结果，查看详情与路线导航。","Nhấn vào kết quả để xem chi tiết (chỉ đường).","คลิกที่ผลการค้นหาเพื่อดูรายละเอียด (การนำทาง) ค่ะ","Нажмите результат — детали и маршрут.","Klik hasil pencarian untuk info detail (petunjuk arah).","","","","","","","","","","","","","","","",""
"","SubHeader_ToHelp","* 검색결과를 클릭하시면 상세정보(길찾기)를 보실 수 있어요.","* Click a search result to see more details","* 検索結果をクリックして、詳細とルート案内をご覧ください。","* 点击搜索结果，查看详情与路线导航。","Nhấn vào kết quả để xem chi tiết (chỉ đường).","คลิกที่ผลการค้นหาเพื่อดูรายละเอียด (การนำทาง) ค่ะ","Нажмите результат — детали и маршрут.","Klik hasil pencarian untuk info detail (petunjuk arah).","","","","","","","","","","","","","","","",""
"","SubHeader_ToStay","* 검색결과를 클릭하시면 상세정보(길찾기)를 보실 수 있어요.","* Click a search result to see more details","* 検索結果をクリックして、詳細とルート案内をご覧ください。","* 点击搜索结果，查看详情与路线导航。","Nhấn vào kết quả để xem chi tiết (chỉ đường).","คลิกที่ผลการค้นหาเพื่อดูรายละเอียด (การนำทาง) ค่ะ","Нажмите результат — детали и маршрут.","Klik hasil pencarian untuk info detail (petunjuk arah).","","","","","","","","","","","","","","","",""
"","SubHeader_AISearch","* 방문하고자하는 3개의 카테고리를 선택해주세요 ","* Select 3 categories you want to visit.","* 訪れたいカテゴリを3つ選んでください","* 请选择您想参观的3个类别","Vui lòng chọn 3 danh mục bạn muốn tham quan.","กรุณาเลือก 3 หมวดหมู่ที่คุณต้องการไปค่ะ","Выберите 3 категории для посещения.","Silakan pilih 3 kategori yang ingin Anda kunjungi.","","","","","","","","","","","","","","","",""
"","SubHeader_AICourse","* QR을 핸드폰으로 찍으시면 길을 안내해드려요.","* Scan the QR with your phone. We’ll guide you","* スマホでQRを読み取ってください。ご案内します","* 用手机扫QR码，我们导航","Quét mã QR bằng điện thoại để được chỉ đường.","สแกนคิวอาร์โค้ดด้วยมือถือเพื่อดูการนำทางค่ะ","* Отсканируйте QR-код телефоном, и мы укажем вам дорогу.","Scan QR dengan ponsel untuk panduan arah jalan.","","","","","","","","","","","","","","","",""
"","SubHeader_Event","* 제주도에서 진행중인 이벤트를 찾아보세요 ","Find events currently underway in Jeju Island","*済州島で進行中のイベントを探す ","查找济州岛目前正在举行的活动","Tìm hiểu các sự kiện đang diễn ra tại đảo Jeju.","ค้นหากิจกรรมที่กำลังจัดขึ้นในเกาะเชจู","Мероприятия, которые идут на Чеджу.","Temukan acara-acara yang sedang berlangsung di Pulau Jeju.","","","","","","","","","","","","","","","",""
"","Event_Tab_Jeju","제주도","Jeju Island","済州島","济州岛","Đảo Jeju","เกาะเชจู","Остров Чеджу","Pulau Jeju","","","","","","","","","","","","","","","",""
"","Event_Category_All","전체","All","全て","全部","Tất cả","ทั้งหมด","Все","Semua","","","","","","","","","","","","","","","",""
"","Event_Category_performance","공연","Performance","公演","演出","Biểu diễn","การแสดง","Выступление","Pertunjukan","","","","","","","","","","","","","","","",""
"","Event_Category_exibition","전시","Exhibition","展示","展览","Triển lãm","นิทรรศการ","Выставка","Pameran","","","","","","","","","","","","","","","",""
"","Event_Category_etc","기타","Etc","その他","其他","Khác","อื่นๆ","Другое","Lainnya","","","","","","","","","","","","","","","",""
"","Event_Source","제주도 이벤트 출처 : 한국문화정보원, VISIT JEJU","Jeju Island Event Source: Korea Culture Information Service, VISIT JEJU","済州島イベント出処：韓国文化情報院、VISIT JEJU","济州岛活动来源：韩国文化信息服务局、VISIT JEJU","Nguồn sự kiện đảo Jeju: Viện Thông tin Văn hóa Hàn Quốc, VISIT JEJU","ที่มาของกิจกรรมเกาะเชจู: สำนักงานข้อมูลวัฒนธรรมเกาหลี, VISIT JEJU","Источник мероприятий на острове Чеджу: Корейская служба культурной информации, VISIT JEJU","Sumber Acara Pulau Jeju: Pusat Informasi Budaya Korea, VISIT JEJU","","","","","","","","","","","","","","","",""
"","Event_MBTI_types","[외향적, 경험적, 이성적, 계획적, 내향적, 상상적, 감성적, 즉흥적]","[Extroverted, Experiential, Rational, Planned, Introverted, Imaginative, Emotional, Spontaneous]","[外向的、経験的、理性的、計画的、内向的、想像的、感性的、即興的]","[外向、经验、理性、计划、内向、想象、感性、即兴]","[Hướng ngoại, Dựa trên kinh nghiệm, Lý trí, Có kế hoạch, Hướng nội, Giàu trí tưởng tượng, Cảm xúc, Ngẫu hứng]","[Ekstrovert, Berdasarkan Pengalaman, Rasional, Terencana, Introvert, Imajinatif, Emosional, Spontan]","[เปิดเผย, ตามประสบการณ์, ใช้เหตุผล, มีแบบแผน, เก็บตัว, ใช้จินตนาการ, ใช้อารมณ์, ตามสัญชาตญาณ]","[Экстравертный, Опирающийся на опыт, Рациональный, Планирующий, Интровертный, Обладающий воображением, Эмоциональный, Спонтанный]","","","","","","","","","","","","","","","",""
"","Event_MBTI_results","결과 보기","View Results","おすすめ結果を見る","查看推荐结果","Xem kết quả đề xuất","Lihat Hasil Rekomendasi","ดูผลลัพธ์ที่แนะนำ","Посмотреть результаты рекомендаций","","","","","","","","","","","","","","","",""
"","Event_MBTI_guide1","MBTI 성향과 취향을 반영해 제주도 이벤트를<br/> 맞춤 추천해 드립니다!","We recommend personalized events in Jeju Island based on your MBTI personality and preferences!","MBTIの傾向と好みを反映して済州島のイベントをカスタマイズすることをお勧めします！","我们根据您的MBTI性格和喜好，为您推荐济州岛的个性化活动！","Chúng tôi đề xuất các sự kiện được cá nhân hóa tại Đảo Jeju dựa trên tính cách MBTI và sở thích của bạn!","เราขอแนะนำกิจกรรมที่เหมาะสมกับบุคลิกภาพและความชอบของคุณในเกาะเชจู โดยอิงจากแบบทดสอบบุคลิกภาพ MBTI!","Мы рекомендуем персонализированные мероприятия в Остров Чеджу, разработанные с учетом вашей личности по типу MBTI и ваших предпочтений!","Kami merekomendasikan acara-acara yang dipersonalisasi di Pulau Jeju berdasarkan kepribadian MBTI dan preferensi Anda!","","","","","","","","","","","","","","","",""
"","Event_MBTI_guide2","MBTI 4가지 유형을 전부 선택하지 않아도<br/> 나만의 추천 결과를 받아볼 수 있어요!","You can receive your own personalized recommendations<br/> even if you don't select all 4 MBTI types!","MBTIの4つのタイプをすべて選択しなくても、<br/> 自分だけのおすすめ結果を受け取ることができます！","即使不选择所有4个MBTI类型，<br/> 也能获得专属的推荐结果！","Bạn có thể nhận được kết quả đề xuất của riêng mình<br/> ngay cả khi bạn không chọn tất cả 4 loại MBTI!","Anda bisa mendapatkan hasil rekomendasi sendiri<br/> meskipun Anda tidak memilih keempat tipe MBTI!","คุณสามารถรับผลการแนะนำของคุณเองได้<br/> แม้ว่าคุณจะไม่ได้เลือก MBTI ทั้ง 4 ประเภทก็ตาม!","Вы можете получить свои собственные персональные рекомендации,<br/> даже если не выберете все 4 типа MBTI!","","","","","","","","","","","","","","","",""
"","SubHeader_Detail","* QR을 핸드폰으로 찍으시면 길을 안내해드려요","* Scan the QR with your phone. We’ll guide you","* スマホでQRを読み取ってください。ご案内します","* 用手机扫QR码，我们导航","Quét QR để được chỉ đường.","สแกน QR เพื่อดูเส้นทางค่ะ","* Отсканируйте QR-код телефоном, и мы укажем вам дорогу.","Scan QR untuk panduan jalan.","","","","","","","","","","","","","","","",""
"","SubHeader_Detail_Event","* QR코드로 이벤트의 상세정보를 확인하세요","* Scan the QR code for event details","* QRコードでイベントの詳細を確認してください","* 扫描二维码查看活动详情","Quét QR xem chi tiết sự kiện.","สแกน QR เพื่อดูรายละเอียดค่ะ","Отсканируйте QR — детали мероприятия.","Scan QR untuk detail acara.","","","","","","","","","","","","","","","",""
"","SubHeader_TaxFree","*TaxFree 리펀드 기능을 통해 공항하는 업무를 줄여 드립니다. 
  상점에서 받은 영수증을 준비하시고 언어를 선택해보세요  ","*The Tax-Free refund reduces what you need to do at the airport.
  Prepare your receipt and choose your language.","*TaxFree返金で空港手続きが簡素化されます。レシートを用意して言語を選択してください。","*TaxFree退税功能可以减少您在机场办理的手续。
  请准备好商店给您的收据，并选择语言","Hoàn thuế nhanh, giảm thủ tục tại sân bay.
Hãy chuẩn bị hóa đơn và chọn ngôn ngữ.","ลดขั้นตอนที่สนามบินด้วยการคืนภาษี
เตรียมใบเสร็จให้พร้อมแล้วเลือกภาษาค่ะ","* Функция возврата налога Tax-Free сэкономит ваше время в аэропорту.\n Пожалуйста, подготовьте чек, полученный в магазине, и выберите язык.","Refund TaxFree kurangi antrean bandara.
Siapkan struk toko dan pilih bahasa Anda.","","","","","","","","","","","","","","","",""
"","Search_NoContent","* 검색하신 단어는 해당 장소나 업체가 존재하지 않습니다. ","No places or businesses match your search.","検索した単語に該当する場所や店舗はありません。","您搜索的词条没有对应的地点或商户。","Không tìm thấy địa điểm hoặc cửa hàng.","ไม่พบสถานที่หรือร้านค้าที่ค้นหาค่ะ","* По вашему запросу такое место или компания не существуют.","Tempat atau toko tidak ditemukan.","","","","","","","","","","","","","","","",""
"","ToStayOnlySubTitle","* 제주도에는 다양한 종류의 숙박이 가능합니다. ","There are various types of accommodations available on Jeju Island.","*済州島には様々な種類の宿泊が可能です。 ","济州岛上有各种类型的住宿可供选择。","Có nhiều loại hình chỗ ở khác nhau trên đảo Jeju.","มีที่พักหลากหลายประเภทให้เลือกบนเกาะเชจู","На острове Чеджу доступны различные виды размещения.","Tersedia berbagai jenis akomodasi di Pulau Jeju.","","","","","","","","","","","","","","","",""
"","ToStayOnlySubTitle2","* 아래 리스트를 클릭하시면 상세한 정보를 얻을 수 있어요 ","* Click the list below for details.","* 下のリストをクリックすると詳細情報が見られます。","* 点击下方列表即可查看详细信息。","Nhấn vào danh sách dưới đây để xem thông tin chi tiết.","คลิกที่รายการด้านล่างเพื่อดูข้อมูลเพิ่มเติมค่ะ","* Нажмите на список ниже, чтобы получить подробную информацию.","Klik daftar di bawah ini untuk info lebih detail.","","","","","","","","","","","","","","","",""
"","RentCar_Subtitle","* 아래 리스트를 클릭하시면 상세한 정보를 얻을 수 있어요","* Click the list below for details.","* 下のリストをクリックすると詳細情報が見られます。","* 点击下方列表即可查看详细信息。","Nhấn vào danh sách dưới đây để xem thông tin chi tiết.","คลิกที่รายการด้านล่างเพื่อดูข้อมูลเพิ่มเติมค่ะ","Нажмите пункт списка — откроются детали.","Klik daftar di bawah ini untuk info lebih detail.","","","","","","","","","","","","","","","",""
"","RentCar_Search","예약하신 업체명을 검색하세요","Search for the name of the company you booked with","予約した業者名を検索してください","搜索您预订的公司名称","Tìm kiếm tên công ty bạn đã đặt trước","ค้นหาชื่อบริษัทที่คุณจองไว้","Найдите название компании, в которой вы забронировали","Cari nama perusahaan yang Anda pesan","","","","","","","","","","","","","","","",""
"","RentCar_Category1","전체","All","全体","全部","Tất cả","ทั้งหมด","Все","Semua","","","","","","","","","","","","","","","",""
"","RentCar_Category2","공항 내 데스크","Airport Desk","空港内デスク","机场内柜台","Quầy trong sân bay","โต๊ะภายในสนามบิน","Стойка в аэропорту","Meja di Bandara","","","","","","","","","","","","","","","",""
"","RentCar_Category3","공항 셔틀","Airport Shuttle","空港シャトル","机场班车","Xe buýt đưa đón sân bay","รถรับส่งสนามบิน","Трансфер из аэропорта","Antar-Jemput Bandara","","","","","","","","","","","","","","","",""
"","RentCar_Category4","셔틀 없음","No Shuttle","シャトルなし","无班车","Không có xe đưa đón","ไม่มีรถรับส่ง","Нет трансфера","Tidak Ada Antar-Jemput","","","","","","","","","","","","","","","",""
"","RentCar_Category5","배편 이용","By Ferry","船便利用","乘船","Sử dụng phà","โดยเรือเฟอร์รี่","На пароме","Menggunakan Feri","","","","","","","","","","","","","","","",""
"","Tamnao_Tab","탐나오","Tamnao","タムナオ","塔姆瑙·","Tamnao","Tamnao","Тамнао","Tamnao","","","","","","","","","","","","","","","",""
"","JejuQurang_Tab","제주큐랑","Jeju Qurang","済州キュラン","·济州岛古兰","Jeju Qurang","Jeju Qurang","Чеджу Куранг","Jeju Qurang","","","","","","","","","","","","","","","",""
"","Tamnao_Subtitle","* 제주여행 공공플랫폼 홈페이지입니다","* This is the Jeju Travel Public Platform website.","* 済州旅行公共プラットフォームのホームページです。","* 这是济州旅游公共平台网站。","* Đây là trang web nền tảng công cộng du lịch Jeju.","* นี่คือเว็บไซต์แพลตฟอร์มสาธารณะเพื่อการท่องเที่ยวเชจู","Публичная платформа поездок по Чеджу.","* Ini adalah situs web platform publik perjalanan Jeju.","","","","","","","","","","","","","","","",""
"","Taxfree_header1","텍스리펀드 서비스를 통해 텍스를 환급해가세요","Get your tax refunded through the tax refund service.","タックスリファンドで税金の払い戻しを受けましょう","通过退税服务机构获取退税。","Nhận lại tiền thuế của bạn thông qua dịch vụ hoàn thuế.","รับเงินคืนภาษีของคุณผ่านบริการคืนภาษี","Получите возврат налогов через службу возврата налогов.","Dapatkan pengembalian pajak Anda.","","","","","","","","","","","","","","","",""
"","Taxfree_header2","텍스프리 가맹점을 무상으로 신청하세요","Apply to become a tax-free merchant for free.","テックスフリー加盟店を無償で申請してください","免费申请成为免税商家。","Đăng ký cửa hàng miễn thuế, miễn phí.","สมัครเป็นผู้ค้าปลอดภาษีได้ฟรี","Станьте магазином Tax-Free бесплатно.","Daftar toko bebas pajak, gratis.","","","","","","","","","","","","","","","",""
"","Taxfree_Introduce","텍스프리 소개","About Tax-Free","免税サービス案内","免税服务介绍","Giới thiệu Tax Free","แนะนำแท็กซ์ฟรี (Tax Free)","О системе Tax-Free","Panduan Tax Free","","","","","","","","","","","","","","","",""
"","Taxfree_desc1","텍스리펀드 서비스를 통해 텍스를 환급해가세요","Get your tax refunded through the tax refund service.","テックスリファンドサービスを通じてテックスを払い戻してください。","通过退税服务机构获取退税。","Nhận lại tiền thuế của bạn thông qua dịch vụ hoàn thuế.","รับเงินคืนภาษีของคุณผ่านบริการคืนภาษี","Получите возврат налогов через службу возврата налогов.","Dapatkan pengembalian pajak Anda melalui layanan pengembalian pajak.","","","","","","","","","","","","","","","",""
"","Taxfree_desc2","외국인 관광객이 물품을 구입하고 출국하는 경우, 
 여행 중에 구매한 물품의 일정액 부가가치세를 돌려주는
 외국인 대상 세금 환급 제도로서 외국인 편의 향상을 위한 필수 서비스","As a tax refund system for foreigners that returns a certain amount of value-added tax on goods purchased during a trip when foreign tourists purchase items and depart the country, it is an essential service for enhancing convenience for foreigners.","外国人観光客が物品を購入して出国する場合、 
 旅行中に購入した商品の一定額の付加価値税を返す
 外国人対象税還付制度として外国人便宜向上のための必須サービス","作为一项针对外国人的退税制度，当外国游客在旅行期间购买商品并离境时，该制度会退还其在旅行期间购买商品的部分增值税，这是一项提高外国人出行便利性的必要服务。","Là một hệ thống hoàn thuế cho người nước ngoài, cho phép hoàn trả một khoản thuế giá trị gia tăng nhất định đối với hàng hóa mua trong chuyến đi khi khách du lịch nước ngoài mua hàng và rời khỏi đất nước, đây là một dịch vụ thiết yếu nhằm nâng cao sự thuận tiện cho người nước ngoài.","ระบบการคืนภาษีสำหรับชาวต่างชาติ ซึ่งจะคืนภาษีมูลค่าเพิ่มในจำนวนหนึ่งสำหรับสินค้าที่ซื้อระหว่างการเดินทาง เมื่อนักท่องเที่ยวต่างชาติซื้อสินค้าและเดินทางออกจากประเทศ ถือเป็นบริการที่สำคัญในการเพิ่มความสะดวกสบายให้กับชาวต่างชาติ","Система возврата налогов для иностранцев, которая предусматривает возврат определенной суммы налога на добавленную стоимость, уплаченного за товары, приобретенные во время поездки, когда иностранные туристы покупают товары и покидают страну, является важной услугой, повышающей удобство для иностранцев.","Sebagai sistem pengembalian pajak bagi warga asing yang mengembalikan sejumlah pajak pertambahan nilai (PPN) atas barang yang dibeli selama perjalanan ketika wisatawan asing membeli barang dan meninggalkan negara tersebut, ini merupakan layanan penting untuk meningkatkan kenyamanan bagi warga asing.","","","","","","","","","","","","","","","",""
"","Taxfree_Apply","세금 환급 신청","Tax-Free","免税申請","申请退税","Hoàn thuế","ขอคืนภาษี","Заявка на возврат налога","Pengajuan Refund Pajak","","","","","","","","","","","","","","","",""
"","Taxfree_Enroll","텍스프리 가맹점 신청","Apply Tax-Free","免税加盟店申請","申请免税加盟店","Đăng ký cửa hàng","สมัครร้านค้าสมาชิก","Регистрация торговой точки","Pendaftaran Merchant","","","","","","","","","","","","","","","",""
"","Exchange_Header","* 제주도에 오신걸 환영합니다. 오늘의 환율 정보입니다.","Welcome to Jeju. Today's exchange rates.","*済州島へようこそ。今日の為替レート情報です。","欢迎来到济州岛。以下是今日汇率信息。","Chào mừng đến Jeju. Tỷ giá hôm nay.","ยินดีต้อนรับสู่เกาะเชจู นี่คือข้อมูลอัตราแลกเปลี่ยนประจำวันนี้","Добро пожаловать на Чеджу. Курс валют на сегодня.","Selamat datang di Jeju. Nilai tukar hari ini.","","","","","","","","","","","","","","","",""
"","Exchange_tab_1","환율 계산기","Calculator","計算機","计算器","Máy tính","เครื่องคิดเลข","Калькулятор","Kalkulator","","","","","","","","","","","","","","","",""
"","Exchange_tab_2","실시간 환율","Real-time","リアルタイム","实时","Thời gian thực","เรียลไทม์","Pеального времени","Waktu nyata","","","","","","","","","","","","","","","",""
"","Exchange_desc_1","기준 환율","Standard exchange rate","基準為替レート","标准汇率","Tỷ giá hối đoái tiêu chuẩn","อัตราแลกเปลี่ยนมาตรฐาน","Стандартный обменный курс","Nilai tukar standar","","","","","","","","","","","","","","","",""
"","Exchange_desc_2","금액","amount","金額","数量","số lượng","จำนวน","количество","jumlah","","","","","","","","","","","","","","","",""
"","Exchange_desc_3","환전","currency exchange","両替","货币兑换","trao đổi tiền tệ","การแลกเปลี่ยนสกุลเงิน","обмен валюты","penukaran mata uang","","","","","","","","","","","","","","","",""
"","LocalCurrency_Header","지역화폐","local currency","地域通貨","当地货币","tiền tệ địa phương","สกุลเงินท้องถิ่น","местная валюта","mata uang lokal","","","","","","","","","","","","","","","",""
"","LocalCurrency_SubHeader","제주도에서 사용할 수 있는 지역화폐 입니다.","This is a local currency that can be used in Jeju Island.","済州島で使用できる地域通貨です。","这是济州岛可以使用的当地货币。","Đây là đơn vị tiền tệ địa phương được sử dụng tại đảo Jeju.","นี่คือสกุลเงินท้องถิ่นที่สามารถใช้ได้ในเกาะเชจู","Местная валюта острова Чеджу.","Mata uang lokal di Pulau Jeju.","","","","","","","","","","","","","","","",""
"","LocalCurrency_Tab_1","온누리상품권","Onnuri Gift Certificates","オンヌリ商品券","Onnuri礼品券","Phiếu quà tặng Onnuri","บัตรของขวัญ Onnuri","Подарочные сертификаты Onnuri","Sertifikat Hadiah Onnuri","","","","","","","","","","","","","","","",""
"","LocalCurrency_Tab_2","탐나는전","Tamnaneunjeon","切れる前","谭南恩杰","Tamnaneunjeon","Tamnaneunjeon","Тамнанёнчжон","Tamnaneunjeon","","","","","","","","","","","","","","","",""
"","LocalCurrency_desc_1","온누리상품권이란?","What is Onnuri Gift Certificate?","オンヌリ商品券とは？","Onnuri礼品券是什么？","Phiếu quà tặng Onnuri là gì?","บัตรของขวัญ Onnuri คืออะไร?","Что такое подарочный сертификат Onnuri?","Apa itu Sertifikat Hadiah Onnuri?","","","","","","","","","","","","","","","",""
"","LocalCurrency_desc_2","전국 16개 금융기관에서 5천원, 1만원, 3만원권 단위로 구매하여 사용하는 온누리상품권","Onnuri Gift Certificates, purchased and used in denominations of 5,000, 10,000, and 30,000 won at 16 financial institutions nationwide.","全国16の金融機関で5千ウォン、1万ウォン、3万ウォン券単位で購入して使用するオンヌリ商品券","Onnuri 礼券可在全国 16 家金融机构购买和使用，面额分别为 5,000、10,000 和 30,000 韩元。","Phiếu quà tặng Onnuri, được mua và sử dụng với các mệnh giá 5.000, 10.000 và 30.000 won tại 16 tổ chức tài chính trên toàn quốc.","บัตรของขวัญ Onnuri สามารถซื้อและใช้ได้ในราคา 5,000, 10,000 และ 30,000 วอน ที่สถาบันการเงิน 16 แห่งทั่วประเทศ","Подарочные сертификаты Onnuri номиналом 5000, 10000 и 30000 вон, приобретенные и использованные в 16 финансовых учреждениях по всей стране.","Sertifikat Hadiah Onnuri, dapat dibeli dan digunakan dalam nominal 5.000, 10.000, dan 30.000 won di 16 lembaga keuangan di seluruh negeri.","","","","","","","","","","","","","","","",""
"","LocalCurrency_desc_3","지류상품권 권종","Paper gift certificate denominations","支流商品券勧種","纸质礼品券面额","Các mệnh giá phiếu quà tặng bằng giấy","มูลค่าของบัตรของขวัญกระดาษ","номиналы бумажных подарочных сертификатов","Nominal sertifikat hadiah kertas","","","","","","","","","","","","","","","",""
"","LocalCurrency_desc_4","디지털 온누리상품권이란?","What is a Digital Onnuri Gift Certificate?","デジタルオンヌリ商品券とは？","什么是Onnuri电子礼品券？","Phiếu quà tặng điện tử Onnuri là gì?","บัตรของขวัญดิจิทัล Onnuri คืออะไร?","Что такое цифровой подарочный сертификат Onnuri?","Apa itu Sertifikat Hadiah Digital Onnuri?","","","","","","","","","","","","","","","",""
"","LocalCurrency_desc_5","디지털 온누리상품권 앱 설치 후 기존 갖고 있는 카드를 등록하고 금액 충전 후, 실물카드 또는 QR코드 결제 방식으로 이용 가능한 온누리상품권","After installing the Digital Onnuri Gift Certificate app, register your existing card, and top up the balance, you can use the Onnuri Gift Certificate via physical card or QR code payment.","デジタルオンヌリ商品券アプリのインストール後に既存のカードを登録し、金額の充電後、実物カードまたはQRコード決済方式で利用可能なオンヌリ商品券","安装 Onnuri 数字礼品券应用程序后，注册您现有的银行卡并充值，即可通过实体卡或二维码支付使用 Onnuri 礼品券。","Sau khi cài đặt ứng dụng Phiếu quà tặng điện tử Onnuri, đăng ký thẻ hiện có và nạp tiền vào tài khoản, bạn có thể sử dụng Phiếu quà tặng Onnuri thông qua thẻ vật lý hoặc thanh toán bằng mã QR.","หลังจากติดตั้งแอปพลิเคชันบัตรของขวัญดิจิทัล Onnuri แล้ว ให้ลงทะเบียนบัตรที่มีอยู่ของคุณและเติมเงิน คุณสามารถใช้บัตรของขวัญ Onnuri ผ่านบัตรจริงหรือการชำระเงินด้วยรหัส QR ได้","После установки приложения Digital Onnuri Gift Certificate, регистрации существующей карты и пополнения баланса вы сможете использовать подарочный сертификат Onnuri с помощью физической карты или QR-кода.","Setelah menginstal aplikasi Sertifikat Hadiah Digital Onnuri, daftarkan kartu Anda yang sudah ada, dan isi ulang saldo, Anda dapat menggunakan Sertifikat Hadiah Onnuri melalui kartu fisik atau pembayaran kode QR.","","","","","","","","","","","","","","","",""
"","LocalCurrency_desc_6","상품권 금액의 10% 할인가로 충전 가능! 최대 보유한도금액은 200만원입니다.","You can top up at a 10% discount on the gift certificate amount! The maximum balance limit is 2 million won.","商品券金額の10％割引で充電可能！最大保有めっき額は200万ウォンです。","充值礼券金额可享九折优惠！最高充值限额为200万韩元。","Bạn có thể nạp tiền vào tài khoản với mức chiết khấu 10% trên giá trị phiếu quà tặng! Số dư tối đa là 2 triệu won.","คุณสามารถเติมเงินได้ในราคาลด 10% จากมูลค่าบัตรของขวัญ! วงเงินสูงสุดคือ 2 ล้านวอน","Вы можете пополнить счет со скидкой 10% от суммы подарочного сертификата! Максимальный лимит баланса — 2 миллиона вон.","Anda bisa melakukan top up dengan diskon 10% dari nilai voucher hadiah! Batas saldo maksimal adalah 2 juta won.","","","","","","","","","","","","","","","",""
"","LocalCurrency_desc_7","※ 단, 예산소진 상황에 따라 특별판매 내용 및 기간이 변경될 수 있습니다.","※ However, the details and duration of the special sale are subject to change depending on the budget exhaustion status.","※ただし、予算消失状況により特別販売内容及び期間が変更される場合があります。","※ 但特价促销的具体细节和持续时间可能会根据预算耗尽情况而有所变化。","※ Tuy nhiên, chi tiết và thời gian của chương trình khuyến mãi đặc biệt có thể thay đổi tùy thuộc vào tình trạng hết ngân sách.","※ อย่างไรก็ตาม รายละเอียดและระยะเวลาของการขายพิเศษอาจมีการเปลี่ยนแปลงได้ ขึ้นอยู่กับสถานะการใช้งบประมาณ","※ Однако детали и продолжительность специальной распродажи могут быть изменены в зависимости от состояния бюджета.","※ Namun, detail dan durasi penjualan khusus dapat berubah tergantung pada status habisnya anggaran.","","","","","","","","","","","","","","","",""
"","LocalCurrency_desc_8","온누리상품권 사용처","Places where Onnuri Gift Certificates can be used","オンヌリ商品券使用先","Onnuri礼品券可使用的地点","Những địa điểm có thể sử dụng Phiếu quà tặng Onnuri.","สถานที่ที่สามารถใช้บัตรของขวัญ Onnuri ได้","Места, где можно использовать подарочные сертификаты Onnuri","Tempat-tempat di mana Sertifikat Hadiah Onnuri dapat digunakan","","","","","","","","","","","","","","","",""
"","LocalCurrency_desc_9","온누리상품권 가맹점 스티커가 있는 곳에서 사용이 가능합니다.","It can be used at places displaying the Onnuri Gift Certificate merchant sticker.","オンヌリ商品券加盟店のステッカーがあるところで使用が可能です。","它可以在贴有 Onnuri 礼品券商家标签的地方使用。","Phiếu quà tặng này có thể được sử dụng tại những nơi có dán tem của nhà cung cấp phiếu quà tặng Onnuri.","สามารถใช้ได้ ณ สถานที่ที่มีสติกเกอร์รับรองของขวัญ Onnuri แสดงอยู่","Его можно использовать в местах, где размещена наклейка с подарочным сертификатом Onnuri.","Dapat digunakan di tempat-tempat yang menampilkan stiker pedagang Sertifikat Hadiah Onnuri.","","","","","","","","","","","","","","","",""
"","LocalCurrency_desc_10","・ 할인 혜택 : 충전 시 약 10% 할인 적용됨\n
・ 소득공제 혜택 : 전통시장 사용 시 최대 40% 소득공제 가능\n
・ 사용처 확대 : 전통시장, 소상공인 매장뿐 아니라 온라인몰·배달앱까지\n
・ 간편하게 사용 가능 (카드 또는 QR코드 결제)","・ Discount benefit: Approx. 10% discount applied when charging
・ Income tax deduction: Up to 40% deduction when used at traditional markets
・ Expanded usage: Not only traditional markets and small businesses, but also online malls and delivery apps
・ Easy to use (Card or QR code payment)","・ 割引特典：チャージ時に約10%の割引適用
・ 所得控除特典：伝統市場での使用時に最大40%の所得控除可能
・ 使用先の拡大：伝統市場、小規模店舗だけでなく、オンラインモール・配達アプリまで
・ 簡単に使用可能（カードまたはQRコード決済）","・ 折扣优惠：充值时可享约10%折扣
・ 所得税扣除优惠：在传统市场使用时最高可享40%所得税扣除
・ 使用范围扩大：不仅限于传统市场和小型商铺，还包括在线商城和外卖应用
・ 使用方便（卡或二维码支付）","・ Ưu đãi giảm giá: Giảm khoảng 10% khi nạp tiền
・ Ưu đãi khấu trừ thuế thu nhập: Khấu trừ tối đa 40% khi sử dụng tại chợ truyền thống
・ Mở rộng nơi sử dụng: Không chỉ chợ truyền thống, cửa hàng nhỏ lẻ mà còn cả trung tâm mua sắm trực tuyến và ứng dụng giao hàng
・ Dễ dàng sử dụng (Thanh toán bằng thẻ hoặc mã QR)","・ สิทธิประโยชน์ส่วนลด: ลดประมาณ 10% เมื่อเติมเงิน
・ สิทธิประโยชน์การลดหย่อนภาษี: ลดหย่อนภาษีสูงสุด 40% เมื่อใช้จ่ายที่ตลาดดั้งเดิม
・ ขยายสถานที่ใช้งาน: ไม่เพียงแต่ตลาดดั้งเดิมและร้านค้ารายย่อย แต่ยังรวมถึงห้างสรรพสินค้าออนไลน์และแอปส่งอาหาร
・ ใช้งานง่าย (ชำระด้วยบัตรหรือคิวอาร์โค้ด)","・ Скидка: скидка около 10% при пополнении
・ Налоговый вычет: до 40% вычета при использовании на традиционных рынках
・ Расширенное использование: не только традиционные рынки и малый бизнес, но и онлайн-магазины и приложения для доставки
・ Простота использования (оплата картой или по QR-коду)","・ Manfaat diskon: Diskon sekitar 10% diterapkan saat mengisi saldo
・ Manfaat potongan pajak penghasilan: Potongan hingga 40% saat digunakan di pasar tradisional
・ Perluasan penggunaan: Tidak hanya di pasar tradisional dan usaha kecil, tetapi juga di mal online dan aplikasi pengiriman
・ Mudah digunakan (Pembayaran dengan kartu atau kode QR)","","","","","","","","","","","","","","","",""
"","LocalCurrency_desc_11","탐나는전이란?","What is Tamnaneunjeon?","タムナヌンジョンとは？","什么是Tamnaneunjeon(耽罗钱)？","Tamnaneunjeon là gì?","Tamnaneunjeon คืออะไร?","Что такое Tamnaneunjeon?","Apa itu Tamnaneunjeon?","","","","","","","","","","","","","","","",""
"","LocalCurrency_desc_12","지역 내 소비 진작을 통한 지역상권 활성화와 지역자금의 선순환을 위해 제주특별자치도가 발행한 제주 전용 지역화폐입니다. 제주도 내 가맹점에서만 사용할 수 있는 지역화폐로, 대형마트·기업형 슈퍼마켓·유흥 및 사행성 업소·일부 직영 프랜차이즈 매장을 제외한 IC 카드 단말기를 사용하는 가맹점에서 이용 가능합니다. 또한 탐나는전 앱을 통해 언제 어디서나 간편하게 충전하고 사용 내역과 잔액을 편리하게 관리할 수 있습니다.","It is a local currency exclusively for Jeju issued by Jeju Special Self-Governing Province to revitalize the local economy and create a virtuous cycle of local funds through the promotion of local consumption. It can only be used at affiliated stores within Jeju Island that use IC card terminals, excluding large discount stores, corporate supermarkets, entertainment and gambling establishments, and some directly managed franchise stores. In addition, you can easily top up anytime, anywhere through the Tamnaneunjeon app and conveniently manage your usage history and balance.","済州道内の消費促進を通じた地域商圏の活性化と地域資金の好循環のために済州特別自治道が発行した済州専用の地域通貨です。済州道内の加盟店でのみ使用できる地域通貨で、大型マート・企業型スーパーマーケット・遊興および射幸性店舗・一部直営フランチャイズ店を除くICカード端末を使用する加盟店で利用可能です。また、タムナヌンジョンアプリを通じていつでもどこでも簡単にチャージし、使用履歴と残高を便利に管理できます。","它是济州特别自治道为通过促进当地消费来振兴当地商圈和形成当地资金良性循环而发行的济州专属当地货币。作为只能在济州岛内加盟店使用的当地货币，除了大型超市、企业型超市、娱乐及赌博场所、部分直营特许经营店外，可在使用IC卡终端的加盟店使用。此外，通过Tamnaneunjeon应用程序，您可以随时随地轻松充值，并方便地管理您的使用记录和余额。","Đây là loại tiền tệ địa phương dành riêng cho Jeju do Tỉnh tự trị đặc biệt Jeju phát hành nhằm mục đích hồi sinh khu vực thương mại địa phương và tạo ra một chu kỳ đạo đức của các quỹ địa phương thông qua việc thúc đẩy tiêu dùng trong khu vực. Đây là loại tiền tệ địa phương chỉ có thể được sử dụng tại các cửa hàng liên kết trên Đảo Jeju, ngoại trừ các siêu thị lớn, siêu thị doanh nghiệp, cơ sở giải trí và cờ bạc, và một số cửa hàng nhượng quyền do công ty trực tiếp quản lý, bạn có thể sử dụng nó tại các cửa hàng liên kết sử dụng thiết bị đầu cuối thẻ IC. Ngoài ra, thông qua ứng dụng Tamnaneunjeon, bạn có thể dễ dàng nạp tiền mọi lúc, mọi nơi và quản lý thuận tiện lịch sử sử dụng cũng như số dư của mình.","เป็นสกุลเงินท้องถิ่นสำหรับเชจูโดยเฉพาะที่ออกโดยจังหวัดปกครองตนเองพิเศษเชจู เพื่อฟื้นฟูย่านการค้าในท้องถิ่นและสร้างวงจรที่ดีของเงินทุนในท้องถิ่นผ่านการส่งเสริมการบริโภคภายในภูมิภาค เป็นสกุลเงินท้องถิ่นที่สามารถใช้ได้เฉพาะที่ร้านค้าในเครือภายในเกาะเชจูเท่านั้น ยกเว้นซูเปอร์มาร์เก็ตขนาดใหญ่ ซูเปอร์มาร์เก็ตขององค์กร สถานบันเทิงและการพนัน และร้านแฟรนไชส์ที่บริหารงานโดยตรงบางแห่ง คุณสามารถใช้ได้ที่ร้านค้าในเครือที่ใช้เครื่องรูดบัตร IC นอกจากนี้ ผ่านแอป Tamnaneunjeon คุณสามารถเติมเงินได้อย่างง่ายดายทุกที่ทุกเวลา และจัดการประวัติการใช้งานและยอดคงเหลือของคุณได้อย่างสะดวกสบาย","Это местная валюта исключительно для Чеджу, выпущенная Особой автономной провинцией Чеджу с целью возрождения местной экономики и создания благотворного цикла местных средств за счет стимулирования местного потребления. Это местная валюта, которую можно использовать только в магазинах-партнерах на острове Чеджу, за исключением крупных дисконт-центров, корпоративных супермаркетов, развлекательных и игорных заведений, а также некоторых магазинов франшизы с прямым управлением; ее можно использовать в магазинах-партнерах, использующих терминалы для IC-карт. Кроме того, с помощью приложения Tamnaneunjeon вы можете легко пополнять счет в любое время и в любом месте и удобно управлять история использования и балансом.","Ini adalah mata uang lokal khusus untuk Jeju yang diterbitkan oleh Provinsi Pemerintahan Mandiri Khusus Jeju untuk merevitalisasi ekonomi lokal dan menciptakan siklus dana lokal yang baik melalui promosi konsumsi lokal. Ini adalah mata uang lokal yang hanya dapat digunakan di toko afiliasi di dalam Pulau Jeju, tidak termasuk supermarket besar, supermarket perusahaan, tempat hiburan dan perjudian, serta beberapa toko waralaba yang dikelola langsung; dapat digunakan di toko afiliasi yang menggunakan terminal kartu IC. Selain itu, melalui aplikasi Tamnaneunjeon, Anda dapat dengan mudah mengisi ulang kapan saja, di mana saja dan mengelola riwayat penggunaan serta saldo Anda dengan nyaman.","","","","","","","","","","","","","","","",""
"","LocalCurrency_desc_13","상품권 권종","Gift certificate denominations","商品券の券種","礼品券面额","Mệnh giá phiếu quà tặng","มูลค่าบัตรของขวัญ","Номиналы подарочных сертификатов","Nominal sertifikat hadiah","","","","","","","","","","","","","","","",""
"","LocalCurrency_desc_14","누구나 신청 가능하나요?","Can anyone apply?","誰でも申請可能ですか？","任何人都可以申请吗？","Bất cứ ai cũng có thể đăng ký?","ใครก็สามารถสมัครได้ใช่ไหม?","Может ли любой подать заявку?","Apakah siapa saja bisa mendaftar?","","","","","","","","","","","","","","","",""
"","LocalCurrency_desc_15","제주도민뿐만 아니라 제주를 방문하는 관광객도 신청 가능합니다. 만 14세 이상 누구나 이용 가능한 제주 전용 지역화폐로, 제주 내 소비를 통해 지역상권 활성화와 지역경제 선순환에 함께 참여할 수 있습니다. 탐나는전 가맹점에서 사용 시 다양한 혜택을 받을 수 있습니다. 신청방법은 탐나는전 앱 회원가입 후 카드 신청 또는 지정 발급처 방문을 통해 신청할 수 있습니다. 발급된 카드는 앱에서 충전 후 제주 지역 내 가맹점에서 사용할 수 있습니다.","Not only Jeju residents but also tourists visiting Jeju can apply. It is a local currency exclusively for Jeju available to anyone aged 14 or older, allowing you to participate in revitalizing the local commercial sphere and creating a virtuous cycle in the local economy through consumption within Jeju. You can receive various benefits when using it at Tamnaneunjeon affiliated stores. To apply, you can sign up for the Tamnaneunjeon app and apply for a card, or visit a designated issuance location. The issued card can be used at affiliated stores in Jeju after recharging it in the app.","済州道民だけでなく、済州を訪れる観光客も申請可能です。満14歳以上なら誰でも利用できる済州専用の地域通貨で、済州内での消費を通じて地域商圏の活性化と地域経済の好循環に共に参加することができます。タムナヌンジョン加盟店で使用すると様々な特典を受けられます。申請方法は、タムナヌンジョンアプリに会員登録後、カードを申請するか、指定の発行所を訪問して申請できます。発行されたカードはアプリでチャージした後、済州地域の加盟店で使用できます。","不仅是济州岛居民，访问济州岛的游客也可以申请。这是年满14岁以上任何人都可以使用的济州岛专属当地货币，通过在济州岛内消费，可以共同参与振兴当地商圈和促进当地经济的良性循环。在Tamnaneunjeon加盟店使用时，可以享受各种优惠。申请方法是注册Tamnaneunjeon应用程序会员后申请卡，或访问指定的发卡机构进行申请。发行的卡在应用程序中充值后，可在济州岛内的加盟店使用。","Không chỉ cư dân Jeju mà cả khách du lịch đến thăm Jeju cũng có thể đăng ký. Đây là loại tiền tệ địa phương dành riêng cho Jeju, có sẵn cho bất kỳ ai từ 14 tuổi trở lên, cho phép bạn tham gia vào việc hồi sinh khu vực thương mại địa phương và tạo ra một chu kỳ đạo đức trong nền kinh tế địa phương thông qua tiêu dùng trong Jeju. Bạn có thể nhận được nhiều lợi ích khác nhau khi sử dụng nó tại các cửa hàng liên kết của Tamnaneunjeon. Để đăng ký, bạn có thể đăng ký trên ứng dụng Tamnaneunjeon và yêu cầu cấp thẻ hoặc đến địa điểm cấp thẻ được chỉ định. Thẻ đã phát hành có thể được sử dụng tại các cửa hàng liên kết ở Jeju sau khi nạp tiền trong ứng dụng.","ไม่เพียงแต่ชาวเชจูเท่านั้น แต่ยังรวมถึงนักท่องเที่ยวที่มาเยือนเชจูด้วยที่สามารถสมัครได้ เป็นสกุลเงินท้องถิ่นสำหรับเชจูโดยเฉพาะที่ใครก็ตามที่มีอายุ 14 ปีขึ้นไปสามารถใช้ได้ ซึ่งช่วยให้คุณมีส่วนร่วมในการฟื้นฟูย่านการค้าในท้องถิ่นและสร้างวงจรที่ดีในเศรษฐกิจท้องถิ่นผ่านการบริโภคภายในเชจู คุณจะได้รับสิทธิประโยชน์มากมายเมื่อใช้ที่ร้านค้าในเครือ Tamnaneunjeon หากต้องการสมัคร คุณสามารถลงทะเบียนแอป Tamnaneunjeon และสมัครบัตร หรือไปที่สถานที่ออกบัตรที่กำหนด บัตรที่ออกให้สามารถใช้ได้ที่ร้านค้าในเครือในเชจูหลังจากเติมเงินในแอป","Подать заявку могут не только жители Чеджу, но и туристы, посещающие остров. Это местная валюта исключительно для Чеджу, доступная любому человеку в возрасте от 14 лет, позволяющая вам участвовать в возрождении местной коммерческой сферы и создании благотворного цикла в местной экономике за счет потребления на Чеджу. Вы можете получить различные преимущества при использовании ее в магазинах-партнерах Tamnaneunjeon. Чтобы подать заявку, вы можете зарегистрироваться в приложении Tamnaneunjeon и заказать карту или посетить специальный пункт выдачи. Выпущенную карту можно использовать в магазинах-партнерах на Чеджу после пополнения ее в приложении.","Tidak hanya penduduk Jeju, tetapi juga wisatawan yang mengunjungi Jeju dapat mendaftar. Ini adalah mata uang lokal khusus untuk Jeju yang tersedia bagi siapa saja yang berusia 14 tahun ke atas, memungkinkan Anda untuk berpartisipasi dalam merevitalisasi kawasan komersial lokal dan menciptakan siklus yang baik dalam ekonomi lokal melalui konsumsi di dalam Jeju. Anda dapat menerima berbagai manfaat saat menggunakannya di toko-toko afiliasi Tamnaneunjeon. Untuk mendaftar, Anda dapat mendaftar di aplikasi Tamnaneunjeon dan mengajukan permohonan kartu, atau mengunjungi lokasi penerbitan yang ditunjuk. Kartu yang diterbitkan dapat digunakan di toko-toko afiliasi di Jeju setelah diisi ulang di aplikasi.","","","","","","","","","","","","","","","",""
"","LocalCurrency_desc_16","탐나는전 사용처","Uses of Tamnaneunjeon","タムナヌンジョンの使用先","Tamnaneunjeon的用途","Nơi sử dụng Tamnaneunjeon","สถานที่ที่สามารถใช้ Tamnaneunjeon ได้","Где использовать Tamnaneunjeon","Tempat menggunakan Tamnaneunjeon","","","","","","","","","","","","","","","",""
"","LocalCurrency_desc_17","제주 지역 내 음식점·카페·전통시장·소상공인 매장 등 IC 카드 단말기를 사용하는 대부분의 가맹점에서 이용 가능합니다.","It can be used at most affiliated stores that use IC card terminals, such as restaurants, cafes, traditional markets, and small business stores in the Jeju area.","済州地域の飲食店・カフェ・伝統市場・小規模店舗など、ICカード端末を使用するほとんどの加盟店で利用可能です。","可以在济州岛内的大多数使用IC卡终端的加盟店使用，如餐厅、咖啡厅、传统市场和小型商铺等。","Nó có thể được sử dụng tại hầu hết các cửa hàng liên kết sử dụng thiết bị đầu cuối thẻ IC, chẳng hạn như nhà hàng, quán cà phê, chợ truyền thống và cửa hàng kinh doanh nhỏ trong khu vực Jeju.","สามารถใช้ได้ที่ร้านค้าในเครือส่วนใหญ่ที่ใช้เครื่องรูดบัตร IC เช่น ร้านอาหาร ร้านกาแฟ ตลาดดั้งเดิม และร้านค้าธุรกิจขนาดเล็กในพื้นที่เชจู","Ее можно использовать в большинстве магазинов-партнеров, использующих терминалы для IC-карт, таких как рестораны, кафе, традиционные рынки и магазины малого бизнеса в районе Чеджу.","Dapat digunakan di sebagian besar toko afiliasi yang menggunakan terminal kartu IC, seperti restoran, kafe, pasar tradisional, dan toko usaha kecil di area Jeju.","","","","","","","","","","","","","","","",""
"","Province_1","서울","Seoul","そうる","首尔","Seoul","Seoul","Сеул","Seoul","","","","","","","","","","","","","","","",""
"","Province_2","경기도","Gyeonggi","きょんぎど","京畿道","gyeonggi-do","Kota Gyeonggi","Кёнгидо","Gyeonggi-do","","","","","","","","","","","","","","","",""
"","Province_3","인천","Incheon","いんちょん","仁川","Incheon","Incheon","Инчхон","Incheon","","","","","","","","","","","","","","","",""
"","Province_4","강원도","Gangwon","かんうぉんど","江原道","Gangwon-do","Gangwon-do","Канвондо","Gangwon-do","","","","","","","","","","","","","","","",""
"","Province_5","충청남도","Chungcheongnam","ちゅんちょんなむど","忠清南道","Chungcheongnam-do","Chungcheongnam-do","Чхунчхоннамдо","Chungcheongnam-do","","","","","","","","","","","","","","","",""
"","Province_6","세종","Sejong","せじょん","世宗","Sejong","Sejong","Седжон","Sejong","","","","","","","","","","","","","","","",""
"","Province_7","대전","Daejeon","てじょん","大田","Daejeon","Daejeon","Тэджон","Daejeon","","","","","","","","","","","","","","","",""
"","Province_8","충청북도","Chungcheongbuk","ちゅんちょんぶくど","忠清北道","Chungcheongbuk-do","Chungcheongbuk-do","Чхунчхонбукдо","Chungcheongbuk-do","","","","","","","","","","","","","","","",""
"","Province_9","경상북도","Gyeongsangbuk","きょんさんぶくど","庆尚北道","Tỉnh Bắc Gyeongsang","Provinsi Gyeongsang Utara","Кёнсанбукдо","Gyeongsangbuk-do","","","","","","","","","","","","","","","",""
"","Province_10","대구","Daegu","てぐ","大邱","daegu","daegu","Тэгу","Daegu","","","","","","","","","","","","","","","",""
"","Province_11","전라북도","Jeollabuk","ちょるらぶくど","全罗北道","Jeollabuk-do","Jeollabuk-do","Чоллабукдо","Jeollabuk-do","","","","","","","","","","","","","","","",""
"","Province_12","전주","Jeonju","全州","全州","Jeonju","Jeonju","Чонджу","Jeonju","","","","","","","","","","","","","","","",""
"","Province_13","전라남도","Jeollanam","ちょるらなむど","全罗南道","Jeollanam-do","Jeollanam-do","Чолланамдо","Jeollanam-do","","","","","","","","","","","","","","","",""
"","Province_14","광주","Gwangju","くぁんじゅ","光州","gwangju","gwangju","Кванджу","Gwangju","","","","","","","","","","","","","","","",""
"","Province_15","경상남도","Gyeongsangnam","きょんさんなむど","庆尚南道","Gyeongsangnam-do","Kota Gyeongsangnam","Кёнсаннамдо","Gyeongsangnam-do","","","","","","","","","","","","","","","",""
"","Province_16","부산","Busan","ぷさん","釜山","Busan","Busan","Пусан","Busan","","","","","","","","","","","","","","","",""
"","Province_17","울산","Ulsan","うるさん","蔚山","Ulsan","Ulsan","Ульсан","Ulsan","","","","","","","","","","","","","","","",""
"","Province_18","제주도","Jeju-do","ちぇじゅど","济州岛","đảo Jeju","Pulau Jeju","Чеджудо","Pulau Jeju","","","","","","","","","","","","","","","",""
"","Photo_ResultSubHeader","사진 촬영 결과물을 통해 나만의 굿즈를 만들어 보세요 ","Make your own photo merch.","写真で自分だけのグッズ作り。","用照片定制专属周边。","Tạo ra các sản phẩm mang thương hiệu riêng của bạn bằng cách sử dụng kết quả buổi chụp ảnh.","สร้างสินค้าของคุณเองโดยใช้ผลลัพธ์จากการถ่ายภาพ","Создайте собственную продукцию, используя результаты вашей фотосессии.","Buat merchandise Anda sendiri menggunakan hasil pemotretan Anda.","","","","","","","","","","","","","","","",""
"","SmartTour_RecommendContentShowMore","더보기","More","もっと見る","查看更多","Xem thêm","ดูเพิ่มเติม","Подробнее","Lihat Lebih Lanjut","","","","","","","","","","","","","","","",""
"","MainButton_Promotion","취사병 전설이 되다","The Legend of a Cook","炊事兵、伝説になる","炊事兵成为传说","Đầu Bếp Huyền Thoại","ตำนานพลทหารทำอาหาร","Легенда о поваре","The Legend of a Cook","","","","","","","","","","","","","","","",""
"","Header_Promotion","티빙 오리지널 취사병 전설이 되다","TVING Original The Legend of a Cook","TVINGオリジナル 炊事兵、伝説になる","TVING原创 炊事兵成为传说","TVING Original Đầu Bếp Huyền Thoại","TVING Original ตำนานพลทหารทำอาหาร","Оригинальный сериал TVING Легенда о поваре","TVING Original The Legend of a Cook","","","","","","","","","","","","","","","",""
"","SubHeader_Promotion","이벤트에 참가 해보세요.","Please participate in the event.","イベントに参加してみてください。","请参加活动。","Hãy tham gia sự kiện.","เข้าร่วมกิจกรรม","Пожалуйста, примите участие в мероприятии.","Silakan ikuti acara ini.","","","","","","","","","","","","","","","",""
"","Promotion_Introduce","> 이벤트 소개 <","> Event Introduction <","> イベント紹介 <","> 活动介绍 <","> Giới thiệu sự kiện <","> แนะนำกิจกรรม <","> Описание мероприятия <","> Pengenalan Acara <","","","","","","","","","","","","","","","",""
"","Promotion_Participate","> 이벤트 참여 <","> Participate in Event <","> イベント参加 <","> 参与活动 <","> Tham gia sự kiện <","> เข้าร่วมกิจกรรม <","> Участие в мероприятии <","> Ikut Acara <","","","","","","","","","","","","","","","",""
"","Promotion_Reward","> 이벤트 상품 <","> Event Prizes <","> イベント商品 <","> 活动奖品 <","> Phần thưởng sự kiện <","> รางวัลกิจกรรม <","> Призы мероприятия <","> Hadiah Acara <","","","","","","","","","","","","","","","",""
"","Fillme_PrivacyPolicyContent","개인정보처리방침

주식회사 링커버스(이하 ""회사"")는 「개인정보 보호법」 등 관련 법규에 따라 이용자의 개인정보를 보호하고 개인정보와 관련한 이용자의 고충을 원활하게 처리할 수 있도록 다음과 같은 〈개인정보 처리방침〉에 따라 개인정보를 처리하고 있습니다. 본 방침은 회사가 운영하는 무인 키오스크(이하 ""기기"")를 통한 손톱 분석 서비스에 적용됩니다. 회사가 〈개인정보 처리방침〉을 개정하는 경우에는 기기 화면 또는 홈페이지에 게시하여 공지합니다.
본 기기는 회원가입·로그인 없이 익명으로 이용되며, 이름·연락처·이메일·결제·배송 정보 등 이용자의 신원을 특정할 수 있는 정보는 수집하지 않습니다.

제1조 수집하는 개인정보의 항목 및 수집방법
가. 수집하는 항목
회사는 「개인정보 보호법」에 따라 손톱 분석 서비스 제공을 위해 다음 정보를 수집·이용합니다.
- 손톱 분석 시(필수): 손톱 이미지(촬영 사진), 나이, 키, 몸무게, 성별
- 민감정보(필수): 임신 여부, 손톱 분석을 통해 생성되는 영양·건강 상태 정보
- 자동 수집 정보: 기기 정보(모델·OS), 이용 일시, 이용 기록, 접속 로그, 접속 IP
회사는 이름, 연락처, 이메일, 비밀번호, 암호화된 이용자 확인값(CI), 결제·배송 정보 등 이용자의 신원을 특정할 수 있는 정보는 수집하지 않습니다.
나. 수집방법
기기 화면을 통한 직접 입력 및 카메라 촬영을 통해 수집합니다. 다만, 이용자의 기본적 인권 침해의 우려가 있는 민감한 개인정보(인종 및 민족, 사상 및 신조, 정치적 성향, 범죄기록 등)는 수집하지 않습니다.

제2조 개인정보의 수집 및 이용목적
회사는 다음의 목적으로 개인정보를 수집·이용합니다.
- 서비스 제공: AI 손톱 분석을 통한 영양 상태 추정 및 맞춤형 건강기능식품 추천
- 서비스 개선: 개인을 식별할 수 없도록 익명처리한 정보를 이용한 통계 작성 및 AI 분석 품질 개선
- 기기 운영 및 보안: 기기 상태 점검, 부정 이용 및 비인가 접근 방지

제3조 개인정보의 보유 및 이용 기간
회사는 개인정보의 수집 및 이용목적이 달성되면 지체 없이 파기합니다.
- 손톱 이미지 및 입력 정보(나이·키·몸무게·성별·임신 여부): 분석 목적 달성 후 36개월 이내 파기
단, 통계 작성 및 AI 분석 품질 개선을 위해 개인을 식별할 수 없도록 익명처리한 정보는 보유 기간의 제한 없이 이용할 수 있습니다.
관련 법령에 따라 다음 기록은 명시된 기간 동안 보존합니다.
- 접속 로그 기록 / 보존근거: 통신비밀보호법 / 보존기간: 3개월
※ 본 기기는 결제·거래가 발생하지 않으므로 전자상거래법·전자금융거래법에 따른 거래·결제 기록 보존 의무는 적용되지 않습니다.

제4조 개인정보의 파기절차 및 방법
회사는 개인정보 수집 및 이용목적이 달성된 후에는 해당 정보를 지체 없이 파기합니다.
- 손톱 이미지 및 입력 정보는 분석 목적 달성 후 별도의 절차에 따라 파기되며, 전자적 파일 형태로 저장된 정보는 기록을 재생할 수 없는 기술적 방법으로 삭제합니다.
- 단, 서비스 개선 및 통계 목적으로 개인을 식별할 수 없도록 비식별(익명)처리한 정보는 계속 이용할 수 있습니다.
- 본 기기는 회원가입·로그인 기반 서비스가 아니므로, 장기 미접속 이용자에 대한 분리 보관 절차는 적용되지 않습니다.

제5조 개인정보의 제3자 제공에 관한 사항
회사는 이용자의 개인정보를 원칙적으로 외부에 제공하지 않습니다. 단, 다음의 경우에는 예외로 합니다.
- 이용자가 사전에 동의한 경우
- 법령의 규정에 따르거나, 법령에서 정한 절차와 방법에 따른 수사기관의 요청이 있는 경우
- 통계작성·학술연구·시장조사를 위해 개인을 식별할 수 없는 형태로 가공하여 제공하는 경우

제6조 수집한 개인정보의 처리위탁
회사는 서비스 제공을 위해 다음과 같이 외부 전문업체에 업무를 위탁하여 운영하고 있습니다.
- AWS: 클라우드 인프라 운영 및 데이터 보관
회사는 위탁계약 체결 시 개인정보가 안전하게 관리될 수 있도록 필요한 사항을 규정하고 이를 감독합니다.

제7조 이용자의 권리와 그 행사방법
이용자는 회사가 처리하는 자신의 개인정보에 대한 열람·정정·삭제·처리정지를 요구할 수 있습니다. 권리 행사는 개인정보 보호책임자에게 서면, 전화, 이메일로 연락하시면 됩니다.
다만 본 기기는 익명으로 이용되어 입력 정보에 별도의 식별자가 연결되지 않으므로, 특정 이용자의 정보를 식별·검색하여 개별적으로 처리하는 것이 기술적으로 제한될 수 있습니다. 이 경우 회사는 그 사유를 이용자에게 안내합니다.

제8조 개인정보 안정성 확보조치에 관한 사항
- 내부관리계획의 수립 및 시행: 회사는 내부관리계획을 수립하고 시행합니다.
- 개인정보 취급 담당자의 최소화 및 교육: 개인정보를 취급하는 담당자를 최소한으로 지정하여 관리합니다.
- 개인정보에 대한 접근 제한: 데이터베이스 시스템의 접근권한 부여·변경·말소를 통해 접근통제에 필요한 조치를 취하고 있으며, 침입차단시스템으로 외부의 무단 접근을 통제합니다.
- 접속기록의 보관 및 위·변조 방지: 개인정보처리시스템 접속기록을 최소 1년 이상(또는 법령 기준에 따라) 보관·관리하며, 위·변조·도난·분실되지 않도록 보안기능을 사용합니다.
- 개인정보의 암호화: 이용자의 개인정보는 암호화하여 저장·관리하며, 중요 데이터는 저장 및 전송 시 별도의 보안기능으로 암호화합니다.
- 해킹 등에 대비한 기술적 대책: 보안프로그램을 설치하고 주기적으로 갱신·점검하며, 시스템을 외부 접근이 통제된 구역에 두어 기술적·물리적으로 감시·차단합니다.

제9조 개인정보 자동 수집 장치의 운영 및 그 거부에 관한 사항
본 기기는 웹 브라우저 기반 서비스가 아니므로 쿠키(cookie)를 사용하지 않습니다.
다만 기기 운영 및 보안을 위해 기기 정보(모델·OS), 이용 일시, 이용 기록, 접속 로그 등이 자동으로 생성·수집될 수 있으며, 이는 서비스 제공 및 통계 분석 목적으로만 이용됩니다.

제10조 개인정보에 관한 민원서비스 및 권익침해 구제방법
회사는 이용자의 개인정보를 보호하고 개인정보 관련 불만을 처리하기 위해 아래와 같이 담당자를 지정하고 있습니다.
- 개인정보 보호책임자: 박재운 / 연락처: 031-625-1110 / 이메일: linkerverse@linkerverse.com
이용자는 개인정보보호 관련 민원을 위 담당자에게 신고하실 수 있으며, 회사는 신속하고 충분한 답변을 드리겠습니다.
기타 개인정보침해에 대한 신고나 상담이 필요하신 경우 아래 기관에 문의하시기 바랍니다.
- 개인정보침해신고센터 (privacy.kisa.or.kr / 국번없이 118)
- 대검찰청 사이버수사단 (spo.go.kr / 국번없이 1301)
- 경찰청 사이버수사국 (ecrm.police.go.kr / 국번없이 182)
- 개인정보 분쟁조정위원회 (kopico.go.kr / 1833-6972)

제11조 아동의 개인정보보호
회사는 만 14세 미만 아동의 개인정보를 법정대리인의 동의 없이 처리하지 않습니다. 본 기기는 무인으로 운영되어 이용자의 연령 확인이 어려우므로, 만 14세 미만 아동은 법정대리인의 동의 및 보호 하에서만 서비스를 이용하도록 기기 화면에 안내합니다.

제12조 고지의 의무
향후 정부 정책이나 보안기술의 변경에 따라 현 개인정보처리방침의 내용을 추가·삭제 및 수정할 경우, 개정 최소 7일 전부터 기기 화면 및 홈페이지를 통해 공지하겠습니다. 단, 부득이한 사정이 있는 경우에는 사전 고지기간을 준수하지 못하거나 사후에 고지할 수 있습니다. 변경된 개인정보처리방침은 변경 고지일로부터 7일 후에 효력이 발생합니다.
개인정보처리방침 시행일자 : 2026.06.01","Privacy Policy

Linkerverse Co., Ltd. (hereinafter referred to as the ""Company"") processes personal information in accordance with relevant laws and regulations, such as the Personal Information Protection Act, to protect users' personal information and efficiently handle any grievances. This policy applies to the nail analysis service provided through unmanned kiosks (hereinafter referred to as the ""Device"") operated by the Company. When the Company amends this Privacy Policy, it will announce the changes via the Device screen or website.
This Device is used anonymously without membership registration or login, and does not collect personally identifiable information such as name, contact information, email, payment, or delivery details.

Article 1 (Items and Methods of Collecting Personal Information)
A. Items Collected
The Company collects and uses the following information in accordance with the Personal Information Protection Act to provide the nail analysis service:
- For nail analysis (Required): Nail photo (captured photograph), age, height, weight, gender
- Sensitive information (Required): Pregnancy status, nutritional/health status information generated through nail analysis
- Automatically collected information: Device information (model, OS), date and time of use, usage records, access logs, access IP
The Company does not collect information that can identify individual users, such as name, contact information, email, password, CI (Connecting Information), or payment/shipping details.
B. Collection Method
Information is collected through direct input on the Device screen and camera capture. However, sensitive personal information that may infringe on basic human rights (race, ethnicity, beliefs, political orientation, criminal records, etc.) is not collected.

Article 2 (Purposes of Collection and Use of Personal Information)
The Company collects and uses personal information for the following purposes:
- Service provision: Estimating nutritional status through AI nail analysis and recommending customized health functional foods
- Service improvement: Compiling statistics and improving AI analysis quality using anonymized information that cannot identify individuals
- Device operation and security: Inspecting device status, preventing fraudulent use and unauthorized access

Article 3 (Retention and Use Period of Personal Information)
The Company destroys personal information without delay once the purpose of collection and use has been achieved.
- Nail photos and input information (age, height, weight, gender, pregnancy status): Destroyed within 36 months after achieving the analysis purpose
However, information anonymized so that individuals cannot be identified may be retained and used indefinitely for statistical compilation and AI quality improvement.
The following records are retained for specified periods pursuant to relevant laws:
- Access log records / Legal basis: Protection of Communications Secrets Act / Retention period: 3 months
※ As this Device does not involve payments or commercial transactions, obligations under the Electronic Commerce Act or Electronic Financial Transactions Act do not apply.

Article 4 (Procedures and Methods of Destroying Personal Information)
Once the purpose of collection and use is achieved, the Company destroys personal information without delay.
- Nail photos and input information are destroyed through a separate procedure after achieving the analysis purpose; electronic files are permanently deleted using technical methods that prevent reproduction.
- Anonymized information used for service improvement and statistics may continue to be used.
- As this Device does not require membership registration or login, dormancy/separation procedures for inactive users do not apply.

Article 5 (Provision of Personal Information to Third Parties)
In principle, the Company does not provide users' personal information to third parties, except in the following cases:
- With prior consent from the user
- When required by laws or regulations, or requested by investigative agencies according to procedures and methods prescribed by law
- When processed into an unidentifiable form for statistical purposes, academic research, or market research

Article 6 (Entrustment of Personal Information Processing)
The Company entrusts personal information processing to external specialized companies as follows:
- AWS: Cloud infrastructure operation and data storage
When concluding entrustment contracts, the Company stipulates and supervises necessary matters to ensure personal information is safely managed.

Article 7 (Rights of Users and Methods of Exercise)
Users may request access to, correction, deletion, or suspension of processing of their personal information processed by the Company. Rights may be exercised by contacting the Data Protection Officer via writing, phone, or email.
However, since this Device is used anonymously without unique identifiers linked to the input data, identifying or searching specific users' data for individual processing may be technically limited. In such cases, the Company will notify the user of the reasons.

Article 8 (Measures to Ensure Personal Information Security)
- Establishment and implementation of internal management plans: The Company establishes and enforces internal management plans.
- Minimization and training of handlers: Limiting personnel handling personal information to a minimum and conducting regular training.
- Access restrictions: Regulating database access through granting, modifying, and revoking permissions, and preventing unauthorized external access using intrusion prevention systems.
- Log retention and prevention of forgery/tampering: Retaining access logs for at least one year (or as required by law) and using security features to prevent theft, loss, forgery, or tampering.
- Data encryption: Storing and managing personal information with encryption, and encrypting critical data during transmission and storage.
- Technical countermeasures against hacking: Installing, updating, and inspecting security software, and placing systems in access-controlled areas for physical and technical monitoring.

Article 9 (Operation and Refusal of Automatic Data Collection Tools)
This Device is not a web browser-based service and therefore does not use cookies.
However, device information (model, OS), usage timestamps, usage logs, and access logs may be automatically generated and collected for device operation and security, used solely for service provision and statistical analysis.

Article 10 (Customer Grievance Service and Remedies for Infringement)
The Company designates the following officer to protect personal information and address complaints:
- Data Protection Officer: Jaewoon Park / Contact: 031-625-1110 / Email: linkerverse@linkerverse.com
Users may report privacy-related grievances to the officer, and the Company will provide a prompt and thorough response.
For further reporting or consultation regarding privacy infringement, please contact:
- Privacy Infringement Report Center (privacy.kisa.or.kr / 118 without area code)
- Supreme Prosecutors' Office Cybercrime Investigation Division (spo.go.kr / 1301 without area code)
- National Police Agency Cyber Bureau (ecrm.police.go.kr / 182 without area code)
- Personal Information Dispute Mediation Committee (kopico.go.kr / 1833-6972)

Article 11 (Protection of Children's Personal Information)
The Company does not process personal information of children under 14 without the consent of a legal representative. As this Device operates unmanned and cannot verify age directly, the screen instructs that children under 14 must use the service only with parental/guardian consent and supervision.

Article 12 (Duty of Notification)
If the Company amends this Privacy Policy due to policy or security technology changes, notice will be given via the Device screen and website at least 7 days prior to implementation. In unavoidable circumstances, prior notice may not be feasible or notice may be given post-change. The amended policy takes effect 7 days after the notification date.
Effective Date: June 1, 2026","個人情報処理方針

株式会社リンカーバース（以下「会社」）は、「個人情報保護法」などの関連法令に基づき、利用者の個人情報を保護し、個人情報に関する利用者の苦情を円滑に処理するため、以下の〈個人情報処理方針〉に従って個人情報を処理しています。本方針は、会社が運営する無人キオスク（以下「機器」）を通じた爪分析サービスに適用されます。会社が〈個人情報処理方針〉を改定する場合は、機器画面またはホームページに掲示して告知します。
本機器は会員登録・ログインなしで匿名で利用され、氏名、連絡先、メールアドレス、決済、配送情報など、利用者の身元を特定できる情報は収集しません。

第1条 収集する個人情報の項目および収集方法
イ. 収集する項目
会社は「個人情報保護法」に基づき、爪分析サービスの提供のために以下の情報を収集・利用します。
- 爪分析時（必須）：爪画像（撮影写真）、年齢、身長、体重、性別
- 機微情報（必須）：妊娠の有無、爪分析を通じて生成される栄養・健康状態情報
- 自動収集情報：機器情報（モデル・OS）、利用日時、利用記録、接続ログ、接続IP
会社は、氏名、連絡先、メールアドレス、パスワード、暗号化された同一人識別情報（CI）、決済・配送情報など、利用者の身元を特定できる情報は収集しません。
ロ. 収集方法
機器画面を通じた直接入力およびカメラ撮影により収集します。ただし、利用者の基本的人権を侵害するおそれのある機微な個人情報（人種・民族、思想・信条、政治的見解、犯罪歴など）は収集しません。

第2条 個人情報の収集および利用目的
会社は以下の目的のために個人情報を収集・利用します。
- サービス提供：AI爪分析による栄養状態の推定および個別最適化された健康機能食品の提案
- サービス改善：個人を特定できないよう匿名処理した情報を利用した統計作成およびAI分析品質の向上
- 機器運営およびセキュリティ：機器の状態点検、不正利用および不正アクセスの防止

第3条 個人情報の保有および利用期間
会社は、個人情報の収集および利用目的が達成された後は、遅滞なく破棄します。
- 爪画像および入力情報（年齢・身長・体重・性別・妊娠の有無）：分析目的達成後36ヶ月以内に破棄
ただし、統計作成およびAI分析品質向上のため、個人を特定できないよう匿名処理した情報は、保有期間の制限なく利用できます。
関連法令に基づき、以下の記録は明記された期間保存します。
- 接続ログ記録 / 保存根拠：通信秘密保護法 / 保存期間：3ヶ月
※ 本機器は決済・取引が発生しないため、電子商取引法・電子金融取引法に基づく取引・決済記録の保存義務は適用されません。

第4条 個人情報の破棄手続きおよび方法
会社は、個人情報の収集および利用目的が達成された後は、該当情報を遅滞なく破棄します。
- 爪画像および入力情報は、分析目的達成後に別途の手続きに従って破棄され、電子ファイル形式で保存された情報は記録を再生できない技術的方法で削除します。
- ただし、サービス改善および統計目的で個人を特定できないよう非識別（匿名）処理した情報は継続して利用できます。
- 本機器は会員登録・ログインを前提としたサービスではないため、長期未アクセス利用者に対する分離保管手続きは適用されません。

第5条 個人情報の第三者提供に関する事項
会社は、利用者の個人情報を原則として外部に提供しません。ただし、以下の場合は例外とします。
- 利用者が事前に同意した場合
- 法令の規定に基づくか、法令で定めた手続きおよび方法に従って捜査機関からの要請がある場合
- 統計作成・学術研究・市場調査のために個人を特定できない形態に加工して提供する場合

第6条 収集した個人情報の委託処理
会社は、円滑なサービス提供のため、以下のように外部専門業者に業務を委託して運営しています。
- AWS：クラウドインフラの運用およびデータ保管
会社は、委託契約の締結時に個人情報が安全に管理されるよう必要な事項を規定し、これを監督します。

第7条 利用者の権利およびその行使方法
利用者は、会社が処理する自身の個人情報について、閲覧・訂正・削除・処理停止を要求できます。権利の行使は、個人情報保護責任者へ書面、電話、メールにてご連絡ください。
ただし、本機器は匿名で利用され、入力情報に特定の識別子が紐づけられていないため、特定の利用者の情報を識別・検索して個別に処理することが技術的に困難な場合があります。この場合、会社はその理由を利用者に案内します。

第8条 個人情報の安全性確保措置に関する事項
- 内部管理計画の策定および施行：会社は内部管理計画を策定し施行します。
- 個人情報取扱担当者の最小化および教育：個人情報を取り扱う担当者を最小限に指定して管理します。
- 個人情報へのアクセス制限：データベースシステムへのアクセス権限の付与・変更・抹消を通じてアクセス統制に必要な措置を講じ、侵入防止システムで外部からの不正アクセスを制御します。
- 接続記録の保管および改ざん防止：個人情報処理システムの接続記録を最低1年以上（または法令基準に従い）保管・管理し、改ざん・盗難・紛失を防ぐセキュリティ機能を使用します。
- 個人情報の暗号化：利用者の個人情報は暗号化して保存・管理し、重要データは保存および送信時に個別のセキュリティ機能で暗号化します。
- ハッキング等に備えた技術的対策：セキュリティプログラムを導入し、定期的に更新・点検を実施するとともに、システムを外部アクセスが制御された区域に設置して技術的・物理的に監視・遮断します。

第9条 個人情報自動収集装置の運用および拒否に関する事項
本機器はウェブブラウザベースのサービスではないため、クッキー（cookie）を使用しません。
ただし、機器の運営およびセキュリティのため、機器情報（モデル・OS）、利用日時、利用記録、接続ログなどが自動的に生成・収集される場合があり、これらはサービス提供および統計分析の目的にのみ利用されます。

第10条 個人情報に関する苦情対応および権利侵害の救済方法
会社は利用者の個人情報を保護し、個人情報に関する不満を処理するため、以下の通り担当者を指定しています。
- 個人情報保護責任者：朴在雲（パク・ジェウン） / 連絡先：031-625-1110 / メール：linkerverse@linkerverse.com
利用者は個人情報保護に関する苦情を上記担当者へ申し立てることができ、会社は迅速かつ誠実に対応いたします。
その他、個人情報侵害に関する通報や相談が必要な場合は、以下の機関にお問い合わせください。
- 個人情報侵害申告センター (privacy.kisa.or.kr / 市外局番なし 118)
- 大検察庁サイバー捜査団 (spo.go.kr / 市外局番なし 1301)
- 警察庁サイバー捜査局 (ecrm.police.go.kr / 市外局番なし 182)
- 個人情報紛争調停委員会 (kopico.go.kr / 1833-6972)

第11条 児童の個人情報保護
会社は、満14歳未満の児童の個人情報を法定代理人の同意なく処理しません。本機器は無人で運営され利用者の年齢確認が困難であるため、満14歳未満の児童は法定代理人の同意および保護のもとでのみサービスを利用するよう機器画面に案内を表示します。

第12条 告知の義務
今後の政府政策やセキュリティ技術の変更に伴い、現行の個人情報処理方針の内容を追加・削除・修正する場合、改定の最低7日前から機器画面およびホームページを通じて告知します。ただし、やむを得ない事情がある場合は、事前告知期間を遵守できない場合や事後告知となる場合があります。変更された個人情報処理方針は、告知日から7日後に効力が発生します。
個人情報処理方針 施行日：2026.06.01","个人信息处理方针

Linkerverse株式会社（以下简称“公司”）根据《个人信息保护法》等相关法律法规，为保护用户的个人信息并妥善处理与个人信息相关的用户诉求，特制定并执行以下《个人信息处理方针》。本方针适用于公司运营的无人自助服务终端（以下简称“设备”）提供的指甲分析服务。公司对《个人信息处理方针》进行修订时，将通过设备屏幕或官方网站予以公告。
本设备采用匿名方式提供服务，无需注册或登录，不收集姓名、联系方式、电子邮件、支付、配送信息等可识别用户个人身份的信息。

第一条 收集的个人信息项目及收集方法
一、 收集的项目
公司根据《个人信息保护法》，为提供指甲分析服务而收集和使用以下信息：
- 进行指甲分析时（必填）：指甲图像（拍摄照片）、年龄、身高、体重、性别
- 敏感信息（必填）：是否怀孕、通过指甲分析生成的营养与健康状况信息
- 自动收集的信息：设备信息（型号、操作系统）、使用时间、使用记录、访问日志、访问IP
公司不收集姓名、联系方式、电子邮箱、密码、加密用户确认值（CI）、支付及配送信息等可识别用户个人身份的信息。
二、 收集方法
通过设备屏幕直接输入及摄像头拍摄进行收集。但绝不收集可能侵害用户基本人权的敏感个人信息（种族、民族、思想、信条、政治倾向、犯罪记录等）。

第二条 个人信息的收集及使用目的
公司出于以下目的收集和使用个人信息：
- 提供服务：通过AI指甲分析评估营养状况并推荐个性化健康功能食品
- 改进服务：利用经过匿名化处理无法识别个人的信息编制统计数据并提升AI分析质量
- 设备运营与安全：检查设备状态，防止非法使用和未授权访问

第三条 个人信息的保留及使用期限
公司在达到个人信息收集及使用目的后，将立即销毁相关信息。
- 指甲图像及输入信息（年龄、身高、体重、性别、是否怀孕）：在达到分析目的后36个月内销毁
但是，为编制统计数据和提高AI分析质量而进行的不可识别个人的匿名化信息，可不受保留期限限制继续使用。
根据相关法律法规，以下记录将在规定期限内予以保存：
- 访问日志记录 / 保存依据：《通信秘密保护法》 / 保存期限：3个月
※ 本设备不产生支付与交易行为，因此不适用《电子商务法》《电子金融交易法》规定的交易及支付记录保存义务。

第四条 个人信息的销毁程序及方法
个人信息收集及使用目的达成后，公司将立即销毁相关信息。
- 指甲图像及输入信息在达到分析目的后按照独立程序销毁；以电子文件形式存储的信息将采用无法复原的技术方法彻底删除。
- 但是，出于改进服务及统计目的而经过非识别（匿名）处理的信息可继续使用。
- 本设备属于非会员制、免登录服务，因此不适用长期未访问用户的分离保管程序。

第五条 个人信息的第三方提供事宜
原则上，公司不会向外部第三方提供用户的个人信息。但以下情况除外：
- 事先征得用户同意的情况
- 依照法律法规规定，或调查机关依照法定程序和方法提出要求的情况
- 出于统计编制、学术研究或市场调查目的，以无法识别个人的形式加工后提供的情况

第六条 个人信息处理业务的委托
为顺利提供服务，公司将部分业务委托给外部专业机构运营，具体如下：
- AWS：云基础设施运营及数据存储
在签订委托合同时，公司明确规定确保个人信息安全管理所必需的事项，并对其进行有效监督。

第七条 用户的权利及其行使方式
用户有权要求查阅、更正、删除或暂停处理公司所处理的其个人信息。用户可通过书面、电话或电子邮件联系个人信息保护负责人以行使相关权利。
但由于本设备为匿名使用，输入信息未绑定任何唯一识别标识，因此在技术上可能难以针对特定用户信息进行检索与个别处理。在此情况下，公司将向用户说明原因。

第八条 确保个人信息安全的技术与管理措施
- 制定并实施内部管理计划：公司制定并严格执行内部管理计划。
- 最小化个人信息处理人员并开展培训：严格限制经办人员人数，并进行定期安全培训。
- 限制个人信息访问权限：通过授予、变更、注销数据库访问权限来实施访问控制，并利用入侵防御系统防范外部未授权访问。
- 保存访问记录并防范伪造变造：将个人信息处理系统的访问记录至少保存1年以上（或按法规标准），并采取安全措施防止伪造、篡改、失窃或遗失。
- 个人信息加密：对用户的个人信息进行加密存储和管理，重要数据在存储和传输时采用专门的安全机制进行加密。
- 防范黑客等技术对策：安装、定期更新并检查安全防护软件，将系统置于严格受控区域实施物理和技术监控阻断。

第九条 个人信息自动收集装置的运营及拒绝事项
本设备不基于网页浏览器运行，因此不使用Cookie。
但为确保设备正常运营及安全，可能会自动生成并收集设备信息（型号、操作系统）、使用时间、使用记录、访问日志等，这些信息仅用于服务提供及统计分析目的。

第十条 个人信息投诉服务及权益侵害救济途径
为保护用户个人信息并处理相关投诉，公司指定以下个人信息保护负责人：
- 个人信息保护负责人：朴在运 / 联系电话：031-625-1110 / 电子邮箱：linkerverse@linkerverse.com
用户可就个人信息保护相关事宜向上述负责人提出投诉，公司将尽快给予充分答复。
如需就个人信息侵权进行举报或咨询，请联系以下机构：
- 个人信息侵害举报中心 (privacy.kisa.or.kr / 拨打118，无需区号)
- 大检察厅网络调查团 (spo.go.kr / 拨打1301，无需区号)
- 警察厅网络调查局 (ecrm.police.go.kr / 拨打182，无需区号)
- 个人信息纠纷调解委员会 (kopico.go.kr / 1833-6972)

第十一条 儿童个人信息保护
未经法定代理人同意，公司不处理未满14周岁儿童的个人信息。由于本设备为无人值守运营，难以确认用户真实年龄，因此会在设备屏幕上提示未满14周岁儿童须在法定代理人同意与监护下方可使用本服务。

第十二条 告知义务
因政府政策或安全技术发生变动而增删或修改本个人信息处理方针内容时，公司将于修订生效前至少7天通过设备屏幕及官方网站进行公告。但在不可抗力等特殊情况下，可能无法遵守事前公告期限或改为事后告知。修改后的个人信息处理方针自公告之日起7天后正式生效。
个人信息处理方针实施日期：2026.06.01","Chính sách bảo mật thông tin cá nhân

Công ty Cổ phần Linkerverse (sau đây gọi là ""Công ty"") xử lý thông tin cá nhân theo 〈Chính sách bảo mật thông tin cá nhân〉 dưới đây nhằm bảo vệ thông tin cá nhân của người dùng và xử lý thuận lợi các khiếu nại liên quan theo đúng các quy định pháp luật như 「Đạo luật bảo vệ thông tin cá nhân」. Chính sách này áp dụng cho dịch vụ phân tích móng tay thông qua ki-ốt tự động (sau đây gọi là ""Thiết bị"") do Công ty vận hành. Trường hợp Công ty sửa đổi 〈Chính sách bảo mật thông tin cá nhân〉, thông báo sẽ được đăng tải trên màn hình thiết bị hoặc trang web chính thức.
Thiết bị này được sử dụng ẩn danh, không cần đăng ký thành viên hay đăng nhập, đồng thời không thu thập các thông tin có thể nhận dạng danh tính người dùng như tên, số điện thoại, email, thanh toán hoặc giao hàng.

Điều 1 (Các mục thông tin cá nhân thu thập và phương thức thu thập)
A. Các mục thu thập
Công ty thu thập và sử dụng các thông tin sau để cung cấp dịch vụ phân tích móng tay theo 「Đạo luật bảo vệ thông tin cá nhân」:
- Khi phân tích móng tay (Bắt buộc): Hình ảnh móng tay (ảnh chụp), độ tuổi, chiều cao, cân nặng, giới tính
- Thông tin nhạy cảm (Bắt buộc): Tình trạng mang thai, thông tin tình trạng dinh dưỡng và sức khỏe được tạo ra qua phân tích móng tay
- Thông tin thu thập tự động: Thông tin thiết bị (kiểu máy, hệ điều hành), thời gian sử dụng, nhật ký sử dụng, nhật ký truy cập, địa chỉ IP truy cập
Công ty không thu thập thông tin có thể xác định danh tính người dùng như tên, số điện thoại, email, mật khẩu, giá trị xác thực người dùng được mã hóa (CI), thông tin thanh toán hoặc vận chuyển.
B. Phương thức thu thập
Thu thập qua việc nhập trực tiếp trên màn hình thiết bị và chụp ảnh qua camera. Tuy nhiên, Công ty không thu thập thông tin cá nhân nhạy cảm có nguy cơ xâm phạm quyền con người cơ bản của người dùng (chủng tộc, dân tộc, tư tưởng, tín ngưỡng, khuynh hướng chính trị, tiền án tiền sự, v.v.).

Điều 2 (Mục đích thu thập và sử dụng thông tin cá nhân)
Công ty thu thập và sử dụng thông tin cá nhân cho các mục đích sau:
- Cung cấp dịch vụ: Ước tính tình trạng dinh dưỡng qua phân tích móng tay bằng AI và đề xuất thực phẩm chức năng phù hợp
- Cải tiến dịch vụ: Lập số liệu thống kê và nâng cao chất lượng phân tích AI bằng dữ liệu đã được ẩn danh hóa không thể nhận diện cá nhân
- Vận hành và bảo mật thiết bị: Kiểm tra tình trạng thiết bị, ngăn ngừa hành vi sử dụng trái phép và truy cập không được ủy quyền

Điều 3 (Thời hạn lưu trữ và sử dụng thông tin cá nhân)
Công ty sẽ tiêu hủy thông tin cá nhân không chậm trễ ngay sau khi đạt được mục đích thu thập và sử dụng.
- Hình ảnh móng tay và thông tin đã nhập (tuổi, chiều cao, cân nặng, giới tính, tình trạng mang thai): Tiêu hủy trong vòng 36 tháng sau khi hoàn thành mục đích phân tích
Tuy nhiên, thông tin đã được ẩn danh hóa để không thể nhận dạng cá nhân có thể được lưu trữ và sử dụng không giới hạn thời gian nhằm phục vụ lập thống kê và nâng cao chất lượng phân tích AI.
Các hồ sơ sau được lưu giữ trong thời hạn quy định theo pháp luật liên quan:
- Nhật ký truy cập / Cơ sở pháp lý: Đạo luật bảo vệ bí mật thông tin liên lạc / Thời hạn lưu giữ: 3 tháng
※ Thiết bị này không phát sinh giao dịch hoặc thanh toán nên nghĩa vụ lưu trữ hồ sơ giao dịch/thanh toán theo Luật Thương mại điện tử và Luật Giao dịch tài chính điện tử không được áp dụng.

Điều 4 (Quy trình và phương pháp tiêu hủy thông tin cá nhân)
Sau khi đạt được mục đích thu thập và sử dụng thông tin cá nhân, Công ty sẽ tiến hành tiêu hủy không chậm trễ.
- Hình ảnh móng tay và dữ liệu nhập sẽ được tiêu hủy theo quy trình riêng sau khi hoàn thành mục đích phân tích; thông tin lưu trữ dưới dạng tệp điện tử sẽ được xóa bằng biện pháp kỹ thuật không thể phục hồi.
- Tuy nhiên, dữ liệu đã được phi nhận danh (ẩn danh) cho mục đích cải tiến dịch vụ và thống kê có thể tiếp tục được sử dụng.
- Vì thiết bị không yêu cầu đăng ký hoặc đăng nhập, quy trình lưu trữ tách biệt đối với người dùng không truy cập trong thời gian dài sẽ không áp dụng.

Điều 5 (Cung cấp thông tin cá nhân cho bên thứ ba)
Về nguyên tắc, Công ty không cung cấp thông tin cá nhân của người dùng cho bên ngoài, ngoại trừ các trường hợp sau:
- Người dùng đã đồng ý trước
- Theo quy định pháp luật hoặc có yêu cầu của cơ quan điều tra theo đúng trình tự và phương pháp pháp luật quy định
- Cung cấp dưới dạng không thể nhận dạng cá nhân nhằm phục vụ nghiên cứu học thuật, lập thống kê hoặc nghiên cứu thị trường

Điều 6 (Ủy thác xử lý thông tin cá nhân)
Để cung cấp dịch vụ thuận lợi, Công ty ủy thác xử lý cho các đối tác chuyên môn bên ngoài như sau:
- AWS: Vận hành hạ tầng đám mây và lưu trữ dữ liệu
Khi ký hợp đồng ủy thác, Công ty quy định các điều khoản cần thiết và giám sát chặt chẽ để đảm bảo thông tin cá nhân được quản lý an toàn.

Điều 7 (Quyền của người dùng và phương thức thực hiện)
Người dùng có quyền yêu cầu xem, đính chính, xóa hoặc đình chỉ xử lý thông tin cá nhân của mình. Để thực hiện quyền, người dùng có thể liên hệ với Người phụ trách bảo vệ thông tin cá nhân bằng văn bản, điện thoại hoặc email.
Tuy nhiên, vì thiết bị được sử dụng ẩn danh và dữ liệu nhập không gắn liền với mã định danh cá nhân cụ thể, việc nhận dạng hoặc tìm kiếm dữ liệu của một người dùng nhất định để xử lý riêng lẻ có thể bị hạn chế về mặt kỹ thuật. Trong trường hợp đó, Công ty sẽ thông báo lý do cụ thể cho người dùng.

Điều 8 (Biện pháp bảo đảm an toàn thông tin cá nhân)
- Xây dựng và thực thi kế hoạch quản lý nội bộ: Công ty xây dựng và thực hiện nghiêm ngặt kế hoạch quản lý nội bộ.
- Tối thiểu hóa nhân sự và đào tạo: Chỉ định tối thiểu nhân sự xử lý thông tin cá nhân và tiến hành đào tạo định kỳ.
- Giới hạn quyền truy cập: Áp dụng các biện pháp kiểm soát truy cập qua cấp phép, thay đổi và thu hồi quyền đối với cơ sở dữ liệu, dùng hệ thống ngăn chặn xâm nhập để kiểm soát truy cập trái phép từ bên ngoài.
- Lưu trữ nhật ký và phòng chống giả mạo: Lưu giữ nhật ký truy cập ít nhất 1 năm (hoặc theo quy định pháp luật) và sử dụng chức năng bảo mật để chống giả mạo, đánh cắp hoặc thất lạc.
- Mã hóa thông tin cá nhân: Lưu trữ và quản lý thông tin cá nhân dưới dạng mã hóa; dữ liệu quan trọng được mã hóa bằng cơ chế bảo mật chuyên biệt khi lưu trữ và truyền tải.
- Biện pháp kỹ thuật chống tấn công mạng: Cài đặt và định kỳ cập nhật, kiểm tra phần mềm bảo mật, đặt hệ thống trong khu vực kiểm soát truy cập để giám sát và ngăn chặn vật lý cũng như kỹ thuật.

Điều 9 (Vận hành thiết bị thu thập tự động và từ chối)
Thiết bị này không hoạt động trên nền tảng trình duyệt web nên không sử dụng cookie.
Tuy nhiên, để vận hành và bảo mật, thông tin thiết bị (kiểu máy, OS), thời gian sử dụng, nhật ký sử dụng, nhật ký truy cập có thể được tự động tạo và thu thập, chỉ phục vụ cho việc cung cấp dịch vụ và phân tích thống kê.

Điều 10 (Dịch vụ khiếu nại và biện pháp khắc phục xâm phạm quyền lợi)
Công ty chỉ định người phụ trách dưới đây nhằm bảo vệ thông tin cá nhân và giải quyết khiếu nại của người dùng:
- Người phụ trách bảo vệ thông tin cá nhân: Park Jae-woon / Số điện thoại: 031-625-1110 / Email: linkerverse@linkerverse.com
Người dùng có thể báo cáo mọi thắc mắc liên quan đến bảo mật thông tin cá nhân tới người phụ trách nêu trên; Công ty sẽ phản hồi nhanh chóng và đầy đủ.
Nếu cần tư vấn hoặc khiếu nại về hành vi xâm phạm thông tin cá nhân khác, vui lòng liên hệ các cơ quan sau:
- Trung tâm Khiếu nại Xâm phạm Thông tin Cá nhân (privacy.kisa.or.kr / 118 không cần mã vùng)
- Đội Điều tra Tội phạm Mạng thuộc Viện Kiểm sát Tối cao (spo.go.kr / 1301 không cần mã vùng)
- Cục Điều tra An ninh Mạng thuộc Cơ quan Cảnh sát Quốc gia (ecrm.police.go.kr / 182 không cần mã vùng)
- Ủy ban Hòa giải Tranh chấp Thông tin Cá nhân (kopico.go.kr / 1833-6972)

Điều 11 (Bảo vệ thông tin cá nhân của trẻ em)
Công ty không xử lý thông tin cá nhân của trẻ em dưới 14 tuổi mà không có sự đồng ý của người đại diện theo pháp luật. Vì thiết bị vận hành tự động không người trực nên khó xác minh độ tuổi, màn hình thiết bị sẽ hướng dẫn trẻ em dưới 14 tuổi chỉ sử dụng dịch vụ dưới sự đồng ý và giám hộ của người đại diện hợp pháp.

Điều 12 (Nghĩa vụ thông báo)
Trường hợp bổ sung, xóa hoặc sửa đổi nội dung Chính sách bảo mật thông tin cá nhân này theo chính sách của chính phủ hoặc thay đổi công nghệ bảo mật, Công ty sẽ thông báo trên màn hình thiết bị và trang web tối thiểu 7 ngày trước ngày sửa đổi. Trong trường hợp bất khả kháng, Công ty có thể không tuân thủ thời gian thông báo trước hoặc thực hiện thông báo sau. Chính sách bảo mật sửa đổi có hiệu lực sau 7 ngày kể từ ngày thông báo.
Ngày có hiệu lực của Chính sách bảo mật: 01.06.2026","นโยบายความเป็นส่วนตัว

บริษัท ลิงเกอร์เวิร์ส จำกัด (ต่อไปนี้เรียกว่า ""บริษัท"") ดำเนินการประมวลผลข้อมูลส่วนบุคคลตาม 〈นโยบายความเป็นส่วนตัว〉 ดังต่อไปนี้ เพื่อคุ้มครองข้อมูลส่วนบุคคลของผู้ใช้บริการและจัดการข้อร้องเรียนของผู้ใช้อย่างราบรื่นตามกฎหมายและข้อบังคับที่เกี่ยวข้อง เช่น 「พระราชบัญญัติคุ้มครองข้อมูลส่วนบุคคล」 นโยบายนี้ใช้กับบริการวิเคราะห์เล็บผ่านตู้คีออสก์ไร้คนขับ (ต่อไปนี้เรียกว่า ""อุปกรณ์"") ที่ดำเนินการโดยบริษัท หากบริษัทมีการแก้ไข 〈นโยบายความเป็นส่วนตัว〉 จะประกาศให้ทราบผ่านหน้าจออุปกรณ์หรือบนเว็บไซต์
อุปกรณ์นี้ให้บริการโดยไม่เปิดเผยตัวตน โดยไม่ต้องลงทะเบียนสมาชิกหรือเข้าสู่ระบบ และไม่มีการเก็บรวบรวมข้อมูลที่สามารถระบุตัวตนของผู้ใช้ได้ เช่น ชื่อ ข้อมูลติดต่อ อีเมล ข้อมูลการชำระเงิน หรือการจัดส่ง

ข้อ 1 (รายการข้อมูลส่วนบุคคลที่เก็บรวบรวมและวิธีการเก็บรวบรวม)
ก. รายการที่เก็บรวบรวม
บริษัทเก็บรวบรวมและใช้ข้อมูลต่อไปนี้เพื่อให้บริการวิเคราะห์เล็บตาม 「พระราชบัญญัติคุ้มครองข้อมูลส่วนบุคคล」:
- เมื่อวิเคราะห์เล็บ (จำเป็น): ภาพถ่ายเล็บ (ภาพที่ถ่าย), อายุ, ส่วนสูง, น้ำหนัก, เพศ
- ข้อมูลที่มีความอ่อนไหว (จำเป็น): การตั้งครรภ์, ข้อมูลภาวะโภชนาการและสุขภาพที่ได้จากการวิเคราะห์เล็บ
- ข้อมูลที่เก็บรวบรวมโดยอัตโนมัติ: ข้อมูลอุปกรณ์ (รุ่น, ระบบปฏิบัติการ), วันและเวลาที่ใช้งาน, บันทึกการใช้งาน, บันทึกการเข้าถึง (Access Log), หมายเลข IP ที่เข้าถึง
บริษัทไม่เก็บรวบรวมข้อมูลที่ระบุตัวตนของผู้ใช้ เช่น ชื่อ ข้อมูลติดต่อ อีเมล รหัสผ่าน ค่าระบุตัวตนผู้ใช้ที่เข้ารหัส (CI) ข้อมูลการชำระเงิน หรือการจัดส่ง
ข. วิธีการเก็บรวบรวม
เก็บรวบรวมผ่านการป้อนข้อมูลโดยตรงบนหน้าจออุปกรณ์และการถ่ายภาพด้วยกล้อง ทั้งนี้ จะไม่เก็บรวบรวมข้อมูลส่วนบุคคลที่มีความอ่อนไหวซึ่งอาจละเมิดสิทธิมนุษยชนขั้นพื้นฐานของผู้ใช้ (เชื้อชาติ ชาติพันธุ์ ความคิด ความเชื่อ อุดมการณ์ทางการเมือง ประวัติอาชญากรรม ฯลฯ)

ข้อ 2 (วัตถุประสงค์ในการเก็บรวบรวมและการใช้ข้อมูลส่วนบุคคล)
บริษัทเก็บรวบรวมและใช้ข้อมูลส่วนบุคคลเพื่อวัตถุประสงค์ดังต่อไปนี้:
- การให้บริการ: ประเมินภาวะโภชนาการผ่านการวิเคราะห์เล็บด้วย AI และแนะนำผลิตภัณฑ์อาหารเสริมสุขภาพที่เหมาะสมกับแต่ละบุคคล
- การปรับปรุงบริการ: จัดทำสถิติและพัฒนาคุณภาพการวิเคราะห์ของ AI โดยใช้ข้อมูลที่ไม่สามารถระบุตัวตนได้
- การดำเนินงานและความปลอดภัยของอุปกรณ์: ตรวจสอบสถานะของอุปกรณ์ ป้องกันการใช้งานในทางที่ผิดและการเข้าถึงโดยไม่ได้รับอนุญาต

ข้อ 3 (ระยะเวลาในการเก็บรักษาและการใช้ข้อมูลส่วนบุคคล)
บริษัทจะทำลายข้อมูลส่วนบุคคลโดยไม่ชักช้าเมื่อบรรลุวัตถุประสงค์ในการเก็บรวบรวมและการใช้แล้ว
- ภาพถ่ายเล็บและข้อมูลที่ป้อน (อายุ ส่วนสูง น้ำหนัก เพศ การตั้งครรภ์): ทำลายภายใน 36 เดือนหลังจากบรรลุวัตถุประสงค์ในการวิเคราะห์
อย่างไรก็ตาม ข้อมูลที่ผ่านกระบวนการนิรนามจนไม่สามารถระบุตัวตนได้ สามารถเก็บรักษาและนำไปใช้ได้โดยไม่จำกัดระยะเวลาเพื่อการจัดทำสถิติและพัฒนาคุณภาพของ AI
ตามกฎหมายที่เกี่ยวข้อง บันทึกต่อไปนี้จะได้รับการจัดเก็บไว้ตามระยะเวลาที่กำหนด:
- บันทึกประวัติการเข้าถึง (Access Log) / ฐานทางกฎหมาย: พระราชบัญญัติคุ้มครองความลับทางการสื่อสาร / ระยะเวลาจัดเก็บ: 3 เดือน
※ เนื่องจากอุปกรณ์นี้ไม่มีการทำธุรกรรมหรือการชำระเงิน จึงไม่มีภาระผูกพันในการเก็บรักษาบันทึกการทำธุรกรรมหรือการชำระเงินตามกฎหมายพาณิชย์อิเล็กทรอนิกส์หรือกฎหมายธุรกรรมทางการเงินทางอิเล็กทรอนิกส์

ข้อ 4 (ขั้นตอนและวิธีการทำลายข้อมูลส่วนบุคคล)
เมื่อบรรลุวัตถุประสงค์ในการเก็บรวบรวมและการใช้ข้อมูลแล้ว บริษัทจะทำลายข้อมูลดังกล่าวทันทีโดยไม่ชักช้า
- ภาพถ่ายเล็บและข้อมูลที่ป้อนจะถูกทำลายตามขั้นตอนเฉพาะหลังจากบรรลุวัตถุประสงค์การวิเคราะห์ ข้อมูลที่จัดเก็บในรูปแบบไฟล์อิเล็กทรอนิกส์จะถูกลบด้วยวิธีการทางเทคนิคที่ไม่สามารถกู้คืนได้
- ข้อมูลที่ถูกแปลงเป็นข้อมูลนิรนามเพื่อวัตถุประสงค์ในการปรับปรุงบริการและสถิติ สามารถนำไปใช้ต่อไปได้
- เนื่องจากอุปกรณ์นี้ไม่ใช่บริการที่ต้องสมัครสมาชิกหรือเข้าสู่ระบบ จึงไม่มีขั้นตอนการแยกจัดเก็บข้อมูลสำหรับผู้ใช้ที่ไม่ได้เข้าถึงเป็นเวลานาน

ข้อ 5 (การให้ข้อมูลส่วนบุคคลแก่บุคคลที่สาม)
ตามหลักการ บริษัทจะไม่เปิดเผยหรือส่งมอบข้อมูลส่วนบุคคลของผู้ใช้แก่ภายนอก เว้นแต่ในกรณีดังต่อไปนี้:
- ผู้ใช้ได้ให้ความยินยอมไว้ล่วงหน้า
- เป็นไปตามบทบัญญัติของกฎหมาย หรือมีคำร้องขอจากหน่วยงานสืบสวนตามขั้นตอนและวิธีการที่กฎหมายกำหนด
- จัดทำในรูปแบบที่ไม่สามารถระบุตัวตนได้เพื่อการจัดทำสถิติ การวิจัยทางวิชาการ หรือการวิจัยตลาด

ข้อ 6 (การมอบหมายการประมวลผลข้อมูลส่วนบุคคล)
เพื่อการให้บริการที่มีประสิทธิภาพ บริษัทได้มอบหมายงานให้แก่บริษัทผู้เชี่ยวชาญภายนอกดังต่อไปนี้:
- AWS: การดำเนินงานโครงสร้างพื้นฐานระบบคลาวด์และการจัดเก็บข้อมูล
ในการทำสัญญาว่าจ้าง บริษัทจะกำหนดข้อกำหนดที่จำเป็นและกำกับดูแลเพื่อให้มั่นใจว่าข้อมูลส่วนบุคคลได้รับการจัดการอย่างปลอดภัย

ข้อ 7 (สิทธิของผู้ใช้บริการและวิธีการใช้สิทธิ)
ผู้ใช้สามารถร้องขอให้ตรวจสอบ แก้ไข ลบ หรือระงับการประมวลผลข้อมูลส่วนบุคคลของตนที่บริษัทถือครองอยู่ได้ โดยสามารถใช้สิทธิได้โดยติดต่อเจ้าหน้าที่คุ้มครองข้อมูลส่วนบุคคลผ่านทางเอกสาร โทรศัพท์ หรืออีเมล
อย่างไรก็ตาม เนื่องจากอุปกรณ์นี้ใช้งานโดยไม่ระบุตัวตนและข้อมูลที่ป้อนไม่มีตัวระบุตัวตนเชื่อมโยงอยู่ จึงอาจมีข้อจำกัดทางเทคนิคในการค้นหาหรือระบุข้อมูลของผู้ใช้รายบุคคลเพื่อประมวลผล ในกรณีดังกล่าว บริษัทจะแจ้งเหตุผลให้ผู้ใช้ทราบ

ข้อ 8 (มาตรการรักษาความปลอดภัยของข้อมูลส่วนบุคคล)
- การจัดทำและดำเนินการตามแผนการจัดการภายใน: บริษัทจัดทำและบังคับใช้แผนการจัดการความปลอดภัยภายใน
- การจำกัดและอบรมผู้ดูแลข้อมูลส่วนบุคคล: กำหนดจำนวนเจ้าหน้าที่ที่เข้าถึงข้อมูลส่วนบุคคลให้น้อยที่สุดและจัดให้มีการฝึกอบรมสม่ำเสมอ
- การจำกัดการเข้าถึงข้อมูลส่วนบุคคล: ควบคุมการเข้าถึงฐานข้อมูลด้วยการกำหนด แก้ไข และเพิกถอนสิทธิ์ พร้อมติดตั้งระบบป้องกันการบุกรุกเพื่อสกัดกั้นการเข้าถึงจากภายนอกที่ไม่ได้รับอนุญาต
- การจัดเก็บและป้องกันการปลอมแปลงบันทึกการเข้าถึง: จัดเก็บบันทึกประวัติการเข้าถึงระบบประมวลผลข้อมูลส่วนบุคคลไว้อย่างน้อย 1 ปี (หรือตามมาตรฐานกฎหมาย) และใช้ระบบความปลอดภัยป้องกันการปลอมแปลง การสูญหาย หรือการโจรกรรม
- การเข้ารหัสข้อมูลส่วนบุคคล: ข้อมูลส่วนบุคคลของผู้ใช้จะถูกจัดเก็บและจัดการโดยการเข้ารหัส และข้อมูลสำคัญจะได้รับการเข้ารหัสด้วยฟังก์ชันความปลอดภัยเฉพาะระหว่างการจัดเก็บและส่งผ่าน
- มาตรการทางเทคนิคเพื่อป้องกันการโจมตีทางไซเบอร์: ติดตั้ง อัปเดต และตรวจสอบโปรแกรมรักษาความปลอดภัยเป็นประจำ พร้อมทั้งจัดวางระบบไว้ในพื้นที่ที่มีการควบคุมการเข้าถึงอย่างเข้มงวดเพื่อเฝ้าระวังทั้งทางกายภาพและทางเทคนิค

ข้อ 9 (การใช้งานอุปกรณ์เก็บรวบรวมข้อมูลอัตโนมัติและการปฏิเสธ)
อุปกรณ์นี้ไม่ใช่บริการที่ทำงานผ่านเว็บเบราว์เซอร์ จึงไม่มีการใช้คุกกี้ (Cookie)
อย่างไรก็ตาม เพื่อการดำเนินงานและความปลอดภัยของอุปกรณ์ ข้อมูลอุปกรณ์ (รุ่น, OS), วันเวลาการใช้งาน, บันทึกการใช้งาน, บันทึกการเข้าถึง อาจถูกสร้างและรวบรวมโดยอัตโนมัติ ซึ่งจะใช้เพื่อวัตถุประสงค์ในการให้บริการและการวิเคราะห์ทางสถิติเท่านั้น

ข้อ 10 (บริการรับเรื่องร้องเรียนเกี่ยวกับข้อมูลส่วนบุคคลและการเยียวยาการละเมิดสิทธิ)
บริษัทได้แต่งตั้งเจ้าหน้าที่ดังต่อไปนี้เพื่อคุ้มครองข้อมูลส่วนบุคคลและจัดการข้อร้องเรียนของผู้ใช้:
- เจ้าหน้าที่คุ้มครองข้อมูลส่วนบุคคล: Park Jae-woon / ติดต่อ: 031-625-1110 / อีเมล: linkerverse@linkerverse.com
ผู้ใช้สามารถรายงานข้อร้องเรียนเกี่ยวกับการคุ้มครองข้อมูลส่วนบุคคลไปยังเจ้าหน้าที่ดังกล่าว และบริษัทจะตอบกลับอย่างรวดเร็วและครบถ้วน
หากต้องการรายงานหรือขอคำปรึกษาเกี่ยวกับการละเมิดข้อมูลส่วนบุคคลเพิ่มเติม กรุณาติดต่อหน่วยงานต่อไปนี้:
- ศูนย์รับเรื่องร้องเรียนการละเมิดข้อมูลส่วนบุคคล (privacy.kisa.or.kr / โทร. 118 โดยไม่ต้องกดรหัสพื้นที่)
- แผนกสืบสวนคดีอาชญากรรมทางไซเบอร์ สำนักงานอัยการสูงสุด (spo.go.kr / โทร. 1301 โดยไม่ต้องกดรหัสพื้นที่)
- สำนักสืบสวนอาชญากรรมทางไซเบอร์ สำนักงานตำรวจแห่งชาติ (ecrm.police.go.kr / โทร. 182 โดยไม่ต้องกดรหัสพื้นที่)
- คณะกรรมการไกล่เกลี่ยข้อพิพาทด้านข้อมูลส่วนบุคคล (kopico.go.kr / 1833-6972)

ข้อ 11 (การคุ้มครองข้อมูลส่วนบุคคลของเด็ก)
บริษัทจะไม่ประมวลผลข้อมูลส่วนบุคคลของเด็กอายุต่ำกว่า 14 ปีโดยไม่ได้รับความยินยอมจากผู้แทนโดยชอบธรรม เนื่องจากอุปกรณ์นี้ทำงานแบบไร้คนขับและยากต่อการตรวจสอบอายุจริงของผู้ใช้ บนหน้าจออุปกรณ์จะระบุข้อแนะนำว่าเด็กที่มีอายุต่ำกว่า 14 ปีต้องใช้บริการภายใต้ความยินยอมและการดูแลของผู้แทนโดยชอบธรรมเท่านั้น

ข้อ 12 (ภาระหน้าที่ในการแจ้งเตือน)
หากมีการเพิ่มเติม ลบ หรือแก้ไขเนื้อหาของนโยบายความเป็นส่วนตัวนี้ตามการเปลี่ยนแปลงนโยบายของรัฐบาลหรือเทคโนโลยีความปลอดภัย บริษัทจะประกาศแจ้งผ่านหน้าจออุปกรณ์และเว็บไซต์อย่างน้อย 7 วันก่อนวันที่มีผลบังคับใช้ อย่างไรก็ตาม ในกรณีที่มีเหตุจำเป็นที่ไม่สามารถหลีกเลี่ยงได้ อาจไม่สามารถแจ้งล่วงหน้าได้ตามกำหนดหรืออาจแจ้งในภายหลัง นโยบายความเป็นส่วนตัวที่แก้ไขจะมีผลบังคับใช้หลังจากวันประกาศ 7 วัน
วันที่มีผลบังคับใช้นโยบายความเป็นส่วนตัว : 2026.06.01","Политика обработки персональных данных

Компания Linkerverse Co., Ltd. (далее — «Компания») обрабатывает персональные данные в соответствии со следующей 〈Политикой обработки персональных данных〉 с целью защиты персональных данных пользователей и оперативного разрешения возникающих вопросов в соответствии с применимым законодательством, включая Закон Республики Корея «О защите персональных данных». Настоящая политика применяется к сервису анализа состояния ногтей, предоставляемому через автономные киоски (далее — «Устройство»), управляемые Компанией. В случае внесения изменений в настоящую Политику, Компания уведомляет об этом пользователей путем размещения информации на экране Устройства или на официальном сайте.
Данное Устройство используется анонимно без регистрации и входа в систему, и не собирает информацию, позволяющую идентифицировать личность пользователя, такую как имя, контактные данные, адрес электронной почты, платежная информация или данные доставки.

Статья 1 (Категории собираемых персональных данных и методы сбора)
А. Собираемые данные
В соответствии с Законом «О защите персональных данных» Компания собирает и использует следующие данные для предоставления услуги анализа ногтей:
- При анализе ногтей (обязательно): фотоснимок ногтей, возраст, рост, вес, пол
- Конфиденциальная информация (обязательно): статус беременности, данные о пищевом статусе и состоянии здоровья, полученные в результате анализа ногтей
- Автоматически собираемые данные: сведения об устройстве (модель, ОС), дата и время использования, история использования, журнал доступа, IP-адрес
Компания не собирает данные, позволяющие установить личность пользователя, такие как имя, телефон, email, пароль, зашифрованный идентификатор пользователя (CI), платежная или почтовая информация.
Б. Методы сбора
Сбор осуществляется путем непосредственного ввода данных пользователем на экране Устройства и фотосъемки камерой. При этом Компания не собирает конфиденциальные персональные данные, способные нарушить основные права человека (раса, национальность, убеждения, политические взгляды, судимости и т. д.).

Статья 2 (Цели сбора и использования персональных данных)
Компания осуществляет сбор и обработку персональных данных в следующих целях:
- Предоставление услуг: оценка состояния питания с помощью ИИ-анализа ногтей и рекомендации персонализированных функциональных биодобавок
- Улучшение сервиса: составление статистических отчетов и повышение качества алгоритмов ИИ с использованием обезличенной информации
- Эксплуатация и безопасность оборудования: мониторинг состояния Устройства, предотвращение несанкционированного доступа и мошеннических действий

Статья 3 (Сроки хранения и использования персональных данных)
Компания незамедлительно уничтожает персональные данные после достижения целей их сбора и использования.
- Фотоснимки ногтей и введенные параметры (возраст, рост, вес, пол, беременность): уничтожаются в течение 36 месяцев после завершения анализа
При этом информация, обезличенная таким образом, что идентификация конкретного лица невозможна, может храниться и использоваться бессрочно для целей статистики и совершенствования алгоритмов ИИ.
В соответствии с действующим законодательством следующие записи подлежат хранению в течение установленного срока:
- Журнал сетевого доступа (Access Log) / Основание: Закон о защите тайны связи / Срок хранения: 3 месяца
※ Поскольку через Устройство не осуществляются платежи и торговые операции, обязательства по хранению платежных данных согласно Закону об электронной коммерции и Закону об электронных финансовых операциях не применяются.

Статья 4 (Порядок и способы уничтожения персональных данных)
После достижения целей обработки персональные данные подлежат немедленному уничтожению.
- Изображения ногтей и введенные параметры уничтожаются по установленной процедуре после завершения анализа; электронные файлы удаляются с применением технических методов, исключающих возможность их восстановления.
- Обезличенные данные, используемые для улучшения сервиса и статистических целей, могут сохраняться и использоваться в дальнейшем.
- Поскольку сервис не требует регистрации и авторизации, процедуры раздельного хранения данных длительно неактивных пользователей не применяются.

Статья 5 (Предоставление персональных данных третьим лицам)
Компания, как правило, не передает персональные данные пользователей третьим лицам, за исключением следующих случаев:
- Наличие предварительного согласия пользователя
- Требования законодательства либо официальный запрос следственных органов в порядке, установленном законом
- Предоставление данных в обезличенной форме для статистических, научных или маркетинговых исследований

Статья 6 (Передача обработки персональных данных сторонним организациям)
Для обеспечения бесперебойного функционирования сервиса Компания поручает обработку данных сторонним специализированным партнерам:
- AWS: управление облачной инфраструктурой и хранение данных
При заключении договоров Компания устанавливает обязательные требования к безопасности данных и осуществляет надлежащий контроль.

Статья 7 (Права пользователя и порядок их реализации)
Пользователь имеет право требовать ознакомления со своими персональными данными, их уточнения, блокирования или уничтожения. Для реализации своих прав пользователь может обратиться к лицу, ответственному за защиту персональных данных, в письменной форме, по телефону или электронной почте.
Однако, поскольку Устройство работает в анонимном режиме и введенные данные не связаны с индивидуальными идентификаторами, поиск и индивидуальная обработка данных конкретного пользователя могут быть технически невозможны. В таком случае Компания уведомляет пользователя о причинах.

Статья 8 (Меры по обеспечению безопасности персональных данных)
- Разработка и реализация внутреннего регламента: Компания утверждает и исполняет внутренний регламент информационной безопасности.
- Минимизация круга лиц и обучение: доступ к обработке данных предоставляется строго ограниченному числу сотрудников с проведением регулярного инструктажа.
- Ограничение доступа: управление правами доступа к базам данных (предоставление, изменение, отзыв) и предотвращение несанкционированного доступа с помощью систем защиты от вторжений.
- Хранение журналов доступа и защита от фальсификации: сохранение логов доступа к системе обработки данных не менее 1 года (или в соответствии с законом) с мерами защиты от подделки, хищения и утраты.
- Шифрование персональных данных: персональные данные хранятся в зашифрованном виде; важная информация передается и хранится с использованием специальных криптографических средств.
- Технические меры противодействия кибератакам: регулярное обновление и проверка систем антивирусной защиты, размещение серверных мощностей в охраняемых зонах с физическим и техническим контролем.

Статья 9 (Использование средств автоматического сбора данных и отказ от них)
Устройство не является веб-браузерным сервисом и не использует файлы cookie.
Однако в целях обеспечения работы и безопасности могут автоматически фиксироваться сведения об устройстве (модель, ОС), дата и время сеанса, история действий и журнал доступа, используемые исключительно для обеспечения работы сервиса и аналитики.

Статья 10 (Служба обратной связи и защита прав субъектов персональных данных)
Для защиты персональных данных и рассмотрения жалоб пользователей назначено ответственное лицо:
- Ответственный за защиту персональных данных: Пак Джэ Ун (Park Jae-woon) / Тел.: 031-625-1110 / Email: linkerverse@linkerverse.com
Пользователи могут направлять обращения по вопросам защиты данных указанному лицу; Компания предоставит оперативный и исчерпывающий ответ.
При необходимости обращения в уполномоченные государственные органы Республики Корея:
- Центр сообщений о нарушениях прав субъектов персональных данных (privacy.kisa.or.kr / тел. 118)
- Отдел расследования киберпреступлений Верховной прокуратуры (spo.go.kr / тел. 1301)
- Бюро расследования киберпреступлений Национального агентства полиции (ecrm.police.go.kr / тел. 182)
- Комитет по урегулированию споров в сфере персональных данных (kopico.go.kr / тел. 1833-6972)

Статья 11 (Защита персональных данных несовершеннолетних)
Компания не обрабатывает персональные данные детей младше 14 лет без согласия их законных представителей. Поскольку Устройство функционирует в автономном режиме без оператора, проверка возраста затруднена; на экране Устройства размещено указание о том, что лица младше 14 лет могут пользоваться услугой исключительно с согласия и под присмотром законных представителей.

Статья 12 (Обязанность уведомления об изменениях)
В случае дополнения, исключения или изменения положений настоящей Политики в связи с изменениями законодательства или технологий безопасности, Компания уведомляет об этом не менее чем за 7 дней до вступления изменений в силу через экран Устройства и официальный сайт. При возникновении форс-мажорных обстоятельств предварительное уведомление может быть сокращено или произведено после изменений. Обновленная Политика вступает в силу через 7 дней с даты уведомления.
Дата вступления в силу: 01.06.2026","Kebijakan Privasi

Linkerverse Co., Ltd. (selanjutnya disebut ""Perusahaan"") memproses informasi pribadi sesuai dengan 〈Kebijakan Privasi〉 berikut ini guna melindungi informasi pribadi pengguna dan menangani keluhan pengguna secara lancar sesuai dengan peraturan perundang-undangan terkait seperti 「Undang-Undang Perlindungan Informasi Pribadi」. Kebijakan ini berlaku untuk layanan analisis kuku yang disediakan melalui kios swalayan tanpa awak (selanjutnya disebut ""Perangkat"") yang dioperasikan oleh Perusahaan. Apabila Perusahaan merevisi 〈Kebijakan Privasi〉 ini, pemberitahuan akan diumumkan melalui layar Perangkat atau situs web resmi.
Perangkat ini digunakan secara anonim tanpa pendaftaran akun atau proses masuk, serta tidak mengumpulkan informasi yang dapat mengidentifikasi identitas pengguna seperti nama, informasi kontak, email, informasi pembayaran, maupun pengiriman.

Pasal 1 (Item dan Metode Pengumpulan Informasi Pribadi)
A. Item yang Dikumpulkan
Perusahaan mengumpulkan dan menggunakan informasi berikut sesuai dengan 「Undang-Undang Perlindungan Informasi Pribadi」 untuk menyediakan layanan analisis kuku:
- Saat analisis kuku (Wajib): Gambar kuku (foto yang diambil), usia, tinggi badan, berat badan, jenis kelamin
- Informasi sensitif (Wajib): Status kehamilan, informasi status nutrisi dan kesehatan yang dihasilkan melalui analisis kuku
- Informasi yang dikumpulkan otomatis: Informasi perangkat (model, OS), waktu penggunaan, riwayat penggunaan, log akses, IP akses
Perusahaan tidak mengumpulkan informasi yang dapat mengidentifikasi pengguna seperti nama, kontak, email, kata sandi, nilai verifikasi pengguna terenkripsi (CI), data pembayaran atau pengiriman.
B. Metode Pengumpulan
Dikumpulkan melalui input langsung di layar Perangkat dan pengambilan gambar dengan kamera. Namun demikian, Perusahaan tidak mengumpulkan informasi pribadi sensitif yang berpotensi melanggar hak asasi manusia mendasar pengguna (ras, etnis, pandangan/keyakinan, kecenderungan politik, catatan kriminal, dll.).

Pasal 2 (Tujuan Pengumpulan dan Penggunaan Informasi Pribadi)
Perusahaan mengumpulkan dan menggunakan informasi pribadi untuk tujuan berikut:
- Penyediaan layanan: Memperkirakan status nutrisi melalui analisis kuku berbasis AI dan merekomendasikan suplemen kesehatan fungsional yang disesuaikan
- Peningkatan layanan: Membuat data statistik dan meningkatkan kualitas analisis AI menggunakan informasi yang telah dianonimkan sehingga tidak dapat mengidentifikasi individu
- Operasional dan keamanan perangkat: Memeriksa kondisi perangkat, mencegah penyalahgunaan dan akses tidak sah

Pasal 3 (Masa Retensi dan Penggunaan Informasi Pribadi)
Perusahaan akan memusnahkan informasi pribadi tanpa penundaan setelah tujuan pengumpulan dan penggunaan tercapai.
- Gambar kuku dan data yang dimasukkan (usia, tinggi, berat badan, jenis kelamin, status kehamilan): Dimusnahkan dalam waktu 36 bulan setelah tujuan analisis tercapai
Namun demikian, informasi yang dianonimkan agar tidak dapat mengidentifikasi individu dapat disimpan dan digunakan tanpa batas waktu untuk penyusunan statistik dan peningkatan kualitas AI.
Berdasarkan peraturan perundang-undangan yang berlaku, catatan berikut disimpan selama periode yang ditentukan:
- Catatan log akses / Dasar hukum: Undang-Undang Perlindungan Rahasia Komunikasi / Masa retensi: 3 bulan
※ Karena Perangkat ini tidak memproses pembayaran atau transaksi, kewajiban penyimpanan catatan transaksi/pembayaran berdasarkan UU Perdagangan Elektronik atau UU Transaksi Keuangan Elektronik tidak berlaku.

Pasal 4 (Prosedur dan Metode Pemusnahan Informasi Pribadi)
Setelah tujuan pengumpulan dan penggunaan informasi pribadi tercapai, Perusahaan akan segera memusnahkannya.
- Gambar kuku dan data input dimusnahkan melalui prosedur terpisah setelah tujuan analisis tercapai; data dalam bentuk file elektronik dihapus menggunakan metode teknis yang tidak dapat dipulihkan kembali.
- Namun, data yang telah dinon-identifikasi (dianonimkan) untuk tujuan peningkatan layanan dan statistik dapat terus digunakan.
- Karena Perangkat ini bukan layanan berbasis keanggotaan atau login, prosedur penyimpanan terpisah untuk pengguna yang lama tidak aktif tidak berlaku.

Pasal 5 (Penyediaan Informasi Pribadi kepada Pihak Ketiga)
Pada prinsipnya, Perusahaan tidak memberikan informasi pribadi pengguna kepada pihak luar, kecuali dalam kondisi berikut:
- Pengguna telah memberikan persetujuan sebelumnya
- Berdasarkan ketentuan peraturan perundang-undangan atau atas permintaan lembaga investigasi sesuai prosedur dan metode hukum
- Disediakan dalam bentuk yang tidak dapat mengidentifikasi individu untuk keperluan statistik, penelitian akademis, atau riset pasar

Pasal 6 (Konsinyasi Pemrosesan Informasi Pribadi)
Untuk kelancaran layanan, Perusahaan mempercayakan pemrosesan data kepada pihak eksternal khusus sebagai berikut:
- AWS: Operasional infrastruktur cloud dan penyimpanan data
Saat membuat kontrak konsinyasi, Perusahaan menetapkan hal-hal yang diperlukan agar informasi pribadi dikelola dengan aman dan melakukan pengawasan berkala.

Pasal 7 (Hak Pengguna dan Cara Penggunaannya)
Pengguna dapat meminta akses, perbaikan, penghapusan, atau penangguhan pemrosesan informasi pribadinya yang dikelola oleh Perusahaan. Penggunaan hak dapat dilakukan dengan menghubungi Petugas Perlindungan Informasi Pribadi melalui surat tertulis, telepon, atau email.
Namun, karena Perangkat ini digunakan secara anonim dan data yang dimasukkan tidak terhubung dengan pengenal unik tertentu, pengidentifikasian atau pencarian data pengguna tertentu untuk diproses secara individual mungkin terbatas secara teknis. Dalam hal ini, Perusahaan akan menjelaskan alasannya kepada pengguna.

Pasal 8 (Tindakan untuk Menjamin Keamanan Informasi Pribadi)
- Penyusunan dan pelaksanaan rencana manajemen internal: Perusahaan menyusun dan menerapkan rencana manajemen internal.
- Minimalisasi staf dan pelatihan: Membatasi personel yang menangani informasi pribadi seminimal mungkin dan mengadakan pelatihan rutin.
- Pembatasan akses ke informasi pribadi: Mengambil tindakan kontrol akses dengan memberikan, mengubah, dan mencabut izin sistem database, serta menggunakan sistem pencegahan intrusi untuk mengontrol akses tidak sah dari luar.
- Penyimpanan catatan akses dan pencegahan pemalsuan: Menyimpan catatan log akses sistem pemrosesan setidaknya selama 1 tahun (atau sesuai aturan hukum) dan menggunakan fitur keamanan agar tidak dipalsukan, dicuri, atau hilang.
- Enkripsi informasi pribadi: Informasi pribadi disimpan dan dikelola dalam bentuk terenkripsi; data penting dienkripsi dengan fitur keamanan khusus saat transmisi dan penyimpanan.
- Tindakan teknis terhadap peretasan: Memasang, memperbarui, dan memeriksa perangkat lunak keamanan secara berkala, serta menempatkan sistem di area dengan akses terbatas untuk pengawasan fisik dan teknis.

Pasal 9 (Pengoperasian dan Penolakan Alat Pengumpulan Data Otomatis)
Perangkat ini bukan layanan berbasis peramban web sehingga tidak menggunakan cookie.
Namun, untuk operasional dan keamanan, informasi perangkat (model, OS), waktu penggunaan, riwayat penggunaan, dan log akses dapat dibuat serta dikumpulkan secara otomatis, yang hanya digunakan untuk penyediaan layanan dan analisis statistik.

Pasal 10 (Layanan Pengaduan Terkait Informasi Pribadi dan Upaya Pemulihan Hak)
Perusahaan menunjuk penanggung jawab berikut guna melindungi informasi pribadi pengguna dan menangani keluhan:
- Petugas Perlindungan Informasi Pribadi: Park Jae-woon / Kontak: 031-625-1110 / Email: linkerverse@linkerverse.com
Pengguna dapat menyampaikan pengaduan terkait perlindungan privasi kepada penanggung jawab di atas, dan Perusahaan akan segera memberikan tanggapan yang memadai.
Apabila memerlukan laporan atau konsultasi terkait pelanggaran informasi pribadi lainnya, silakan hubungi lembaga berikut:
- Pusat Pelaporan Pelanggaran Informasi Pribadi (privacy.kisa.or.kr / 118 tanpa kode area)
- Divisi Investigasi Siber Kejaksaan Agung (spo.go.kr / 1301 tanpa kode area)
- Biro Investigasi Siber Kepolisian Nasional (ecrm.police.go.kr / 182 tanpa kode area)
- Komite Mediasi Sengketa Informasi Pribadi (kopico.go.kr / 1833-6972)

Pasal 11 (Perlindungan Informasi Pribadi Anak)
Perusahaan tidak memproses informasi pribadi anak di bawah usia 14 tahun tanpa persetujuan dari perwakilan hukum. Karena Perangkat dioperasikan tanpa awak sehingga sulit untuk memverifikasi usia pengguna, layar Perangkat akan menginstruksikan bahwa anak di bawah 14 tahun hanya boleh menggunakan layanan dengan persetujuan dan perlindungan perwakilan hukum.

Pasal 12 (Kewajiban Pemberitahuan)
Jika ada penambahan, penghapusan, atau perubahan pada isi Kebijakan Privasi ini akibat perubahan kebijakan pemerintah atau teknologi keamanan, Perusahaan akan mengumumkannya melalui layar Perangkat dan situs web setidaknya 7 hari sebelum tanggal berlakunya revisi. Namun, jika terdapat keadaan yang tidak dapat dihindari, pemberitahuan awal mungkin tidak dapat dipenuhi atau diumumkan setelahnya. Kebijakan Privasi yang diubah akan berlaku efektif 7 hari setelah tanggal pemberitahuan.
Tanggal Efektif Kebijakan Privasi: 01.06.2026","","","","","","","","","","","","","","","",""