"데이터=전국시장 넘버 Num 1)서울시","사진여부  ","시장이름 MarketName ","MarketNameEN ","MarketNameJp ","MarketNameCn ","BaseCategory 지역1 Province_kr ","Province_en ","Province_jp ","Province_cn ","SecondCategory District_kr ","District_en ","District_jp ","District_cn ","Address 주소 Address_kr ","Address_en ","Address_jp ","Address_cn ","HasfTag 해시태그 HashTag_kr ","HashTag_en ","HashTag_jp ","HashTag_cn ","Description 설명 Description_kr ","Description_en ","Description_jp ","Description_cn ","OpenTime 운영시간 OpenTime ","OpenTime_En ","OpenTime_Jp ","OpenTime_Ch ","전화번호 Tel ","네이버링크 NaverLink "
"1","","광장시장","Gwangjang Market","広蔵市場","广藏市场","서울","Seoul","東京都","首尔特别市","종로구","Jongno-gu","チョンノ区","钟路区","서울시 종로구 창경궁로 88","88, Changgyeonggung-ro, Jongno-gu, Seoul","東京都 鍾路区 昌慶宮路 88","首尔特别市 钟路区 昌庆宫路 88","#먹거리, #빈대떡, #육회, #한복, #구제시장","#Food, #Bindae-tteok, #Yukhoe, #Hanbok, #Vintage","#グルメ, #ピンデトッ, #ユッケ, #韓服, #古着","#美食, #绿豆饼, #生牛肉, #韩服, #二手市场","100년 전통의 상설시장으로 먹거리 골목과 포목, 한복, 구제 의류가 유명합니다.","A century-old market famous for its food alley, Hanbok, and vintage clothing.","100年の伝統を持つ常設市場で、グルメ通りや韓服、古着市場が有名です。","拥有百年历史的常设市场，以美食街、韩服和二手服装闻名。","09:00–18:00 (먹자골목 23:00까지)","09:00–18:00 (Food alley until 23:00)","09:00–18:00 (屋台은 23:00까지)","09:00–18:00 (美食街至23:00)","02-2267-0291","https://naver.me/G7V4Bx4O"
"2","","동대문종합시장","Dongdaemun Shopping Complex","東大門総合市場","东大门综合市场","서울","Seoul","東京都","首尔特别市","종로구","Jongno-gu","チョンノ区","钟路区","서울시 종로구 종로 266","266, Jongno, Jongno-gu, Seoul","東京都 鍾路区 鍾路 266","首尔特别市 钟路区 钟路 266","#원단, #의류부자재, #액세서리, #침구, #DIY","#Fabric, #Accessories, #Bedding, #DIY, #Fashion","#生地, #衣類副資材, #アクセサリー, #寝具, #DIY","#面料, #辅料, #饰品, #庆具, #DIY","세계적인 규모의 원단 및 의류 부자재 전문 상가로 디자이너들의 필수 코스입니다.","A world-class specialized market for fabrics and clothing materials.","世界最大級の生地・衣類副資材専門市場で、デザイナー御用達の場所です。","世界级规模的面料及服装辅料专业商场，是设计师们的必经之地。","08:00–18:00 (일요일 휴무)","08:00–18:00 (Closed on Sundays)","08:00–18:00 (日曜休)","08:00–18:00 (周日休息)","02-2262-0114","https://naver.me/xUw1rx2F"
"3","","통인시장","Tongin Market","通仁市場","通仁市场","서울","Seoul","東京都","首尔特别市","종로구","Jongno-gu","チョンノ区","钟路区","서울시 종로구 자하문로15길 18","18, Jahamun-ro 15-gil, Jongno-gu, Seoul","東京都 鍾路区 紫霞門路15キル 18","首尔特别市 钟路区 紫霞门路15路 18","#엽전도시락, #기름떡볶이, #서촌핫플, #전통시장체험","#YeopjeonBox, #OilTteokbokki, #Seochon, #Experience","#銭弁当, #油トッポギ, #西村ホットプレ, #伝統市場","#铜钱便当, #油炒年糕, #西村打卡地, #传统市场体验","엽전을 사용해 음식을 골라 담는 '도시락 카페'와 고소한 기름 떡볶이로 유명한 서촌의 명소입니다.","Famous for its 'Yeopjeon Cafe' where you buy food with brass coins and oil tteokbokki.","銭を使っておかずを選ぶ「お弁当カフェ」や香ばしい油トッポギで有名な西村の名所です。","以使用铜钱购买食物的“便当咖啡厅”和香酥的油炒年糕而闻名的西村名胜。","07:00–21:00 (도시락카페 11:00–16:00, 월요일 휴무)","07:00–21:00 (Cafe 11:00-16:00, Mon Closed)","07:00–21:00 (カフェ11:00-16:00, 月曜休)","07:00–21:00 (便当店 11:00-16:00, 周一休息)","02-722-0913","https://naver.me/xs3GxpjH"
"4","","가락시장","Garak Market","可楽市場","可乐市场","서울","Seoul","東京都","首尔特别市","송파구","Songpa-gu","ソン파区","松坡区","서울시 송파구 양재대로 932","932, Yangjae-daero, Songpa-gu, Seoul","東京都 松坡区 良才大路 932","首尔特别市 송파구 양재大道 932","#농수산물, #도매시장, #경매, #식자재, #신선식품","#Agricultural, #Wholesale, #Auction, #Grocery","#農水産物, #卸売市場, #競売, #食材, #新鮮食品","#农水产品, #批发市场, #拍卖, #食材, #新鲜食品","국내 최대 규모의 농수산물 도매시장으로 전국 식자재 유통의 중심지입니다.","Korea's largest wholesale market for agricultural and marine products.","韓国最大規模の農水産物卸売市場で、全国の食材流通の中心地です。","韩国最大规模的农水产品批发市场，是全国食材流通的中心。","00:00–24:00 (매장별 상이)","Open 24 hours (Varies by store)","24時間営業 (店舗により異なる)","24小时营业 (各店不同)","02-3435-1000","https://naver.me/xGIPswgm"
"5","","노량진수산시장","Noryangjin Fisheries Market","鷺梁津水産市場","鹭梁津水产市场","서울","Seoul","東京都","首尔特别市","동작구","Dongjak-gu","ドンジャク区","铜雀区","서울시 동작구 노들로 674","674, Nodeul-ro, Dongjak-gu, Seoul","東京都 銅雀区 ノドゥル路 674","首尔特别市 铜雀区 露得路 674","#수산물, #회, #제철해산물, #경매, #서울여행","#Seafood, #Sashimi, #Seasonal, #Auction, #Travel","#水産物, #刺身, #旬の海鮮, #競売, #ソウル旅行","#水产, #生鱼片, #时令海鲜, #拍卖, #首尔旅游","서울 최대의 수산물 전문 도매시장으로 신선한 회를 즉석에서 먹을 수 있습니다.","Seoul's largest seafood wholesale market where you can enjoy fresh sashimi.","ソウル最大の水産物専門卸売市場で、新鮮な刺身をその場で楽しめます。","首尔最大的水产专业批发市场，可以现场品尝新鲜的生鱼片。","00:00–24:00 (연중무휴)","Open 24 hours (Year-round)","24時間営業 (年中無休)","24小时营业 (全年无休)","02-2254-8000","https://naver.me/xBwJGXAK"
"6","","남대문시장","Namdaemun Market","南大門市場","南大门市场","서울","Seoul","東京都","首尔特别市","중구","Jung-gu","中区","中区","서울시 중구 남대문시장4길 21","21, Namdaemunsijang 4-gil, Jung-gu, Seoul","東京都 中区 南大門市場4キル 21","首尔特别市 中区 南大门市场4路 21","#의류, #액세서리, #전통시장, #야시장, #잡화","#Clothing, #Accessories, #Traditional, #Nightmarket","#衣類, #アクセサリー, #伝統市場, #夜市, #雑貨","#服装, #饰品, #传统市场, #夜市, #百货","한국 최대 규모의 전통시장으로 의류부터 일상 잡화까지 모든 것을 취급합니다.","Korea's largest traditional market handling everything from clothes to sundries.","韓国最大規模の伝統市場で、衣類から日用雑貨まであらゆる物を扱います。","韩国最大规模的传统市场，经营从服装到日常百货的所有商品。","00:00–23:00 (점포별 상이)","00:00–23:00 (Varies by shop)","00:00–23:00 (店舗により異なる)","00:00–23:00 (各店不同)","02-753-2805","https://naver.me/xFLuqbn8"
"7","","망원시장","Mangwon Market","望遠市場","望远市场","서울","Seoul","東京都","首尔特别市","마포구","Mapo-gu","麻浦区","麻浦区","서울시 마포구 포은로8길 14","14, Poeun-ro 8-gil, Mapo-gu, Seoul","東京都 麻浦区 圃隠路8キル 14","首尔特别市 麻浦区 圃隐路8路 14","#망리단길, #먹거리천국, #닭강정, #고추튀김, #MZ핫플","#Mangridan, #StreetFood, #Mangwon, #Trend","#マンリダン通り, #グルメ天国, #若者の街, #人気","#望理团路, #美食天堂, #辣子鸡, #青椒炸物, #MZ打卡地","젊은 층이 즐겨 찾는 '망리단길'과 연결되어 있으며, 가성비 좋은 다양한 먹거리가 가득합니다.","Connected to 'Mangridan-gil', popular among youth for its diverse and affordable street food.","若者に人気の「マンリダン通り」に隣接し、コスパ抜群の多様なグルメが溢れています。","与年轻人喜爱的“望理团路”相连，充满了各类性价比极高的美食。","08:00–22:00 (연중무휴)","08:00–22:00 (Open year-round)","08:00–22:00 (年中無休)","08:00–22:00 (全年无休)","02-335-3591",""
"8","","경동시장","Gyeongdong Market","京東市場","京东市场","서울","Seoul","東京都","首尔特别市","동대문구","Dongdaemun-gu","東大門区","东大门区","서울시 동대문구 고산자로36길 3","3, Gosanja-ro 36-gil, Dongdaemun-gu, Seoul","東京都 東大門区 古山子路36キル 3","首尔特别市 东大门区 古山子路36路 3","#약재시장, #제기동, #인삼, #스타벅스경동1960, #전통시장","#HerbalMedicine, #Ginseng, #Gyeongdong1960, #Tradition","#韓薬材市場, #高麗人参, #レトロ, #スタバ1960","#药材市场, #人参, #星巴克京东1960, #传统市场","한국 최대의 약재 시장으로 최근 폐극장을 개조한 스타벅스 등 레트로한 명소로 급부상했습니다.","Korea's largest herbal medicine market, recently trendy for the 'Starbucks 1960' in an old theater.","韓国最大の薬材市場で、最近は古い劇場を改造したスタバなどレトロな名所として人気です。","韩国最大的药材市场，近期因由旧剧院改造的星巴克等复古景点而迅速走红。","08:30–18:00 (점포별 상이, 야시장 운영)","08:30–18:00 (Varies by shop)","08:30–18:00 (店舗により異なる)","08:30–18:00 (各店不同)","02-967-4145",""
"9","","영등포유통상가","Yeongdeungpo Distribution Arcade","永登浦流通商街","永登浦流通商街","서울","Seoul","東京都","首尔特别市","영등포구","Yeongdeungpo-gu","永登浦区","永登浦区","서울시 영등포구 당산로 2","2, Dangsan-ro, Yeong등포-gu, Seoul","東京都 永登浦区 堂山路 2","首尔特别市 永登浦区 堂山路 2","#산업기계, #공구, #하드웨어, #B2B거래, #전기부품","#IndustrialTools, #Hardware, #B2B, #Yeongdeungpo","#産業機械, #工具, #ハードウェア, #企業間取引","#工业机械, #工具, #五金, #企业采购, #电子配件","기계, 공구, 전기 부품 등 산업용 자재가 집적된 대규모 유통 상가로 전문 B2B 거래가 중심입니다.","A large distribution complex for industrial materials like tools and electric parts for B2B.","機械、工具、電気部品などの産業用資材が集積した大型商街で、B2B取引が中心です。","聚集了机械、工具、电子配件等工业资材的大型流通商街，以专业企业采购为主。","09:00–18:30 (토요일 15:00까지, 일요일 휴무)","09:00–18:30 (Sat until 15:00, Sun Closed)","09:00–18:30 (土曜15:00まで, 日曜休)","09:00–18:30 (周六至15:00, 周日休息)","02-2633-0001",""
"1","","시화유통상가","Sihwa Distribution Arcade","シファ流通商店街","Sihwa 流通商街","경기도","Gyeonggi-do","京畿道","京畿道","시흥시","Siheung City","シフン市","始兴市","경기도 시흥시 공단1대로 244","Gyeonggi-do, Siheung-si, Gongdan 1-daero 244","京畿道 始興市 コンダン1大路 244","京畿道 始兴市 공단1大道 244","#산업자재, #공업용품, #B2B거래, #도·소매, #현장픽업, #대형차량","#industrial_materials, #industrial_goods, #B2B_trade, #wholesale_&_retail, #on-site_pickup, #truck_access","#産業資材, #工業用品, #企業間取引, #卸・小売, #現地受け取り, #大型車アクセス","#工业资材, #工业用品, #企业采购, #批发零售, #现场自取, #大车通行","시흥 시화공단 내 대형 산업자재·공업용품 집적 상가로 동(棟) 단위로 상가가 촘촘히 구성되어 있습니다. 도·소매 B2B 거래 비중이 높고 현장 픽업과 대형 차량 접근이 용이합니다. 점포별 운영시간이 달라 이른 오전부터 오후에 영업하는 곳이 많습니다. 상가 안내/공지와 이용 후기가 이를 뒷받침합니다.","A large industrial-goods arcade inside the Siwha complex, bringing together wholesale and retail vendors in multiple blocks. It caters mainly to B2B buyers, with same-day pickup and truck access. Hours differ widely by store, but most operate from early morning through late afternoon. It’s practical for sourcing bulk items and components.","始興・始華工団エリアにある大型の産業資材アーケードで、複数棟に専門店が集積。B2B 需要が中心で、当日受け取りや大型車での搬入出がしやすい構造です。店舗ごとに営業時間はバラつきますが、早朝から夕方までの営業が一般的。まとめ買いや部材調達に向いています。","位于始华产业园区的大型工业商品商街，多栋集中，批零兼营。以 B2B 订货与现场自提为主，货车出入便利。各店时间差异较大，但多数为清晨到傍晚营业。适合批量采购与零部件配套。","매장별 상이; 평일 일반적으로 07:00–18:00","Varies by shop; weekdays typically 07:00–18:00","店舗により異なる（平日：通常 07:00–18:00）","各店不同；工作日通常 07:00–18:00","","https://naver.me/xAFIzaOT"
"2","","시화공구상가","Sihwa Tool Arcade","シファ工具商店街","Sihwa 工具商街","경기도","Gyeonggi-do","京畿道","京畿道","시흥시","Siheung City","シフン市","始兴市","경기도 시흥시 공단1대로 204","Gyeonggi-do, Siheung-si, Gongdan 1-daero 204","京畿道 始興市 コンダン1大路 204","京畿道 始兴市 공단1大道 204","#공구단지, #산업용품, #원스톱조달, #대량구매, #기업거래, #주차·안내","#tool_complex, #industrial_supplies, #one-stop_sourcing, #bulk_purchase, #corporate_deals, #parking/info","#工具集積, #産業用品, #ワンストップ調達, #まとめ買い, #企業取引, #駐車・案内","#工具集群, #工业用品, #一站式采购, #批量采购, #企业交易, #停车/指引","국내 최대급 공구·산업용품 유통단지로 다양한 공구, 기계부품, 안전장비를 원스톱으로 조달할 수 있습니다. 시화공단 수요를 기반으로 대량 구매 및 기업 간 거래에 최적화되어 있습니다. 방문객 편의를 위한 주차·안내 인프라도 갖추고 있습니다. 평일 주간 영업이 일반적이며 점포별로 차이가 있습니다.","One of the biggest tool and industrial supply clusters in the area, covering hand tools, power tools, machine parts, and safety gear. The layout allows quick comparison across many specialist shops. It’s optimized for corporate and site needs, so weekday daytime hours are most common. Some stores offer order-ahead and parts matching.","工具・産業用品の大型集積地で、手工具・電動工具・機械部品・安全用品まで幅広く網羅。専門店が隣接し、比較購入しやすい動線です。企業・現場向けの需要が中心のため、平日日中の営業が主流。取り寄せやパーツ照合に対応する店舗もあります。","本地区规模较大的工具与工业用品集群，涵盖手动/电动工具、机加部件与安防用品。专业店相邻分布，便于对比选购。以企业与工地需求为主，平日日间营业为常态。部分店铺支持预订与配件匹配。","매장별 상이; 평일 일반적으로 08:00–18:00","Varies by shop; weekdays typically 08:00–18:00","店舗により異なる（平日：通常 08:00–18:00）","各店不同；工作日通常 08:00–18:00","",""
"3","","통복시장","Tongbok Market","トンボク市場","通福市场","경기도","Gyeonggi-do","京畿道","京畿道","평택시","Pyeongtaek City","ピョンテク市","平泽市","경기도 평택시 통복시장로25번길 10","Gyeonggi-do, Pyeongtaek-si, Tongbok-sijang-ro 25-beon-gil 10","京畿道 平沢市 トンボクシジャン路25番ギル 10","京畿道 平泽市 통복시장路25号街 10","#상설시장, #원도심, #먹거리골목, #생활잡화, #5일장, #24시간공간","#permanent_market, #old_downtown, #food_alleys, #daily_goods, #5-day_fair, #24h_space","#常設市場, #旧市街, #グルメ路地, #生活雑貨, #五日市, #24時間空間","#常设市场, #老城区, #美食巷, #生活杂货, #五日集, #24小时空间","평택역 인근 원도심을 대표하는 상설 전통시장으로 음식, 생활잡화, 농수산물 등 상권이 넓습니다. 골목마다 특색 있는 먹거리가 많고 배달·편의시설도 잘 갖춰져 있습니다. 전통 5일장도 병행되어 날마다 다른 활기를 느낄 수 있습니다. 시장 공간은 24시간 열려 있으나 개별 점포 운영시간은 상이합니다. ","A long-standing traditional market near Pyeongtaek Station with food stalls, daily essentials, and fresh produce. Side lanes are known for casual local eats and late activity. On designated days, pop-up vendors add to the bustle. Because shops are independent, opening times differ by category and day.","平沢駅近くの老舗伝統市場で、食事・日用品・青果・鮮魚などが揃います。路地には手軽なローカルフードが多く、遅い時間まで人通りが続くことも。指定日には露店が増え、さらに活気が出ます。各店舗の営業時間は業種・曜日によって大きく異なります。","位于平泽站一带的老牌传统市场，兼具餐饮、小吃、生鲜与日用百货。巷弄小吃颇具人气，夜间也较热闹。特定日子还有临时摊位与活动增色。因店家独立经营，开门与打烊时间不尽相同。","시장 구역은 24시간 개방; 개별 매장 시간 상이","Market area open 24h; individual shops vary","市場エリアは24時間開放；各店舗の営業時間は異なる","市场区域 24 小时开放；各店时间不同","031-658-0489","https://naver.me/xJimLGhp"
"4","","남양시장","Namyang Market","ナミャン市場","南阳市场","경기도","Gyeonggi-do","京畿道","京畿道","화성시","Hwaseong City","ファソン市","华城市","경기도 화성시 남양읍 남양시장로 61일원","Gyeonggi-do, Hwaseong-si, Namyang-eup, Namyang-sijang-ro 61, Ilwon","京畿道 華城市 ナミャン邑 ナミャンシジャン路 61（一円）","京畿道 华城市 南阳邑 남양시장路 61（一区域）","#생활밀착, #늦은영업, #먹거리, #장보기, #공영주차, #접근성","#neighborhood_market, #late_hours, #eats, #grocery_shopping, #public_parking, #access","#生活密着, #夜遅くまで, #食べ物, #日常買い, #公共駐車場, #アクセス","#生活型, #营业至深夜, #小吃, #日常采买, #公共停车, #交通便捷","화성시 남양읍 중심의 생활밀착형 전통시장으로 새벽까지 이어지는 늦은 영업이 특징입니다. 콩나물국밥, 활어회 등 먹거리와 일상장보기가 공존합니다. 주변 공영주차 등 접근성도 개선되고 있습니다. 점포별 휴무·시간은 상이합니다.","A neighborhood-centric market in Namyang-eup where late-night dining and grocery hours are common. You’ll find seafood, produce, and comfort foods alongside everyday goods. Access and parking have improved in recent years. Expect different hours and rest days by stall.","南陽邑の生活密着型市場で、深夜帯の飲食・食材販売が比較的多いのが特徴。鮮魚や農産物、気軽な食事と日用品が共存します。駐車場・アクセス環境も改善が進行。店舗ごとに定休日・営業時間が異なります。","南阳邑的生活型市场，深夜餐饮与买菜时段较常见。海鲜、蔬果与家常美食并存，满足日常采买。停车与到达性近年持续改善。各摊位休息日与营业时间请以现场为准。","보통 10:00–24:00; 매장별 상이","Typically 10:00–24:00; varies by shop","通常 10:00–24:00；店舗により異なる","通常 10:00–24:00；各店不同","031-366-9910","https://naver.me/F1rYjZMN"
"5","","용인중앙시장","Yongin Jungang (Central) Market","ヨンイン中央市場","龙仁中央市场","경기도","Gyeonggi-do","京畿道","京畿道","용인시","Yongin City","ヨンイン市","龙仁市","경기도 용인시 처인구 금령로107번길 13","Gyeonggi-do, Yongin-si, Cheoin-gu, Geumnyeong-ro 107-beon-gil 13","京畿道 龍仁市 チョイン区 クムニョン路107番ギル 13","京畿道 龙仁市 处仁区 금령路107号街 13","#60년역사, #특화골목, #장날, #문화행사, #먹거리·살거리, #저녁영업","#60-year_history, #themed_alleys, #market_days, #cultural_events, #food_&_goods, #evening_hours","#60年の歴史, #テーマ小路, #市日, #文化イベント, #食と買物, #夜営業","#60年历史, #主题巷, #集市日, #文化活动, #吃与购, #夜间营业","60년 역사를 지닌 용인 대표 전통시장으로, 떡·순대·잡화 등 특화 골목이 발달했습니다. 접근성이 좋고 지역문화 행사와 장날(매월 5·10·15·20·25·30일) 운영으로 볼거리도 풍부합니다. 먹거리·살거리·볼거리가 한데 어우러진 복합형 시장입니다. 일반 영업시간은 저녁까지 운영하는 점포가 많습니다.","A 60-year landmark market with themed alleys for snacks, rice cakes, and daily goods. It hosts periodic cultural events and traditional “5-day” market days. The mix of food, shopping, and street life makes it popular with locals. Many stalls keep evening hours, but schedules differ.","60 年の歴史をもつ龍仁の代表的市場。餅・惣菜・日用品の小路が発達し、文化イベントや「5日市」も開催されます。食べる・買う・見るが一体化した賑わいが魅力。夜まで営業する店が多い一方、店ごとの時刻は異なります。","拥有约 60 年历史的龙仁代表性市场，米糕小吃与日用品巷弄分区明显。不定期举办文化活动，并配合“逢五集市”。吃、逛、买一体的街市氛围浓厚。多数摊位营业到夜间，但时间各异。","대체로 10:00–22:00; 매장별 상이","Generally 10:00–22:00; varies by shop","一般的に 10:00–22:00；店舗により異なる","一般为 10:00–22:00；各店不同","031-336-1110","https://naver.me/GWe2xTQO"
"6","","조암시장","Joam Market","チョアム市場","Joam 市场","경기도","Gyeonggi-do","京畿道","京畿道","화성시","Hwaseong City","ファソン市","华城市","경기도 화성시 우정읍 조암남로 8","Gyeonggi-do, Hwaseong-si, Ujeong-eup, Joamnam-ro 8","京畿道 華城市 ウジョン邑 ジョアムナム路 8","京畿道 华城市 牛井邑 조암남路 8","#바다·농촌연계, #수산·농산물, #상설+5일장, #계절특산, #주차확충, #가족장보기","#sea–farm_linkage, #seafood_&_produce, #permanent+5-day, #seasonal_specialties, #parking_expansion, #family_shopping","#海と農の連携, #鮮魚・農産, #常設+五日市, #季節の特産, #駐車拡充, #家族買い","#海陆联动, #海鲜与农产, #常设+五日集, #时令特产, #停车扩充, #亲子采买","서해안 어획물과 인근 농산물이 만나는 바다·농촌 연계형 전통시장입니다. 상설시장과 함께 5일장을 병행해 계절별 특산물이 풍성합니다. 최근 공영주차장 확충 등으로 접근성이 향상되었습니다. 가족 단위 장보기에도 좋은 규모입니다. ","A coastal-inland market linking nearby fisheries and farms, so seasonal specialties are a highlight. It combines a permanent market with periodic 5-day fairs. Parking and access have been upgraded, making family visits easier. Hours vary with product type and season.","近隣の水産・農産物流通をつなぐ沿岸・内陸連携型の市場で、季節の特産が豊富。常設市場と「5日市」を併用しています。駐車・動線が整備され家族での買い物にも便利。品目や季節により営業時間は変動します。","临海与内陆产地联动的传统市场，时令特产丰富。常设市场与“逢五集市”并行运营。近年停车与引导设施升级，适合家庭采买。营业时段随品类与季节有所变化。","대체로 09:00–20:00; 매장별 상이","Generally 09:00–20:00; varies by shop","一般的に 09:00–20:00；店舗により異なる","一般为 09:00–20:00；各店不同","031-351-8009","https://naver.me/5N1ErqsZ"
"7","","안양중앙인정시장","Anyang Jungang Injeong Market","アニャン中央認定市場","安养中央认证市场","경기도","Gyeonggi-do","京畿道","京畿道","안양시","Anyang City","アニャン市","安养市","경기도 안양시 만안구 냉천로185번길 8","Gyeonggi-do, Anyang-si, Manan-gu, Naengcheon-ro 185-beon-gil 8","京畿道 安養市 マナン区 ネンチョン路185番ギル 8","京畿道 安养市 万安区 냉천路185号街 8","#핵심상권, #600여점포, #먹거리·의류, #야시장·행사, #야간활기, #다양한영업","#core_district, #600+shops, #food&_apparel, #night_events, #evening_buzz, #varied_hours","#中心商圏, #600店超, #飲食・衣料, #夜市/イベント, #夜の活気, #多様な営業時間","#核心商圈, #600+店, #餐饮服饰, #夜市活动, #夜间人气, #营业多样","안양 원도심 핵심 상권으로 600여 점포가 밀집해 먹거리·의류·생활용품을 폭넓게 다룹니다. 야시장·행사 등으로 야간에도 활기가 이어집니다. 안양시 공식 안내로 시장 규모와 편의시설을 확인할 수 있습니다. 점포 성격에 따라 이른 아침부터 늦은 밤까지 다양하게 운영됩니다.","A dense downtown market zone in Anyang with several hundred stalls for food, apparel, and household items. Evening promotions and occasional night events keep it lively. Facilities and wayfinding cater to everyday shoppers. Hours run from early morning to late night depending on the lane.","安養の旧市街中心に広がる市場群で、食・衣料・生活雑貨の数百店舗が集積。夜市や催しで夜間も活気があります。買い物導線や設備が日常利用に配慮。通り・小路ごとに営業時間が大きく異なる点にご留意ください。","安养老城区核心市场群，数百家摊铺涵盖餐饮、服饰与日用品。夜间活动与促销让晚间也颇为热闹。动线与设施贴近日常购物需求。各条巷道与店家作息差异较大。","보통 07:00–23:00; 매장별 상이","Typically 07:00–23:00; varies by shop","通常 07:00–23:00；店舗により異なる","通常 07:00–23:00；各店不同","031-447-9961","https://naver.me/GhbrMvhh"
"8","","안산시시민시장","Ansan Citizen Market","アンサン市民市場","安山市民市场","경기도","Gyeonggi-do","京畿道","京畿道","안산시","Ansan City","アンサン市","安山市","경기도 안산시 단원구 화랑로 149","Gyeonggi-do, Ansan-si, Danwon-gu, Hwarang-ro 149","京畿道 安山市 ダンウォン区 ファラン路 149","京畿道 安山市 檀园区 화랑路 149","#대표재래시장, #상설+5일장, #대형주차, #식자재, #도보접근, #명시시간","#flagship_market, #permanent+5-day, #large_parking, #groceries, #walkable_access, #posted_hours","#代表市場, #常設+五日市, #大型駐車, #食材, #徒歩アクセス, #営業時間明記","#代表性市场, #常设+五日集, #大型停车, #食材, #步行可达, #公示时间","안산 단원구의 대표 재래시장으로 상설시장과 5일장을 함께 운영합니다. 대형 주차장을 갖춰 장보기 접근성이 좋고, 생활·식자재 전 품목을 폭넓게 취급합니다. 초지역에서 도보 접근도 가능합니다. 공식 시 안내에 영업시간이 명시되어 있습니다.","A representative market in Danwon-gu that blends a permanent arcade with designated market days. It’s car-friendly with large parking and easy access to staples and fresh foods. The location also works for commuters. Specific shop hours differ by category.","檀園区を代表する市場で、常設と「5日市」を併用。大型駐車場を備え、食材・生活必需品の調達がしやすい立地です。通勤導線からのアクセスも良好。各店舗の営業時間は品目により差があります。","檀园区的代表性市场，常设档口与“逢日集市”并行。配有大型停车场，食材与生活用品一站购齐。通勤人群到达也方便。具体营业时间依品类而异。","06:00–22:00; 매장별 상이","06:00–22:00; varies by shop","06:00–22:00；店舗により異なる","06:00–22:00；各店不同","031-411-1040","https://naver.me/Fc5npB0O"
"9","","세아프라자상가","SEA Plaza Arcade","セアプラザ商店街","SEA 广场商街","경기도","Gyeonggi-do","京畿道","京畿道","동두천시","Dongducheon City","トンドゥチョン市","东豆川市","경기도 동두천시 큰시장로 64","Gyeonggi-do, Dongducheon-si, Keunsijang-ro 64","京畿道 東豆川市 クンシジャン路 64","京畿道 东豆川市 큰시장路 64","#복합상가, #다층공간, #구도심벨트, #제일시장연계, #행사연동, #점포별시간","#mixed-use_arcade, #multi-level, #old-town_belt, #linked_markets, #event_tie-ins, #per-shop_hours","#複合商店街, #多層空間, #旧市街ベルト, #連携市場, #催事連動, #店舗別時間","#复合商场, #多层空间, #旧城带, #与周边连动, #活动联动, #店铺自定","동두천 큰시장로에 위치한 복합 상가로, 지하 1–3층 등 다층 상업공간을 통해 다양한 점포가 입점해 있습니다. 인근 제일시장·큰시장과 함께 구도심 전통시장 벨트를 이루며 간헐적 행사·오일장과 연계됩니다. 주소·시설 정보는 행정·공공 데이터에서 확인됩니다. 통일된 영업시간 공지는 없으며 점포별로 상이합니다.","A multi-story plaza along Geunsijang-ro with a mix of retail and services. Together with nearby Jeil/Big Markets, it forms a traditional market belt in the old downtown. Occasional events and pop-ups are held in tandem with street activity. Hours are set individually by tenants.","大路沿いの複合商業施設で、小売・サービスが多層階に入居。周辺の第一市場・大市場とともに旧市街の伝統市場ベルトを形成します。催事やポップアップが街路と連動することも。各テナントが個別に営業時間を定めています。","位于“大市场路”的多层商业广场，零售与服务业态并存。与附近第一市场、大小市场共同构成旧城区的传统市场带。常与街区活动或临时市集联动。各入驻商户自定营业时间。","공통 영업시간 없음; 매장별 상이","No single common time; varies by shop","共通の営業時間なし；店舗により異なる","无统一营业时间；各店不同","031-862-8503","https://naver.me/xU4TLk1L"
"10","","사강시장","Sagang Market","サガン市場","Sagang 市场","경기도","Gyeonggi-do","京畿道","京畿道","화성시","Hwaseong City","ファソン市","华城市","경기도 화성시 송산면 사강로 183-1","Gyeonggi-do, Hwaseong-si, Songsan-myeon, Sagang-ro 183-1","京畿道 華城市 ソンサン面 サガン路 183-1","京畿道 华城市 松山面 사강路 183-1","#서해안, #수산·농산, #상설+오일장, #계절특산, #주차·동선, #가족친화","#West_Sea, #seafood_&_produce, #permanent+oil-market, #seasonal_items, #parking/flow, #family-friendly","#西海岸, #鮮魚・農産, #常設+五日市, #季節特産, #駐車/動線, #ファミリー向け","#西海岸, #海鲜农产, #常设+集市, #时令特产, #停车/动线, #亲子友好","서해안에 가까운 전통시장으로 신선한 해산물과 인근 농산물을 한 자리에서 만날 수 있습니다. 상설시장과 오일장이 함께 운영되어 계절별 특산물이 풍성합니다. 주차·동선 등 편의가 개선되어 가족 단위 장보기에도 적합합니다. 점포 성격에 따라 휴무일과 영업시간이 다릅니다.","A coastal traditional market long known for fresh seafood and local produce. Its roots go back to the early 1900s, and a 5-day market opens on the 2nd/7th of each month. Expect lively stalls and classic snacks near the West Sea.","西海に近い伝統市場で、新鮮な海産物や地元の農産物が集まります。創設は1910年代に遡り、毎月2・7日には五日市が立ちます。活気ある屋台と昔ながらの味を楽しめます。","靠近西海的传统市场，以新鲜海产与在地农产闻名。可追溯至20世纪初，每月2日与7日有集市。摊位热闹，老味道丰富。","10:00–22:00 (매장별 상이)","10:00–22:00 (varies by shop)","10:00–22:00（店舗により異なる）","10:00–22:00（各店不同）","031-357-6037","https://naver.me/GJT9MG8g"
"11","","의정부제일시장","Uijeongbu Jeil (No.1) Market","ウィジョンブ第一市場","议政府第一市场","경기도","Gyeonggi-do","京畿道","京畿道","의정부시","Uijeongbu City","ウィジョンブ市","议政府市","경기도 의정부시 태평로 73번길 20","Gyeonggi-do, Uijeongbu-si, Taepyeong-ro 73-beon-gil 20","京畿道 議政府市 テピョン路73番ギル 20","京畿道 议政府市 태평路73号街 20","#대형시장, #먹거리·의류, #역세권, #도보접근, #주차시설, #골목상권","#large_market, #food_&_apparel, #near_station, #walkable, #parking_lots, #alley_commerce","#大型市場, #飲食・衣料, #駅近, #徒歩アクセス, #駐車場, #路地商店","#大型市场, #餐饮服饰, #近车站, #步行可达, #停车场, #巷内商铺","의정부 도심을 대표하는 대형 시장으로 먹거리, 의류, 생활용품이 골고루 모여 있습니다. 역세권에 있어 도보 접근이 쉽고 주변에 주차 시설도 갖추었습니다. 골목별로 먹거리 거리가 조성되어 체류형 방문에도 좋아요. 점포별 운영 시간이 상이합니다.","One of Uijeongbu’s largest markets with hundreds of vendors for daily foods, clothing, and street-food alleys. It’s an easy 8–10 minute walk from Uijeongbu Station. Paid parking lots are adjacent. ","議政府を代表する大型市場で、食材から衣料、屋台グルメまで多彩。議政府駅から徒歩約8〜10分でアクセス良好。周辺に有料駐車場があります。","议政府代表性的大型市场，生鲜、服饰与小吃一应俱全。距议政府站步行约8–10分钟，附近有收费停车场。","06:00–21:00 (매장별 상이)","06:00–21:00 (varies by shop)","06:00–21:00（店舗により異なる）","06:00–21:00（各店不同）","031-846-2617","https://naver.me/FZ27NwsH"
"12","","구리전통시장","Guri Traditional Market","クリ伝統市場","九里传统市场","경기도","Gyeonggi-do","京畿道","京畿道","구리시","Guri City","クリ市","九里市","경기도 구리시 검배로 6번길 31","Gyeonggi-do, Guri-si, Geombae-ro 6-beon-gil 31","京畿道 九里市 コムベ路6番ギル 31","京畿道 九里市 검배路6号街 31","#상설시장, #신선식품, #간편식, #비가림아케이드, #안내동선, #교통·주차","#permanent_market, #fresh_produce, #ready-to-eat, #covered_arcade, #wayfinding, #transit/parking","#常設市場, #生鮮, #惣菜, #アーケード, #導線整備, #交通・駐車","#常设市场, #生鲜, #便食, #拱廊步道, #导视完善, #交通/停车","구리시 중심부의 상설 전통시장으로 신선식품과 간편식, 생활잡화를 폭넓게 취급합니다. 비가림 아케이드와 안내 동선이 비교적 잘 정비되어 쾌적하게 둘러볼 수 있습니다. 인근 주차장과 대중교통 접근성도 양호합니다. 점포별로 영업시간·휴무가 다릅니다.","Central Guri market offering produce, meats, and casual eateries. Market-managed parking runs 24 hours with a 1-hour free ticket from member shops. Family-friendly and easy to navigate. ","九里市中心の伝統市場。生鮮や食堂が充実し、24時間運営の駐車場（加盟店の1時間無料券あり）も便利。家族連れにも回りやすい市場です。","九里市中心传统市场，生鲜与小吃齐全。市场停车场24小时开放（加盟店提供1小时免费券），动线友好。","10:00–22:00 (변동 가능)","10:00–22:00 (varies)","10:00–22:00（変動あり）","10:00–22:00（时间可能变动）","031-568-8700","https://naver.me/xiqBZedq"
"13","1","오색시장","Osaek Market","オセク市場","五色市场","경기도","Gyeonggi-do","京畿道","京畿道","오산시","Osan City","オサン市","乌山市","경기도 오산시 오산로 272번길 21","Gyeonggi-do, Osan-si, Osan-ro 272-beon-gil 21","京畿道 烏山市 オサン路272番ギル 21","京畿道 乌山市 오산路272号街 21","#역세권, #노포시장, #먹거리·체험, #주말활기, #이른마감, #시간확인","#near_station, #old_market, #food_&_experiences, #weekend_buzz, #early_closing, #check_hours","#駅近, #老舗市場, #食べ歩き・体験, #週末にぎわい, #早め閉店, #時間確認","#近车站, #老牌市场, #美食与体验, #周末热闹, #提早打烊, #注意时间","오산역 인근 원도심에 자리한 오래된 시장으로 식음료와 생활형 점포가 골목마다 이어져 있습니다. 주말·행사 기간에는 먹거리와 체험 요소가 늘어나 활기가 돋보입니다. 비교적 이른 저녁에 마감하는 점포가 많으니 시간 확인이 필요합니다.","A century-old downtown market near Osan Station known for snacks and seasonal events. Core trading tends to finish by early evening; individual stalls keep their own hours. Great for quick bites after sightseeing.","100年の歴史を持つオサン中心街の市場。オサン駅近くで食べ歩きやイベントが楽しめ、夕方までがピークです。店舗ごとに営業時間は異なります。","拥有百年历史的乌山市中心市场，靠近乌山站，适合边逛边吃，常有活动。多在傍晚前后收摊，商户作息各不相同。","보통 08:00–19:00 (변동 가능)","Typically 08:00–19:00 (varies)","通常 08:00–19:00（変動あり）","通常 08:00–19:00（可能变动）","031-376-4141","https://naver.me/FA2gMY4x"
"14","","광명전통시장","Gwangmyeong Traditional Market","クァンミョン伝統市場","光明传统市场","경기도","Gyeonggi-do","京畿道","京畿道","광명시","Gwangmyeong City","クァンミョン市","光明市","경기도 광명시 광이로13번길 17-5","Gyeonggi-do, Gwangmyeong-si, Gwangi-ro 13-beon-gil 17-5","京畿道 光明市 クァンイ路13番ギル 17-5","京畿道 光明市 광이路13号街 17-5","#대표시장, #생필·먹거리, #비가림, #야간활기, #주차편의, #초행친화","#flagship_traditional, #daily_goods_&_eats, #covered_lanes, #evening_vibe, #easy_parking, #first-timer_friendly","#代表的伝統市場, #生活品・グルメ, #アーケード, #夜の活気, #駐車便利, #初心者向き","#代表性传统市场, #生活用品/小吃, #拱廊, #夜间人气, #停车方便, #友好易逛","광명을 대표하는 전통시장으로 다양한 먹거리와 생필품을 편하게 구매할 수 있습니다. 비가림 아케이드와 안내 표식이 정비되어 초행길도 둘러보기 수월합니다. 저녁 시간대에도 비교적 활기가 이어지는 편입니다. 점포별 운영 시간은 다릅니다.","A flagship market of Gwangmyeong with 350+ shops, refurbished arcades, and a lively Friday night vibe (“Gwangmyeong Night Walk”). Easy access and plenty of comfort foods.","光明市を代表する市場。350店以上、アーケード整備で快適に買い物でき、金曜夜はナイトマーケットも賑やかです。","光明市代表性市场，350家以上商铺，拱廊整修后更舒适；周五夜市热闹有趣。","10:00–21:00 (변동 가능)","10:00–21:00 (varies)","10:00–21:00（変動あり）","10:00–21:00（可能变动）","02-2614-0006","https://naver.me/xRhOGSvG"
"15","","중앙시장","Jungang (Central) Market","チュンアン市場","中央市场","경기도","Gyeonggi-do","京畿道","京畿道","안양시","Anyang City","アニャン市","安养市","경기도 안양시 만안구 냉천로 196","Gyeonggi-do, Anyang-si, Manan-gu, Naengcheon-ro 196","京畿道 安養市 マナン区 ネンチョン路 196","京畿道 安养市 万安区 냉천路 196","#남문상권, #정육·청과, #분식골목, #보행중심, #관광연계, #시간상이","#Nammun_cluster, #butchers_&_produce, #snack_alleys, #walkable, #tourism_link, #varying_hours","#南門商圏, #精肉・青果, #軽食路地, #歩行中心, #観光連携, #時間ばらつき","#南门商圈, #肉铺/青果, #小吃巷, #步行友好, #旅游联动, #时间不一","수원 화성과 남문 상권 내 핵심 시장으로, 정육·청과·분식 등 생활밀착 품목이 밀집해 있습니다. 보행 중심의 골목형 상권이라 천천히 둘러보기 좋습니다. 주변 관광지와 연계해 방문 수요가 꾸준합니다. 점포별 시간 차가 크니 방문 전 확인을 권합니다.","Part of the broader Suwon Nammun Market cluster, Central Market sits amid historic city walls and food alleys. Expect classic butchers, produce, and old-school bites within walking streets.","水原南門商圏の一角で、城郭と食の横丁に囲まれた中心的な市場。精肉・青果・惣菜など昔ながらの店が軒を連ねます。","属于水原南门市场圈的一部分，周边城郭与美食巷相连。肉铺、蔬果与传统小吃集中。","매장별 상이(남문 일대 다수 09:00–22:00)","Hours vary by shop (many 09:00–22:00 around Nammun area)","店舗により異なる（南門周辺は 09:00–22:00 が多い）","各店时间不同（南门一带多为 09:00–22:00）","031-449-6047","https://naver.me/GhbrMvhh"
"16","","역전시장","Yeokjeon (Station Front) Market","ヨクチョン（駅前）市場","站前市场","경기도","Gyeonggi-do","京畿道","京畿道","수원시","Suwon City","スウォン市","水原市","경기도 수원시 팔달구 매산로 2-10 매산로1가","Gyeonggi-do, Suwon-si, Paldal-gu, Maesan-ro 2-10, Maesan-ro 1-ga","京畿道 水原市 パルダル区 メサン路 2-10（メサン路1街）","京畿道 水原市 八达区 매산路 2-10（매산路1街）","#역앞시장, #간편장보기, #소형점포, #신선식품, #합리적가격, #일상형","#station-front, #quick_grocery, #small_stalls, #fresh_foods, #value_pricing, #everyday_use","#駅前市場, #さっと買物, #小規模店舗, #生鮮, #手頃価格, #日常使い","#车站前市场, #快速采买, #小摊密集, #生鲜, #亲民价格, #日常型","수원역 앞에 자리한 생활형 전통시장으로 출퇴근·이동 중 간편 장보기에 적합합니다. 소형 점포가 밀집해 있어 신선식품·간식·생활잡화를 효율적으로 둘러볼 수 있습니다. 가격대가 비교적 합리적인 편입니다. 매장마다 영업시간이 다릅니다.","An old-school market right by Suwon Station, handy for commuters and travelers. Compact lanes pack produce, snacks, and daily goods at friendly prices.","水原駅すぐの昔ながらの市場。通勤・旅行客にも便利で、青果や惣菜、日用品が手頃に揃います。","位于水原站前的传统市场。通勤与旅客皆方便，蔬果小吃与日用品价格亲民。","08:00–21:00","08:00–21:00","08:00–21:00","08:00–21:00","031-246-1005","https://naver.me/5bVfXDsH"
"17","","영동시장","Yeongdong Market","ヨンドン市場","永东市场","경기도","Gyeonggi-do","京畿道","京畿道","수원시","Suwon City","スウォン市","水原市","경기도 수원시 팔달구 수원천로255번길 6 영동","Gyeonggi-do, Suwon-si, Paldal-gu, Suwoncheon-ro 255-beon-gil 6, Yeongdong","京畿道 水原市 パルダル区 スウォンチョン路255番ギル 6（ヨンドン）","京畿道 水原市 八达区 수원천路255号街 6（영동）","#남문핵심, #수원천변, #먹거리·원단, #청년몰, #보행로넓음, #가족친화","#Nammun_core, #Suwoncheon_stream, #food_&_fabric, #youth_mall, #wide_walkways, #family-friendly","#南門核, #水原川沿い, #飲食・布, #青年モール, #歩道広め, #家族向き","#南门核心, #水原川畔, #餐饮/布料, #青年商场, #步道较宽, #亲子友好","수원천을 따라 형성된 남문권 핵심 시장으로, 먹거리와 의류·원단 상가가 공존합니다. 보행로 폭이 비교적 넓어 가족 단위로도 둘러보기 편합니다. 상층부 청년몰 등과 연계한 체류형 소비가 이루어집니다. 점포별 시간·휴무가 상이합니다.","A core market in the Nammun cluster along Suwoncheon stream. Home to the “28 Youth Mall” upstairs, plus many eateries and fabric shops. Family-friendly strolling streets.","水原川沿いの南門エリアを代表する市場。2階には「28青春青年モール」があり、飲食や布店も多彩。歩きやすい通りです。","位于水原川畔的南门核心市场。二楼设有“28青春青年商城”，餐饮与布商丰富，步行动线友好。","09:00–20:00 (변동 가능)","09:00–20:00 (varies)","09:00–20:00（変動あり）","09:00–20:00（可能变动）","031-251-0171","https://naver.me/5GpX1wrC"
"18","","안산 다농마트 전통시장","Ansan Danong Mart Traditional Market","アンサン・ダノンマート伝統市場","安山 Danong Mart 传统市场","경기도","Gyeonggi-do","京畿道","京畿道","안산시","Ansan City","アンサン市","安山市","경기도 안산시 상록구 예술광장로 1","Gyeonggi-do, Ansan-si, Sangnok-gu, Yesulgwangjang-ro 1","京畿道 安山市 サンノク区 イェスルクァンジャン路 1","京畿道 安山市 常绿区 예술광장路 1","#전통+몰, #식자재·외식, #생활서비스, #장시간영업, #편의시설, #층별운영","#market+mall, #groceries_&_dining, #services, #long_hours, #amenities, #floor-by-floor","#伝統+モール, #食材・外食, #生活サービス, #長時間, #設備充実, #階層運営","#传统+商场, #食材/餐饮, #便民服务, #营业较长, #设施齐全, #分层运营","전통시장과 복합쇼핑몰 기능을 결합한 대형 상가로 식자재·외식·생활서비스를 한 공간에서 해결할 수 있습니다. 은행·의원·식당 등 생활 편의시설이 함께 입점해 체류 시간이 길어지는 편입니다. 층별·매장별 운영 시간이 다르므로 방문 전 확인이 유용합니다.","A large complex that blends a traditional market with a multi-store retail building on Yesulgwangjang-ro. Banks, clinics, and eateries are on site; the youth mall on the 3F keeps later hours. Expect very broad day-to-night trading.","伝統市場と複合商業施設が一体化した大型モール。館内に銀行や飲食店が入り、3階の青年モールは比較的遅い時間まで営業します。日中から夜まで買い物が可能です。","将传统市场与综合商场结合的复杂体。馆内有银行与餐饮，三层青年商城通常营业至晚间，白天到夜间都能采购。","건물 24시간 개방; 매장 시간 상이(청년몰 약 11:00–21:00)","Building open 24 hours; shop hours vary (youth mall ~11:00–21:00)","館内は24時間開放；店舗の営業時間は異なる（青年モールは概ね 11:00–21:00）","大楼 24 小时开放；店铺时间不一（青年商城约 11:00–21:00）","031-410-6666","https://naver.me/xZj3ORes"
"19","","부천자유시장","Bucheon Jayu (Free) Market","ブチョン自由市場","富川自由市场","경기도","Gyeonggi-do","京畿道","京畿道","부천시","Bucheon City","ブチョン市","富川市","경기도 부천시 소사구 자유로 33","Gyeonggi-do, Bucheon-si, Sosa-gu, Jayu-ro 33","京畿道 富川市 ソサ区 ジャユ路 33","京畿道 富川市 素砂区 自由路 33","#원도심, #1940년대, #생필·간식, #주차편의, #합리가격, #단골많음","#old_downtown, #since_1940s, #daily_goods_&_snacks, #easy_parking, #fair_prices, #loyal_patrons","#旧市街, #1940年代, #生活品・軽食, #駐車便利, #手頃価格, #常連多い","#老城区, #起于1940年代, #生活百货/小吃, #停车便利, #价格亲民, #老主顾多","1940년대부터 이어진 부천의 대표적 전통시장으로, 신선식품과 간식, 생활용품 상점이 오랜 단골을 보유하고 있습니다. 역세권·도심과 가깝고 주차 편의도 비교적 나은 편입니다. 소박한 먹거리와 합리적 가격이 강점입니다. 점포별 영업시간이 다릅니다.","Bucheon’s oldest traditional market (since 1947) with long-running produce and snack vendors. Close to the south station area with convenient paid parking. A good stop for classic street foods.","1947年開場の富川で最も古い市場。南部駅周辺からアクセスしやすく、駐車場も利用可能。昔ながらの屋台グルメが魅力です。","1947年开市的富川最老牌市场。靠近南站一带，停车方便；老牌小吃与生鲜摊位众多。","09:00–21:00 (변동; 매월 1·3번째 화요일 휴무)","09:00–21:00 (varies; closed 1st & 3rd Tue)","09:00–21:00（変動あり；毎月第1・第3火曜休み）","09:00–21:00（可能变动；每月第 1 与第 3 个周二休息）","032-656-1892","https://naver.me/5Gpu9dvE"
"20","","화서시장","Hwaseo Market","ファソ市場","华西市场","경기도","Gyeonggi-do","京畿道","京畿道","수원시","Suwon City","スウォン市","水原市","경기도 수원시 팔달구 동말로 72 화서동","Gyeonggi-do, Suwon-si, Paldal-gu, Dongmal-ro 72, Hwaseo-dong","京畿道 水原市 パルダル区 トンマル路 72（ファソ洞）","京畿道 水原市 八达区 동말路 72（华西洞）","#생활시장, #신선식품, #간식, #비가림통로, #저녁유동, #주거밀집","#everyday_market, #fresh_produce, #snacks, #covered_lanes, #evening_footfall, #residential_area","#生活市場, #生鮮, #軽食, #アーケード通路, #夕方人流, #住宅地","#生活型市场, #生鲜, #小吃, #拱廊通道, #傍晚客流, #居住区","화서권역의 생활형 시장으로 신선식품·간식·생활잡화를 한 번에 살 수 있습니다. 비가림 통로로 날씨와 관계없이 둘러보기 좋습니다. 인근 주거지 수요로 저녁 시간대에도 유동이 꾸준합니다.","Neighborhood market near Hwaseo area with everyday produce, snacks, and household items. Covered lanes make it easy to browse in any weather. Evening foot traffic is steady thanks to nearby residential blocks.","華西エリアの生活密着型市場。生鮮・惣菜・日用品が揃い、アーケードで天候を気にせず回れます。周辺の住宅地からの来客で夕方もにぎわいます。","位于华西一带的社区型市场，售卖生鲜、小吃与日用品。带拱廊的通道便于雨天逛街；傍晚人流稳定。","09:00–21:00 (매장별 상이)","09:00–21:00 (varies by shop)","09:00–21:00（店舗により異なる）","09:00–21:00（各店不同）","031-241-4578","https://naver.me/xTsH7DXB"
"21","","월드프라자","World Plaza","ワールドプラザ","世界广场","경기도","Gyeonggi-do","京畿道","京畿道","안산시","Ansan City","アンサン市","安山市","경기도 안산시 상록구 본삼로 60","Gyeonggi-do, Ansan-si, Sangnok-gu, Bonsam-ro 60","京畿道 安山市 サンノク区 ボンサム路 60","京畿道 安山市 常绿区 본삼路 60","#복합플라자, #음식점, #식료품, #생활서비스, #주차편리, #가족친화","#multi-tenant_plaza, #eateries, #groceries, #services, #easy_parking, #family-friendly","#複合プラザ, #飲食店, #食料品, #生活サービス, #駐車便利, #ファミリー向け","#综合广场, #餐饮, #食杂, #便民服务, #停车方便, #亲子友好","다층 상가형 플라자로 음식점·식료품·생활서비스가 함께 모여 있습니다. 가볍게 장보고 식사하기 좋으며, 주차·동선이 비교적 편리합니다.","Multi-tenant plaza with a mix of eateries, grocers, and services. Convenient for quick errands and casual meals. Parking and straightforward layout make it family-friendly.","飲食・食料品・サービスが入る複合プラザ。短時間の買い物や食事に便利で、家族連れでも利用しやすい動線・駐車環境です。","多租户综合商场，餐饮、食杂与服务并存。动线清晰、停车方便，适合家庭顺路采买与用餐。","10:00–21:00 (매장별 상이)","10:00–21:00 (varies by shop)","10:00–21:00（店舗により異なる）","10:00–21:00（各店不同）","031-407-0951","https://naver.me/GgWdOsv9"
"22","","팔달문시장","Paldalmun Market","パルダルムン市場","八达门市场","경기도","Gyeonggi-do","京畿道","京畿道","수원시","Suwon City","スウォン市","水原市","경기도 수원시 팔달구 정조로770번길 17 영동","Gyeonggi-do, Suwon-si, Paldal-gu, Jeongjo-ro 770-beon-gil 17, Yeongdong","京畿道 水原市 パルダル区 ジョンジョ路770番ギル 17（ヨンドン）","京畿道 水原市 八达区 正祖路770号街 17（영동）","#남문핵심, #성곽인접, #의류·원단, #분식골목, #보행관광, #인기","#Nammun_hub, #by_fortress_wall, #apparel_&_fabric, #snack_lanes, #walkable_tourism, #popular","#南門の要, #城郭そば, #衣料・布, #軽食路地, #歩いて観光, #人気","#南门核心, #靠城郭, #服饰/布料, #小吃巷, #步行观光, #人气高","수원 남문 상권의 핵심 시장으로 화성 성곽과 인접해 있습니다. 정육·원단·분식 등이 밀집해 보행 관광과 연계 방문이 많습니다. 주민과 관광객 모두에게 인기입니다.","A core piece of Suwon’s Nammun market cluster beside the city walls. Classic butchers, fabric shops, and street foods fill walkable alleys. Popular with both locals and visitors.","水原・南門商圏の中心的市場で、城郭のすぐそば。精肉・布店・屋台グルメが歩きやすい路地に集まります。観光客にも地元客にも人気。","水原南门商圈的核心市场，紧邻城郭。肉铺、布行与街头小吃集中在步行巷内，深受本地与游客欢迎。","09:00–22:00 (변동 가능)","09:00–22:00 (varies)","09:00–22:00（変動あり）","09:00–22:00（可能变动）","031-251-5153","https://naver.me/Fy2F6dAi"
"23","","산본시장","Sanbon Market","サンボン市場","山本市场","경기도","Gyeonggi-do","京畿道","京畿道","군포시","Gunpo City","クンポ市","军浦市","경기도 군포시 산본천로183번길 6 산본동","Gyeonggi-do, Gunpo-si, Sanboncheon-ro 183-beon-gil 6, Sanbon-dong","京畿道 軍浦市 サンボンチョン路183番ギル 6（サンボン洞）","京畿道 军浦市 산본천路183号街 6（山本洞）","#도심형, #신선식품, #가성비먹거리, #컴팩트, #가격비교, #저녁포장","#downtown_type, #fresh_foods, #value_eats, #compact_layout, #price_compare, #evening_takeout","#都心型, #生鮮, #コスパ飯, #コンパクト, #価格比較, #夕方テイクアウト","#市中心型, #生鲜, #性价比小吃, #紧凑布局, #比价方便, #晚间外带","군포 도심형 시장으로 신선식품과 가성비 좋은 먹거리가 강점입니다. 영역이 컴팩트해 점포 간 비교가 쉽고, 저녁 포장 수요로 활기가 돋보입니다.","Gunpo’s downtown market known for fresh produce and affordable meals. Compact blocks make it easy to compare prices across stalls. Evening takeaway traffic is lively.","軍浦中心部の市場。生鮮や手頃な食事が充実し、コンパクトなので価格比較もしやすいです。夕方は持ち帰り需要でにぎわいます。","军浦市中心市场，以生鲜与实惠餐食见长。街区紧凑，摊位间比价方便；傍晚外带客流活跃。","09:00–21:00 (변동 가능)","09:00–21:00 (varies)","09:00–21:00（変動あり）","09:00–21:00（可能变动）","031-399-4248","https://naver.me/5huayDYb"
"24","","지동시장","Jidong Market","チドン市場","智洞市场","경기도","Gyeonggi-do","京畿道","京畿道","수원시","Suwon City","スウォン市","水原市","경기도 수원시 팔달구 팔달문로 19 지동","Gyeonggi-do, Suwon-si, Paldal-gu, Paldalmun-ro 19, Ji-dong","京畿道 水原市 パルダル区 パルダルムン路 19（ジ洞）","京畿道 水原市 八达区 八达门路 19（智洞）","#남문권, #청과·반찬, #분식, #걷기좋은골목, #구도심연계, #일상형","#Nammun_area, #produce_&_side_dishes, #snacks, #walkable_alleys, #old-town_link, #everyday","#南門エリア, #青果・お惣菜, #軽食, #歩きやすい路地, #旧市街連携, #日常型","#南门区域, #蔬果/熟食, #小吃, #步行友好巷, #与老城相连, #日常型","수원 남문권에 속한 시장으로 청과·반찬·분식이 중심입니다. 걷기 좋은 골목과 맞닿아 구도심 관광 동선과 잘 어울립니다.","Part of the Suwon Nammun belt along walkable streets. Known for produce, side dishes, and cozy snack bars. Good stop when touring the old town.","水原・南門エリアの一角。青果・総菜・軽食店が多く、旧市街観光の途中に立ち寄りやすい市場です。","属于水原南门带，行人友好。以蔬果、熟食与小吃店为主，是老城区行程中的便捷节点。","09:00–21:00 (변동 가능)","09:00–21:00 (varies)","09:00–21:00（変動あり）","09:00–21:00（可能变动）","031-256-0202","https://naver.me/xhzG1SLo"
"25","","평택국제중앙시장","Pyeongtaek International Jungang Market","ピョンテク国際中央市場","平泽国际中央市场","경기도","Gyeonggi-do","京畿道","京畿道","평택시","Pyeongtaek City","ピョンテク市","平泽市","경기도 평택시 중앙시장로 16","Gyeonggi-do, Pyeongtaek-si, Jungang-sijang-ro 16","京畿道 平沢市 チュンアンシジャン路 16","京畿道 平泽市 중앙시장路 16","#대형시장, #다국적먹거리, #생활잡화, #먹거리골목, #주말야간, #역세권","#large_market, #international_eats, #daily_goods, #food_alleys, #weekend_nights, #near_station","#大規模市場, #多国籍グルメ, #生活雑貨, #グルメ横丁, #週末夜, #駅近","#大型市场, #多国美食, #生活杂货, #美食巷, #周末夜热闹, #近车站","평택역 인근의 대형 시장으로 다국적 먹거리와 생활잡화가 공존합니다. 먹거리 골목이 잘 형성되어 있으며 주말 야간에 특히 활기찹니다.","Large central market blending local and international flavors near Pyeongtaek Station. Food alleys and household goods draw steady crowds. Nighttime atmosphere is lively on weekends.","平沢駅近くの大規模市場。多国籍の食べ歩きと生活用品が揃い、週末の夜は特に活気があります。","靠近平泽站的大型市场，融合在地与多国风味；美食巷与生活百货人气稳定，周末夜尤为热闹。","10:00–22:00 (변동 가능)","10:00–22:00 (varies)","10:00–22:00（変動あり）","10:00–22:00（可能变动）","031-668-8922","https://naver.me/GG7PjO2m"
"26","","발안시장","Balan Market","バラン市場","发安市场","경기도","Gyeonggi-do","京畿道","京畿道","화성시","Hwaseong City","ファソン市","华城市","경기도 화성시 향남읍 평2길 7","Gyeonggi-do, Hwaseong-si, Hyangnam-eup, Pyeong 2-gil 7","京畿道 華城市 ヒャンナム邑 ピョン2ギル 7","京畿道 华城市 香南邑 평2号街 7","#전통시장, #생필식자재, #간단먹거리, #단순동선, #가족친화, #정기휴무","#traditional_market, #daily_staples, #simple_eats, #simple_layout, #family-friendly, #regular_closed_days","#伝統市場, #生活食材, #簡易フード, #シンプル動線, #家族向き, #定休日","#传统市场, #生活食材, #简餐, #动线简单, #亲子友好, #定期休息","화성 발안권의 전통시장으로 생필 식자재와 간단 먹거리가 중심입니다. 동선이 단순하고 가족 단위로 둘러보기 좋습니다. 일부 점포는 정기휴무를 둡니다.","Traditional market in Hwaseong’s Balan area, serving daily groceries and local snacks. Family-friendly scale with straightforward layout. Some vendors observe regular rest days.","華城・発安エリアの伝統市場。日々の食材やローカル軽食が中心で、家族連れでも回りやすい規模です。定休日のある店舗もあります。","华城发安地区的传统市场，以日常食材与在地小吃为主。规模亲和、动线简单；部分摊位有固定休息日。","09:00–20:00 (변동 가능)","09:00–20:00 (varies)","09:00–20:00（変動あり）","09:00–20:00（可能变动）","031-352-0120","https://naver.me/53ld5bBq"
"27","","양평물맑은시장","Yangpyeong Mulmalgeun (Clear Water) Market","ヤンピョン・ムルマルグン市場","杨平清水市场","경기도","Gyeonggi-do","京畿道","京畿道","양평군","Yangpyeong County","ヤンピョン郡","杨平郡","경기도 양평군 양평읍 양평장터길 15 일원","Gyeonggi-do, Yangpyeong-gun, Yangpyeong-eup, Yangpyeong-jangteo-gil 15, Ilwon","京畿道 楊平郡 ヤンピョン邑 ヤンピョンジャントギル 15（一円）","京畿道 杨平郡 杨平邑 양평장터길 15（一区域）","#지역농산물, #강변간식, #주말인기, #계절상품, #카페거리연계, #대표시장","#local_produce, #riverside_snacks, #weekend_favorite, #seasonal_items, #café-street_link, #signature_market","#地場農産, #川辺の軽食, #週末人気, #季節商品, #カフェ街連携, #代表市場","#在地农产, #江畔小吃, #周末人气, #季节商品, #咖啡街联动, #标志性市场","양평을 대표하는 ‘물맑은’ 이미지의 시장으로 지역 농산물과 강변 간식이 명물입니다. 주말·계절 상품이 특히 인기이며 인근 카페거리와 연계 방문이 쉽습니다.","Yangpyeong’s signature “Clear Water” market highlighting regional produce and river-town snacks. Seasonal items are a draw, especially on weekends. Easy to pair with nearby café streets.","楊平を代表する「清らかな水」市場。地場の農産物と川沿いの軽食が名物で、週末は季節の特産を目当てに賑わいます。周辺カフェ街との回遊も楽しい。","杨平标志性的“清水”市场，主打在地农产与江畔小吃。周末季节性商品更受欢迎，可与附近咖啡街联动游逛。","09:00–20:00 (변동 가능)","09:00–20:00 (varies)","09:00–20:00（変動あり）","09:00–20:00（可能变动）","031-771-2080","https://naver.me/xMjt6RAY"
"28","","과천새서울프라자시장","Gwacheon Sae-Seoul Plaza Market","クァチョン・セソウルプラザ市場","果川新首尔广场市场","경기도","Gyeonggi-do","京畿道","京畿道","과천시","Gwacheon City","クァチョン市","果川市","경기도 과천시 별양상가 2로 20","Gyeonggi-do, Gwacheon-si, Byeoryang-sangga 2-ro 20","京畿道 果川市 ビョリャンサンガ2路 20","京畿道 果川市 별양상가 2路 20","#플라자형, #식료품, #베이커리, #생활서비스, #도심입지, #공공시설근접","#plaza-style, #groceries, #bakery, #services, #central_location, #near_public_facilities","#プラザ型, #食料品, #ベーカリー, #生活サービス, #中心立地, #公共施設近く","#广场式, #食杂, #烘焙, #便民服务, #市中心, #近公共设施","과천 도심의 플라자형 시장으로 식료품·베이커리·생활서비스가 모여 있습니다. 짧은 볼일에 실용적이며 공공시설·교통 접근성이 좋습니다.","Plaza-style market in central Gwacheon with groceries, bakeries, and daily services. Compact and practical for quick errands. Close to public facilities and transit.","果川中心部のプラザ型市場。食料品・ベーカリー・生活サービスが揃い、短時間の用足しに便利。公共施設や交通からも近い立地です。","果川市中心的广场式市场，集食杂、烘焙与便民服务于一体。规模紧凑，靠近公共设施与交通。","09:00–21:00 (변동 가능)","09:00–21:00 (varies)","09:00–21:00（変動あり）","09:00–21:00（可能变动）","02-3679-1400","https://naver.me/5huz3Dl7"
"29","","반딧불이연무시장","Banditburi Yeonmu Market","バンディップリ・ヨンム市場","萤火虫延畝市场","경기도","Gyeonggi-do","京畿道","京畿道","수원시","Suwon City","スウォン市","水原市","경기도 수원시 장안구 월드컵로428번길 10 연무동","Gyeonggi-do, Suwon-si, Jangan-gu, World Cup-ro 428-beon-gil 10, Yeonmu-dong","京畿道 水原市 ジャンアン区 ワールドカップ路428番ギル 10（ヨンム洞）","京畿道 水原市 长安区 世界杯路428号街 10（莲武洞）","#지역브랜드, #집밥반찬, #청과, #친근한분위기, #소규모행사, #산책형","#local_brand, #home-style_deli, #produce, #friendly_vibe, #small_events, #stroll-friendly","#ローカルブランド, #家庭惣菜, #青果, #親しみやすさ, #小規模イベント, #散策向き","#地方品牌, #家常熟食, #蔬果, #亲切氛围, #小型活动, #适合闲逛","‘반딧불이’ 브랜드를 쓰는 연무권 시장으로, 집밥형 반찬과 청과 중심의 소박한 상권입니다. 상인 친화적 분위기로 둘러보기 편하며 가끔 지역 행사가 열립니다.","Community market branded “Firefly Yeonmu,” known for home-style foods and produce. Friendly vendors and simple lanes make it relaxed to browse. Occasional events add local color.","「ホタル・延武」の愛称で知られる地域市場。家庭的な惣菜や青果が中心で、親しみやすい雰囲気。時折行事があり、地域色が感じられます。","以“萤火虫·延武”品牌闻名的社区市场，主打家常熟食与蔬果，氛围亲切。不定期活动增添地方特色。","09:00–20:00 (변동 가능)","09:00–20:00 (varies)","09:00–20:00（変動あり）","09:00–20:00（可能变动）","031-308-9944","https://naver.me/5l7NGmee"
"30","","하남수산물전통시장","Hanam Seafood Traditional Market","ハナム水産物伝統市場","河南水产传统市场","경기도","Gyeonggi-do","京畿道","京畿道","하남시","Hanam City","ハナム市","河南市","경기도 하남시 하남대로 1043-17 일원","Gyeonggi-do, Hanam-si, Hanam-daero 1043-17, Ilwon","京畿道 河南市 ハナム大路 1043-17（一円）","京畿道 河南市 하남大道 1043-17（一区域）","#수산특화, #활어수조, #제철해산물, #이른영업, #식사·포장, #차량접근","#seafood-focused, #live_tanks, #seasonal_catch, #early_trading, #dine-in_&_takeout, #car_access","#海産特化, #生け簀, #旬の海鮮, #早朝営業, #イートイン/持ち帰り, #車アクセス","#海鲜特化, #活鱼水槽, #时令海产, #早开门, #堂食外带, #自驾方便","활어 수조와 선어 상점이 즐비한 수산 특화 시장으로, 이른 아침부터 늦은 저녁까지 운영하는 곳이 많습니다. 식사 시간대에 특히 붐비며 제철 수산물 선택 폭이 넓습니다. 차량 접근이 편리하고 식사·포장 모두에 적합합니다.","Hanam’s seafood-focused traditional market with live tanks, fresh catches, and casual eateries. Most stalls trade from early morning to late evening, with peak activity around mealtimes. Easy car access and plenty of seasonal items. A good stop for dine-in or take-home seafood. ","ライブ水槽や鮮魚店が並ぶ海産物特化の伝統市場。多くの店舗が早朝から夜まで営業し、食事時に最も賑わいます。車でのアクセスもしやすく、季節の魚介が豊富。食事・テイクアウトのどちらにも便利です。","以海鲜为主的传统市场，活水槽与鲜鱼摊密集。多数摊位从清晨营业到夜间，用餐时段最热闹。自驾到达方便，时令海产选择多，堂食与外带都合适。","05:00–22:00 (매장별 상이)","05:00–22:00 (varies by shop)","05:00–22:00（店舗により異なる）","05:00–22:00（各店不同）","031-792-1235","https://naver.me/57VZhMUk"
"31","","여주한글시장(여주중앙로상점가)","Yeoju Hangeul Market (Jungang-ro Shopping Street)","ヨジュ・ハングル市場（中央路商店街）","驪州韩文市场（中央路商店街）","경기도","Gyeonggi-do","京畿道","京畿道","여주시","Yeoju City","ヨジュ市","骊州市","경기도 여주시 세종로14번길 24-1","Gyeonggi-do, Yeoju-si, Sejong-ro 14-beon-gil 24-1","京畿道 驪州市 セジョン路14番ギル 24-1","京畿道 骊州市 世宗路14号街 24-1","#테마시장, #세종대왕벽화, #전시, #먹거리골목, #산책동선, #구역분할","#themed_market, #King_Sejong_murals, #exhibits, #food_alleys, #strolling_route, #zoned_street","#テーマ市場, #世宗大王壁画, #展示, #グルメ路地, #散策導線, #ゾーニング","#主题市场, #世宗大王壁画, #展陈, #美食巷, #漫步动线, #分区街段","옛 중앙로상점가를 정비해 만든 ‘한글’ 테마 시장으로, 세종대왕 관련 벽화와 전시, 소박한 먹거리 골목이 이어집니다. 메인 거리 따라 구역이 나뉘어 천천히 산책하며 둘러보기 좋습니다.","A Hangeul-themed market created by upgrading the old Jungang-ro shopping street. Find murals about King Sejong, small museums, and cozy food alleys. It’s divided into several zones along the main street, great for a leisurely walk.","旧「中央路商店街」を再整備した“ハングル”テーマの市場。世宗大王を題材にした壁画や小さな展示、食べ歩きの路地が魅力です。メイン通り沿いに複数ゾーンが続き、ぶらり散策に最適。","由旧“中央路商店街”升级而成的韩文主题市场。可看见以世宗大王为题材的壁画与小型展馆，还有温馨美食巷。沿主街分区布局，适合慢慢逛。","매장별 상이.","Varies by shop.","店舗により異なります。","各店不同。","031-885-7121","https://naver.me/FfeazKHw"
"32","","광명새마을시장","Gwangmyeong Saemaeul Market","クァンミョン・セマウル市場","光明新村市场","경기도","Gyeonggi-do","京畿道","京畿道","광명시","Gwangmyeong City","クァンミョン市","光明市","경기도 광명시 광명로 831번지 4의1","Gyeonggi-do, Gwangmyeong-si, Gwangmyeong-ro 831, 4-1","京畿道 光明市 クァンミョン路 831（4-1）","京畿道 光明市 光明路 831（4-1）","#200+점포, #식료·생활, #비가림, #시장주차, #지역밀착, #초행친화","#200+shops, #food&_daily, #covered, #market_parking, #local_feel, #easy_for_newcomers","#200店超, #食料・生活, #アーケード, #市場駐車, #地域密着, #初心者向き","#200+商铺, #食材/日用, #拱廊, #市场停车, #社区属性强, #新手友好","식료품·생활잡화 위주의 점포가 200여 개 모인 광명의 대표 전통시장입니다. 비가림 아케이드로 쾌적하게 둘러볼 수 있고, 시장 주차·접근성이 편리합니다. ","A flagship neighborhood market in Gwangmyeong with 200+ shops for food and daily goods. Covered arcades make browsing easy in any weather. Market-managed parking and access are convenient. Family-friendly and very local in feel.","食料品と生活雑貨の店が200店以上集まる光明の代表市場。アーケードで天候に左右されにくく、駐車・アクセスも良好。地域密着で家族連れにも利用しやすい雰囲気です. ","光明市代表性市场，200余家商铺涵盖食材与日用品。拱廊便于雨天逛街，市场停车与到达性方便，亲民氛围浓厚。","매장별 상이(시장 주차장 광범위 운영).","Varies by shop (market parking operates widely)","店舗により異なる（市場駐車場は広く運用）。","各店不同（市场停车场广泛开放）。","02-2614-5292","https://naver.me/5KbWFY1o"
"33","","안양호계종합시장","Anyang Hogye General Market","アニャン虎溪総合市場","安养虎溪综合市场","경기도","Gyeonggi-do","京畿道","京畿道","안양시","Anyang City","アニャン市","安养市","경기도 안양시 동안구 흥안대로113번길 34","Gyeonggi-do, Anyang-si, Dongan-gu, Heungan-daero 113-beon-gil 34","京畿道 安養市 ドンアン区 フンアン大路113番ギル 34","京畿道 安养市 东安区 흥안大道113号街 34","#아케이드, #청과·수산, #생활잡화, #온라인주문, #배달, #일상장보기","#arcaded, #produce_&_seafood, #daily_goods, #online_orders, #delivery, #everyday_shopping","#アーケード, #青果・水産, #生活雑貨, #オンライン注文, #配送, #日常買い","#拱廊, #蔬果/水产, #生活杂货, #线上下单, #配送, #日常采买","동안구의 대표 시장으로 노천 통로와 아케이드가 공존합니다. 청과·수산·생활잡화는 물론, 온라인 주문·배달 등 서비스도 도입되어 일상 장보기에 적합합니다. ","A long-running market in Dongan-gu with street-side lanes and covered arcades. You’ll find produce, seafood, and household goods, plus online-order/delivery programs introduced in recent years. A good everyday shopping base.","東安区にある老舗市場。路面型の通りとアーケードが併存し、生鮮・海産・生活用品が揃います。近年はオンライン注文や配送にも対応。日常使いに便利です。","位于东安区的老牌市场，路面摊道与拱廊并存，生鲜、海产与日用品齐全。近年来还引入线上下单与配送服务，日常采买首选。","매장별 상이(전통시장; 주차 가능).","Varies by shop (traditional market; parking available).","店舗により異なる（伝統市場；駐車可）。","各店不同（传统市场；可停车）。","031-453-4766","https://naver.me/GFByl93Z"
"34","","양수리전통시장(양평양수리시장)","Yangsu-ri Traditional Market (Yangpyeong Yangsu-ri)","ヤンスリ伝統市場（ヤンピョン・ヤンスリ）","杨水里传统市场（杨平杨水里）","경기도","Gyeonggi-do","京畿道","京畿道","양평군","Yangpyeong County","ヤンピョン郡","杨平郡","경기도 양평군 양서면 양수로 150번길 3-15 일원","Gyeonggi-do, Yangpyeong-gun, Yangseo-myeon, Yangsu-ro 150-beon-gil 3-15, Ilwon","京畿道 楊平郡 ヤンソ面 ヤンス路150番ギル 3-15（一円）","京畿道 杨平郡 两西面 양수路150号街 3-15（一区域）","#두물머리, #상설+오일장, #1·6일장, #지역농산물, #간식, #주간영업","#Dumulmeori, #permanent+fair, #1st_&_6th_days, #local_produce, #snacks, #daytime_trade","#トゥムルモリ, #常設+市, #毎月1・6日, #地場農産, #軽食, #日中営業","#两水头, #常设+集市, #每月1/6日, #在地农产, #小吃, #白天营业","두물머리 인근 전통시장으로 상설 운영과 매월 1·6일 오일장이 함께 열립니다. 지역 농산물과 간식이 주말 방문객을 끌고, 영업은 점포별로 다르나 주로 주간에 이뤄집니다. ","A riverside market where two rivers meet (“Dumulmeori”), with both a permanent area and 5-day market days. Regional produce and snacks draw weekend visitors. Times vary by vendor, but market-day trading is typically daytime. ","北漢江と南漢江が合流する「トゥムルモリ」近くの市場。常設に加え毎月1日・6日の五日市が立ち、地場の農産物や軽食が人気です。営業時間は店舗により異なりますが、主に日中営業。 ","位于“两水相会”的两水头附近，常设区+每月1日与6日集市并行。以在地农产与小吃著称，周末人气旺。档口作息不同，但集市多为白天营业。","장날: 매월 1·6일; 다수 점포 약 09:00–19:00.","Market days: 1st & 6th each month; many stalls ~09:00–19:00.","市日：毎月 1日・6日；多数の屋台は約 09:00–19:00。","集市日：每月 1 日与 6 日；多数摊位约 09:00–19:00。","031-775-3110","https://naver.me/GNWDjgwr"
"35","","안양남부시장","Anyang Nambu Market","アニャン南部市場","安养南部市场","경기도","Gyeonggi-do","京畿道","京畿道","안양시","Anyang City","アニャン市","安养市","경기도 안양시 만안구 장내로 140번길 51","Gyeonggi-do, Anyang-si, Manan-gu, Jangnae-ro 140-beon-gil 51","京畿道 安養市 マナン区 ジャンネ路140番ギル 51","京畿道 安养市 万安区 장내路140号街 51","#새벽도매, #주간소매, #청과거리, #합리가격, #교통편리, #핵심상권","#dawn_wholesale, #daytime_retail, #produce_row, #fair_prices, #transit_friendly, #core_strip","#未明卸売, #日中小売, #青果通り, #手頃価格, #交通便利, #中核商店街","#清晨批发, #白天零售, #蔬果一条街, #价格亲民, #交通便捷, #核心商带","중앙시장 맞은편의 핵심 시장으로, 새벽 도매와 주간 소매가 공존합니다. 정류장 주변 청과 상점이 줄지어 있고, 합리적 가격·신선도·교통 접근성이 강점입니다. ","A core Anyang market opposite Jungang Market, mixing wholesale dawn trading and daytime retail. Fresh produce aisles line the bus-stop approach. It remains popular thanks to price, freshness, and transport access. ","中央市場の向かいにある安養の主要市場。未明の卸売と日中の小売が共存し、バス停周辺に青果の露店が並びます。価格・鮮度・アクセスが強み。","安养核心市场，与中央市场相对，清晨批发与白天零售并行。公交站一带青果摊成排分布。以价格、鲜度与交通便捷取胜。","04:30–19:00, 일요일 휴무(시장 사무실 기준).","04:30–19:00, closed Sun (market office). ","04:30–19:00、日曜休み（市場事務所基準）。","04:30–19:00，周日休息（以市场事务所为准）。","031-449-7400","https://naver.me/xMnFIMqj"
"36","","남문로데오시장","Nammum Rodeo Market","ナンムン・ロデオ市場","南门罗德奥市场","경기도","Gyeonggi-do","京畿道","京畿道","수원시","Suwon City","スウォン市","水原市","경기도 수원시 팔달구 행궁로 88 교동","Gyeonggi-do, Suwon-si, Paldal-gu, Haenggung-ro 88, Gyo-dong","京畿道 水原市 パルダル区 ヘングン路 88（キョ洞）","京畿道 水原市 八达区 行宫路 88（校洞）","#행궁~팔달문, #공방거리, #먹거리골목, #보행관광, #계절가이드, #상권연계","#Haenggung–Paldalmun, #craft_street, #food_alleys, #walkable_tourism, #seasonal_hours, #linked_zone","#行宮〜八達門, #工房通り, #グルメ路地, #歩行観光, #季節営業時間, #連携エリア","#行宫至八达门, #手作街, #美食巷, #步行观光, #季节时段, #商圈联动","화성행궁–팔달문을 잇는 남문 상권의 일부분으로 공방거리·먹거리 골목이 이어집니다. 역사 유적과 상점가를 도보로 연계하기 좋고, 점포별 시간은 다르나 계절 운영 가이드가 적용됩니다. ","Part of the Suwon Nammun cluster from Haenggung to Paldalmun, with craft streets and food alleys. Great as a walking route linking historic sites and shops. Hours vary by shop, but the district follows the seasonal guideline. ","水原・行宮から八達門へ続く南門商圏の一部で、工房通りや食べ歩きが楽しいエリア。史跡と商店街を徒歩でつなぐ観光ルートに最適。店舗ごとに時間は異なりますが、季節目安の営業時間があります。","属于水原南门商圈的一段，连接行宫与八达门，工坊街与美食巷并存。适合步行串联古迹与店铺；店家时间不一，但有季节性营业时段指引。","동절기 09:00–17:00 / 하절기 09:00–18:00(구역 기준).","Winter 09:00–17:00 / Summer 09:00–18:00 (area guideline). ","冬期 09:00–17:00／夏期 09:00–18:00（エリアの運営目安）。","冬季 09:00–17:00／夏季 09:00–18:00（区域指引）。","031-258-0336","https://naver.me/5N1Ev04Z"
"37","","중앙시장","Jungang (Central) Market","チュンアン市場","中央市场","경기도","Gyeonggi-do","京畿道","京畿道","동두천시","Dongducheon City","トンドゥチョン市","东豆川市","경기도 동두천시 중앙로285번길 9","Gyeonggi-do, Dongducheon-si, Jungang-ro 285-beon-gil 9","京畿道 東豆川市 チュンアン路285番ギル 9","京畿道 东豆川市 中央路285号街 9","#전통시장, #현대화, #아케이드·주차, #공동물류, #합리가격, #역세권","#traditional_market, #modernization, #arcade_&_parking, #shared_logistics, #value_pricing, #near_station","#伝統市場, #近代化, #アーケード・駐車, #共同物流, #手頃価格, #駅近","#传统市场, #现代化, #拱廊/停车, #共同物流, #价格亲民, #近车站","동두천중앙역 인근의 오랜 전통시장으로, 아케이드·주차장·공동물류 등 현대화가 이뤄졌습니다. 식료품·생활잡화 중심이며 합리적 가격이 장점입니다. ","A long-standing downtown market modernized with arcades, parking, and shared logistics. Focused on foodstuffs and daily goods near Dongducheon Jungang Station. Local, price-friendly, and easy to navigate. ","旧市街に根付く市場で、アーケードや駐車場の整備、共同물류 등の近代化が進みました。食料品・日用品が中心で、東豆川中央駅から徒歩圏。価格が手頃で回りやすい市場です。","老城区的传统市场，已完成拱廊、停车与共享物流等现代化。以食品与日用品为主，步行可达东豆川中央站，价格亲民。","매장별 상이.","Varies by shop.","店舗により異なります。","各店不同。","031-861-6938","https://naver.me/GALpTLn2"
"38","","남양주장현 전통시장","Namyangju Janghyeon Traditional Market","ナミャンジュ長峴伝統市場","南杨州长峴传统市场","경기도","Gyeonggi-do","京畿道","京畿道","남양주시","Namyangju City","ナミャンジュ市","南杨州市","경기도 남양주시 진접읍 장현로 77의100","Gyeonggi-do, Namyangju-si, Jinjeop-eup, Janghyeon-ro 77-100","京畿道 南楊州市 ジンジョプ邑 チャンヒョン路 77-100","京畿道 南杨州市 真接邑 장현路 77-100","#5일장, #2·7·12·17·22·27, #농산물, #먹거리, #잡화, #이른방문권장","#5-day_market, #2/7/12/17/22/27, #farm_produce, #eats, #sundries, #arrive_early","#五日市, #2/7/12/17/22/27, #農産, #グルメ, #雑貨, #早め来訪推奨","#五日集, #2/7/12/17/22/27, #农产, #小吃, #杂货, #建议早到","남양주시 진접읍 장현리에서 열리는 5일장으로(매월 2·7·12·17·22·27일) 농산물·먹거리·잡화 중심입니다. 장날에는 골목이 붐비므로 이른 방문이 유리합니다.","A classic 5-day street market in Jinjeop-eup (Namyangju) with produce, snacks, and household goods. Lanes fill up on market dates; come early for parking and best selection. Great for an old-town stroll.","南楊州・晋接邑に開かれる五日市（毎月 2/7/12/17/22/27）。青果・惣菜・生活雑貨が中心で、開催日は路地がにぎわいます。駐車事情もあり早めの訪問が安心。","位于南杨州晋接邑的五日集（每月 2/7/12/17/22/27），以生鲜、小吃与日用品为主。集市日巷道拥挤，建议早点到。","5일장: 매월 2·7·12·17·22·27일, 장날 10:00–18:00.","5-day market: 2/7/12/17/22/27 each month, 10:00–18:00 (market days). ","五日市：毎月 2/7/12/17/22/27、当日 10:00–18:00。","五日集：每月 2/7/12/17/22/27，集市日 10:00–18:00。","031-572-0026","https://naver.me/x8tnaB9X"
"39","","금호행복시장(금호시장)","Geumho Haengbok (Happiness) Market","クムホ幸福市場","金湖幸福市场","경기도","Gyeonggi-do","京畿道","京畿道","성남시","Seongnam City","ソンナム市","城南市","경기도 성남시 분당구 내정로 165번길 38","Gyeonggi-do, Seongnam-si, Bundang-gu, Naejeong-ro 165-beon-gil 38","京畿道 城南市 ブンダン区 ネジョン路165番ギル 38","京畿道 城南市 盆唐区 内井路165号街 38","#실내형, #170+점포, #지하1~2층, #주민밀착, #식당11~20:30, #날씨무관","#indoor, #170+_shops, #B1–2F, #community-based, #eateries_11–20:30, #weather-proof","#屋内型, #170店超, #地下1〜2階, #住民密着, #飲食11–20:30, #天候非依存","#室内型, #170+店, #地下1–2层, #社区属性强, #餐馆11–20:30, #不怕天气","분당 수내의 실내형 전통시장으로 지하1층~2층에 약 170여 점포가 입점해 있습니다. 날씨 영향을 덜 받고 주민 밀착도가 높습니다. 식당은 대체로 11:00–20:30 전후로 운영하는 곳이 많습니다. ","An indoor, multi-level “apartment-complex” market with ~170+ shops in Bundang (B1F–2F mix of foods, services, and dining). Very local and weather-proof; popular with nearby residents. Many restaurants keep mid-day to evening hours.","分譲住宅一体の屋内型伝統市場（地下1階〜2階）。約170店舗が入り、食品・生活サービス・飲食が揃います。天候に左右されず、近隣住民に親しまれる市場。多くの飲食店は昼〜夜の時間帯に営業。","位于盆唐的室内多层传统市场（B1–2F），约170余店铺，涵盖食材、生活服务与餐饮。避雨避寒、社区属性强；不少餐厅多在11:00–20:30左右营业。","매장별 상이(식당 다수 약 11:00–20:30).","Varies by shop (many eateries around 11:00–20:30).","店舗により異なる（飲食店は概ね 11:00–20:30）。","各店不同（多数餐饮约 11:00–20:30）。","031-711-7268","https://naver.me/xa5H8sHm"
"40","","신안코아전통시장","Sinan Coa Traditional Market","シナンコア伝統市場","新安科阿传统市场","경기도","Gyeonggi-do","京畿道","京畿道","안산시","Ansan City","アンサン市","安山市","경기도 안산시 상록구 석호로 315","Gyeonggi-do, Ansan-si, Sangnok-gu, Seokho-ro 315","京畿道 安山市 サンノク区 ソコ路 315","京畿道 安山市 常绿区 석호路 315","#생활형, #청과·정육, #반찬, #비가림, #지역상권, #낮~저녁","#neighborhood, #produce_&_meat, #side_dishes, #covered, #local_commerce, #day-to-evening","#生活型, #青果・精肉, #惣菜, #アーケード, #ローカル商圏, #日中〜夜","#社区型, #蔬果/肉类, #熟食, #拱廊, #本地商圈, #白天至夜","본오동 생활형 전통시장으로 청과·정육·반찬·생활잡화를 한자리에서 살 수 있습니다. 비가림 통로로 날씨와 관계없이 둘러보기 좋고, 대체로 낮부터 저녁까지 운영합니다.","A long-running neighborhood market in Bon-o-dong with produce, meats, side dishes, and daily goods. Arcaded lanes make browsing easy in any weather. Most shops keep daytime-to-evening hours, with a friendly, local vibe.","本五洞の生活密着型市場。青果・精肉・惣菜・日用品が揃い、アーケードで天候を気にせず回れます。多くの店が日中〜夜まで営業し、ローカルな温かさが魅力です。","本五洞的社区型市场，售卖生鲜、肉类、熟食与日用品；带拱廊的通道便于雨天逛街。多数店铺从白天营业至夜间，氛围朴实亲切。","09:30–21:00(월–토; 매장별 상이). 신안아파트 주차장 이용.","09:30–21:00 (Mon–Sat; varies by shop). Parking at Shinan Apt. Lot. ","09:30–21:00（月–土；店舗により異なる）。シナンアパート駐車場利用。","09:30–21:00（周一至周六；各店不同）。可使用新安公寓停车场。","031-406-2105","https://naver.me/FHl0eHVl"
"41","","부천제일시장","Bucheon Jeil (No.1) Market","ブチョン第一市場","富川第一市场","경기도","Gyeonggi-do","京畿道","京畿道","부천시","Bucheon City","ブチョン市","富川市","경기도 부천시 오정구 원종로85번길 84","Gyeonggi-do, Bucheon-si, Ojeong-gu, Wonjong-ro 85-beon-gil 84","京畿道 富川市 オジョン区 ウォンジョン路85番ギル 84","京畿道 富川市 梧井区 圆亭路85号街 84","#원도심, #새벽영업, #주간~야간, #먹거리골목, #주차편의, #노포","#old_downtown, #dawn_vendors, #day-to-night, #food_lanes, #easy_parking, #long-running","#旧市街, #早朝営業, #日中〜夜, #グルメ通り, #駐車便利, #老舗","#老城区, #拂晓开门, #白天至夜, #美食街, #停车方便, #老店多","부천 원도심의 대표 시장으로 먹거리 골목과 생필 상점이 밀집합니다. 일부 점포는 새벽부터, 대부분은 주간~야간에 운영하며 주차·접근이 편리합니다. ","Bucheon’s oldest downtown market with food alleys, produce, and everyday shops. Some vendors open at dawn, while most keep daytime-evening hours. Close to public parking and easy to reach.","富川中心部の老舗市場。食べ歩きの路地や生鮮・日用品が揃い、夜まで営業する店も多い一方、早朝営業の店もあります。駐車場からのアクセスも良好。","富川老牌市集，既有生鲜与生活店铺，也有小吃巷；部分摊位拂晓开门，多数营业到晚间。临近公营停车场，抵达方便。","변동(다수 09:00–21:00; 일부 새벽 영업).","Varies (many 09:00–21:00; some dawn vendors). ","変動あり（多くは 09:00–21:00；一部は早朝営業）。","可能变动（多数为 09:00–21:00；部分摊贩拂晓营业）。","","https://naver.me/FIf3P6yq"
"42","","궁평항해오름수산시장","Gungpyeong-hang Haeoreum Fisheries Market","クンピョンハン・ヘオルム水産市場","弓坪港 Haeoreum 水产市场","경기도","Gyeonggi-do","京畿道","京畿道","화성시","Hwaseong City","ファソン市","华城市","경기도 화성시 서신면 궁평항로 1049-24","Gyeonggi-do, Hwaseong-si, Seosin-myeon, Gungpyeonghang-ro 1049-24","京畿道 華城市 ソシン面 クンピョンハン路 1049-24","京畿道 华城市 西新面 궁평항路 1049-24","#항구시장, #활어·건어물, #식당, #가족나들이, #주말성수기, #바다풍경","#harbor_fish_market, #live_&_dried_seafood, #eateries, #family_outing, #weekend_peak, #sea_view","#港の魚市場, #活魚・乾物, #食堂, #家族お出かけ, #週末ピーク, #海景","#港口鱼市, #活鲜/干货, #餐馆, #亲子出游, #周末高峰, #海景","화성 궁평항 내 수산시장으로 활어·건어물·식당이 모여 있습니다. 가족 단위로 ‘골라 먹는’ 재미와 항구 풍경을 함께 즐길 수 있으며, 주말·성수기에 특히 붐빕니다.","A seaside fish market at Gungpyeong Port with live tanks, dried goods, and casual restaurants. Families come for pick-and-eat seafood and harbor views. Expect higher energy on weekends and holidays.","華城・弓坪港の海産物市場。活魚・干物・食堂がそろい、港の景色とともに“選んで食べる”楽しみがあります。週末・休日時は特に賑わいます。","位于华城市弓坪港的海鲜市场，设有活鱼水槽、干货与餐馆，可边选边吃，望海景。周末与节假日人气更旺。","점포별 상이(수산관·식당 주간→저녁 영업).","Varies by stall (seafood hall & eateries trade day→evening).","屋台ごとに異なる（海産館・飲食は昼→夜に営業）。","各摊位不同（海鲜馆与餐饮多为白天→夜间营业）。","031-355-9692","https://naver.me/x0UP9jTW"
"43","","남문패션1번가시장","Nammun Fashion First Avenue Market","南門ファッション1番街市場","南门时尚一番街市场","경기도","Gyeonggi-do","京畿道","京畿道","수원시","Suwon City","スウォン市","水原市","경기도 수원시 팔달구 정조로758번길 24 영동","Gyeonggi-do, Suwon-si, Paldal-gu, Jeongjo-ro 758-beon-gil 24, Yeongdong","京畿道 水原市 パルダル区 ジョンジョ路758番ギル 24（ヨンドン）","京畿道 水原市 八达区 正祖路758号街 24（영동）","#패션특화, #의류·신발, #잡화, #보행동선, #영동연결, #관광연계","#fashion-focused, #apparel_&_shoes, #accessories, #walkable_flow, #link_to_Yeongdong, #tourism_tie-in","#ファッション特化, #衣料・靴, #服飾雑貨, #歩行動線, #永東連携, #観光連動","#时尚特化, #服饰/鞋类, #配饰, #步行动线, #联通永东, #旅游联动","수원 남문 상권의 패션 특화 구역으로 의류·신발·잡화가 중심입니다. 보행 동선으로 영동시장·먹거리 골목과 연결되어 화성 관광과 연계 방문하기 좋습니다.","Part of the Suwon Nammun cluster, focused on clothing, shoes, and accessories. Walkable lanes connect to nearby food alleys and Yeongdong Market. Easy to pair with a fortress-town stroll.","水原・南門商圏の一角で、衣料・靴・服飾雑貨が中心。徒歩動線で周辺の飲食通りや永東市場ともつながります。華城散策と合わせて楽しめます。","属于水原南门商圈，主打服饰鞋包；步行可连通周边美食巷与永东市场。常与华城旧城漫步行程搭配。","변동(보통 10:00–21:00; 매장별 상이).","Varies (typ. 10:00–21:00; shop-by-shop).","変動あり（目安 10:00–21:00；店舗ごと）。","可能变动（通常 10:00–21:00；按店而异）。","031-255-5226","https://naver.me/GtUH5fEJ"
"44","","미래그린시장","Mirae Green Market","ミレ・グリーン市場","未来绿色市场","경기도","Gyeonggi-do","京畿道","京畿道","성남시","Seongnam City","ソンナム市","城南市","경기도 성남시 분당구 불정로386번길 10 서현동 효자촌미래타운아파트","Gyeonggi-do, Seongnam-si, Bundang-gu, Buljeong-ro 386-beon-gil 10, Seohyeon-dong, Hyojachon Mirae Town Apt.","京畿道 城南市 ブンダン区 ブルジョン路386番ギル 10（ソヒョン洞）ヒョジャチョン・ミレタウンアパート","京畿道 城南市 盆唐区 夫亭路386号街 10（书峴洞）孝子村未来城公寓","#실내시장, #서현, #식료·서비스, #소규모식당, #주민밀착, #점심~저녁","#indoor_market, #Seohyeon, #foods_&_services, #small_eateries, #community-based, #lunch-to-evening","#屋内市場, #書峴, #食品・サービス, #小規模食堂, #住民密着, #昼〜夜","#室内市场, #书峴, #食材/服务, #小餐馆, #社区属性强, #中午至夜","분당 서현의 실내형 시장으로 식료품·생활서비스·소규모 식당이 입점해 있습니다. 날씨 영향을 덜 받으며 주민 밀착도가 높습니다. 식당은 대체로 점심~저녁 시간대 운영합니다. ","An indoor, apartment-complex market in Seohyeon with foods, services, and small eateries. Weather-proof and very local in feel. Many restaurants keep mid-day to evening hours.","曹溪洞…ではなく盆唐・書峴の屋内型市場。食品・サービス・食堂が入り、天候に左右されません。飲食店は昼〜夜の営業が中心です。","位于盆唐书峴的室内市场，集食材、便民服务与小餐馆于一体，遮风避雨、社区气息浓。诸多餐馆多在中午至晚间营业。","변동(식당 다수 약 11:00–20:30).","Varies (many eateries ~11:00–20:30).","変動あり（飲食店は概ね 11:00–20:30）。","可能变动（多数餐饮约 11:00–20:30）。","","https://naver.me/5r9aSdlM"
"45","","용문천년시장","Yongmun Millennium Market","ヨンムン千年市場","龙门千年市场","경기도","Gyeonggi-do","京畿道","京畿道","양평군","Yangpyeong County","ヤンピョン郡","杨平郡","경기도 양평군 용문면 용문시장2길 11 일원","Gyeonggi-do, Yangpyeong-gun, Yongmun-myeon, Yongmun-sijang 2-gil 11, Ilwon","京畿道 楊平郡 ヨンムン面 ヨンムンシジャン2ギル 11（一円）","京畿道 杨平郡 龙门面 용문시장2街 11（一区域）","#용문역, #하천변, #상설+오일장, #5/10/15/20/25/30, #계절농산, #주말인기","#Yongmun_Stn, #riverside, #permanent+fair, #5/10/15/20/25/30, #seasonal_produce, #weekend_favorite","#龍門駅, #川沿い, #常設+五日市, #5/10/15/20/25/30, #季節農産, #週末人気","#龙门站, #河畔, #常设+五日集, #5/10/15/20/25/30, #时令农产, #周末人气","용문역 인근 하천변 시장으로 상설 구간과 5·10·15·20·25·30일 오일장이 함께 열립니다. 제철 농산물과 먹거리 골목이 주말에 특히 붐빕니다.","Riverside market by Yongmun Station mixing a permanent strip with classic 5-day fairs. Seasonal farm goods and snack alleys draw weekend crowds. Come early for parking and best picks.","龍門駅そばの川沿い市場。常設＋毎月5・10・15・20・25・30日の五日市が開かれ、季節の農産品や食べ歩きが人気。駐車・品揃えの面で早めの訪問が安心です。","龙门站附近的河畔集市，常设区+每月5/10/15/20/25/30五日集。季节性农产与小吃人气高，建议早点到。","5일장: 5/10/15/20/25/30일; 하절기 08:30–18:00 / 동절기 08:30–17:00","5-day market: 5/10/15/20/25/30; 08:30–18:00 (summer) / 08:30–17:00 (winter)","五日市：5/10/15/20/25/30；夏 08:30–18:00／冬 08:30–17:00","五日集：5/10/15/20/25/30；夏季 08:30–18:00／冬季 08:30–17:00","031-771-6172","https://naver.me/FO9dn25j"
"46","","시흥삼미시장","Siheung Sammi Market","シフン三美市場","始兴三美市场","경기도","Gyeonggi-do","京畿道","京畿道","시흥시","Siheung City","シフン市","始兴市","경기도 시흥시 삼미시장2길 35","Gyeonggi-do, Siheung-si, Sammi-sijang 2-gil 35","京畿道 始興市 サンミシジャン2ギル 35","京畿道 始兴市 삼미시장2街 35","#역사형, #청과·정육·수산, #간식골목, #포장마차정취, #비오는날매력, #활기","#historic, #produce/meat/seafood, #snack_alleys, #pojang-macha_vibe, #rainy-day_charm, #lively","#歴史系, #青果, #精肉, #水産, #軽食路地, #ポジャンマチャ風情, #雨の日の魅力, #活気","#历史型, #蔬果, #肉, #水产, #小吃巷, #棚车氛围, #雨天更有味, #人气旺","뱀내우시장 폐시 후 자라난 전통시장으로 청과·정육·수산과 간식 골목이 활기찹니다. 비 오는 날엔 포장마차 거리의 정취가 돋보입니다.","A historic market that grew after the old Baemnae cattle market closed. Today it’s a lively mix of produce, meat, seafood, and snack alleys, with cozy pojang-macha corners on rainy days.","旧・蛇川の牛市場跡から発展した歴史ある市場。青果・精肉・鮮魚・軽食が揃い、雨の日はポジャンマチャ通りが情緒を添えます。","由旧“蛇川牛市”发展而来，现为生鲜、肉类、海产与小吃并存的热闹市集；雨天的棚车小吃更具氛围。","매장별 상이","Varies by shop","店舗により異なる","各店不同","031-311-7006","https://naver.me/5eUs1gaP"
"47","","정자시장","Jeongja Market","チョンジャ市場","庭洞市场","경기도","Gyeonggi-do","京畿道","京畿道","수원시","Suwon City","スウォン市","水原市","경기도 수원시 장안구 수성로261번길 16 정자동","Gyeonggi-do, Suwon-si, Jangan-gu, Suseong-ro 261-beon-gil 16, Jeongja-dong","京畿道 水原市 ジャンアン区 スソン路261番ギル 16（チョンジャ洞）","京畿道 水原市 长安区 寿城路261号街 16（亭子洞）","#대형시장, #200+점포, #비가림구간, #사계절편안, #행사·할인, #저녁활기","#large_market, #200+_stalls, #covered_section, #all-season_comfort, #events/discounts, #evening_buzz","#大型市場, #200店超, #アーケード区間, #四季快適, #イベント/割引, #夕方活気","#大型市场, #200+摊位, #拱廊区, #四季舒适, #活动/折扣, #夜间人气","장안구의 대형 시장으로 200여 점포가 밀집해 있습니다. 비가림 구간이 있어 사계절 둘러보기 좋고, 각종 행사·할인으로 저녁에도 활기가 돋보입니다. ","A large, walkable market in Jangan-gu with 200+ stalls for fresh foods and daily goods. Arcaded stretches make it comfortable year-round. Events and discount drives keep evenings lively.","長安区の歩きやすい大型市場。生鮮・日用品の店が200店以上並び、アーケードで一年中快適。イベントや割引も多く、夕方も活気があります。","位于长安区的可步行大型市场，200余家摊位涵盖生鲜与日用品；带拱廊路段四季舒适，活动与折扣让夜间也很热闹。","07:00–23:00(매장별 상이).","07:00–23:00 (varies by shop).","07:00–23:00（店舗により異なる）。","07:00–23:00（各店不同）。","031-252-0290","https://naver.me/GV2LBkD1"
"1","","소래포구전통어시장","Sorae Pogu Traditional Fish Market","ソレポグ伝統魚市場","苏래浦口传统鱼市场","인천","Incheon","仁川広域市","仁川广域市","남동구","Namdong-gu","ナムドン区","南洞区","인천광역시 남동구 소래역로 12","12, Soraeyeok-ro, Namdong-gu, Incheon","仁川広域市 南洞区 ソレ駅路 12","仁川广域市 南洞区 苏래驿路 12","#수산물, #꽃게, #젓갈, #포구, #인천여행","#Seafood, #Crab, #SaltedFish, #Port, #Travel","#水産物, #ワタリガニ, #塩辛, #浦口, #仁川旅行","#水产, #梭子蟹, #咸鱼, #浦口, #仁川旅游","수도권 최대의 수산물 시장 중 하나로 제철 해산물과 젓갈류가 매우 유명합니다.","One of the largest fish markets in the metro area, famous for seasonal seafood.","首都圏最大級の水産市場で、旬の海鮮や塩辛類が非常に有名です。","首都圈最大的水产市场之一，时令海鲜和咸鱼类非常有名。","07:00–21:00 (연중무휴)","07:00–21:00 (Open year-round)","07:00–21:00 (年中無休)","07:00–21:00 (全年无休)","032-442-6887",""
"2","","부평종합시장","Bupyeong General Market","富平総合市場","富平综合市场","인천","Incheon","仁川広域市","仁川广域市","부평구","Bupyeong-gu","ブピョン区","富平区","인천광역시 부평구 부흥로 316","316, Buheung-ro, Bupyeong-gu, Incheon","仁川広域市 富平区 富興路 316","仁川广域市 富平区 富兴路 316","#전통시장, #먹거리, #반찬, #소매, #부평역","#Traditional, #Food, #Groceries, #Retail, #Bupyeong","#伝統市場, #グルメ, #おかず, #小売, #富平駅","#传统市场, #美食, #小菜, #零售, #富平站","인천에서 가장 큰 규모의 전통시장 중 하나로 다양한 식자재와 생활용품을 취급합니다.","One of the largest traditional markets in Incheon, handling various groceries.","仁川で最大規模の伝統市場の一つで、多様な食材や生活用品を扱っています。","仁川规模最大的传统市场之一，经营各类食材和生活用品。","08:00–21:00 (점포별 상이)","08:00–21:00 (Varies by shop)","08:00–21:00 (店舗により異なる)","08:00–21:00 (各店不同)","032-516-0655",""
"3","","인천가구단지","Incheon Furniture Complex","仁川家具団地","仁川家具团地","인천","Incheon","仁川広域市","仁川广域市","미추홀구","Michuhol-gu","ミチュホル区","弥추忽区","인천광역시 미추홀구 경인로 164","164, Gyeongin-ro, Michuhol-gu, Incheon","仁川広域市 弥チュ忽区 京仁路 164","仁川广域市 弥추忽区 京仁路 164","#가구, #인테리어, #침대, #소파, #가구도매","#Furniture, #Interior, #Bed, #Sofa, #Wholesale","#家具, #インテリア, #ベッド, #ソファ, #家具卸売","#家具, #室内装饰, #床, #沙发, #家具批发","대형 가구 매장들이 집적된 단지로 가정용부터 사무용까지 저렴하게 구매 가능합니다.","A complex of large furniture stores offering home and office furniture.","大型家具店が集積した団地で、家庭用から事務用まで安く購入可能です。","大型家具商店聚集区，从家用家具到办公家具均可以低廉价格购买。","09:00–20:00 (연중무휴)","09:00–20:00 (Open year-round)","09:00–20:00 (年中無休)","09:00–20:00 (全年无休)","032-882-4113",""
"4","","엠파크(중고차)","M-Park (Used Car Market)","Mパーク(中古車)","M-Park (二手车)","인천","Incheon","仁川広域市","仁川广域市","서구","Seo-gu","西区","西区","인천광역시 서구 봉수대로 158","158, Bongsu-daero, Seo-gu, Incheon","仁川広域市 西区 奉水大路 158","仁川广域市 西区 奉水大道 158","#중고차, #자동차매매, #수입차, #중고차단지","#UsedCar, #CarSales, #ImportedCar, #AutoHub","#中古車, #自動車売買, #輸入車, #中古車団地","#二手车, #汽车买卖, #进口车, #二手车基地","국내 최대 규모의 실내 중고차 매매 단지로 투명한 거래 시스템을 지향합니다.","Korea's largest indoor used car complex aiming for transparent transactions.","韓国最大規模の屋内型中古車売買団地で、透明な取引システムを目指しています。","韩国最大规模的室内二手车交易中心，致力于透明的交易系统。","09:00–18:00 (일요일 휴무)","09:00–18:00 (Closed on Sundays)","09:00–18:00 (日曜休)","09:00–18:00 (周日休息)","032-585-5000",""
"5","","신포국제시장","Sinpo International Market","新浦国際市場","新浦国际市场","인천","Incheon","仁川広域市","仁川广域市","중구","Jung-gu","中区","中区","인천광역시 중구 우현로49번길 11-5","11-5, Uhyeon-ro 49beon-gil, Jung-gu, Incheon","仁川広역市 中区 又玄路49番キル 11-5","仁川广域市 中区 又玄路49路 11-5","#닭강정, #공갈빵, #국제시장, #차이나타운","#Chicken, #Gonggalppang, #International, #Food","#タッカンジョン, #コンガルパン, #国際市場, #グルメ","#辣子鸡, #空心饼, #国际市场, #美食","인천 개항 이후 형성된 시장으로 닭강정 등 다양한 먹거리로 관광객이 많이 찾습니다.","Formed after the opening of the port, it's famous for food like spicy chicken.","仁川開港後に形成された市場で、タッカンジョンなどのグルメで有名です。","仁川开港后形成的古老市场，以辣子鸡等各类美食吸引游客。","10:00–21:00 (매달 첫째 월요일 휴무)","10:00–21:00 (Closed 1st Mon)","10:00–21:00 (第1月曜休)","10:00–21:00 (每月第一个周一休息)","032-772-5812",""
"1","","대전중앙시장","Daejeon Jungang Market","大田中央市場","大田中央市场","대전","Daejeon","大田広域市","大田广域市","동구","Dong-gu","東区","东区","대전광역시 동구 대전로 783","783, Daejeon-ro, Dong-gu, Daejeon","大田広域市 東区 大田路 783","大田广域市 东区 大田路 783","#중부권최대, #먹자골목, #한복, #의류도매, #대전여행","#MainMarket, #FoodAlley, #Hanbok, #Wholesale, #Travel","#中部圏最大, #グルメ通り, #韓服, #衣類卸売, #大田旅行","#中部最大, #美食街, #韩服, #服装批发, #大田旅游","대전역 앞 위치한 중부권 최대 규모의 전통시장으로 먹거리와 포목이 유명합니다.","Largest traditional market in central Korea, famous for food and fabrics.","大田駅前に位置する中部圏最大規模の伝統市場で、グルメや布地が有名です。","位于大田站前的中部地区最大规模传统市场，美食和布料非常有名。","09:00–22:00 (점포별 상이)","09:00–22:00 (Varies by shop)","09:00–22:00 (店舗により異なる)","09:00–22:00 (各店不同)","042-221-1033",""
"2","","노은농수산물도매시장","Noeun Agricultural & Marine Products Market","老隠農水産物卸売市場","老隐农水产品批发市场","대전","Daejeon","大田広域市","大田广域市","유성구","Yuseong-gu","ユソン区","儒城区","대전광역시 유성구 노은동로 33","33, Noeundong-ro, Yuseong-gu, Daejeon","大田広域市 儒城区 老隠洞路 33","大田广域市 儒城区 老隐洞路 33","#농수산물, #도매시장, #경매, #신선식품, #유성시장","#Agricultural, #Wholesale, #Auction, #FreshFood","#農水産物, #卸売市場, #競売, #新鮮食品, #儒城","#农水产品, #批发市场, #拍卖, #新鲜食品, #儒城","대전 서부권의 식자재 유통을 책임지는 대규모 농수산물 도매시장입니다.","A large wholesale market responsible for food distribution in western Daejeon.","大田西部圏の食材流通を担う大規模な農水産物卸売市場です。","负责大田西部地区食材流通的大型农水产品批发市场。","00:00–24:00 (경매시간 상이)","Open 24 hours (Varies by auction)","24時間営業 (競売により異なる)","24小时营业 (拍卖时间各异)","042-611-3000",""
"3","","오정농수산물도매시장","Ojeong Agricultural & Marine Products Market","梧井農水産物卸売市場","梧井农水产品批发市场","대전","Daejeon","大田広域市","大田广域市","대덕구","Daedeok-gu","デドク区","大德区","대전광역시 대덕구 한밭대로 1164","1164, Hanbat-daero, Daedeok-gu, Daejeon","大田広域市 大徳区 ハンバッ大路 1164","大田广域市 大德区 汉밭大道 1164","#식자재유통, #대형도매, #새벽시장, #수산물물류","#FoodLogistics, #Wholesale, #DawnMarket, #Seafood","#食材流通, #大型卸売, #朝市, #水産物流通","#食材流通, #大型批发, #早市, #水产物流","대전에서 가장 오래된 도매시장 중 하나로 중부권 물류의 핵심 거점입니다.","One of the oldest wholesale markets in Daejeon and a key logistics hub.","大田で最も古い卸売市場の一つで、中部圏物流の核心拠点です。","大田最古老的批发市场之一，是中部地区物流的核心据点。","04:00–18:00 (매주 일요일 휴무)","04:00–18:00 (Closed on Sundays)","04:00–18:00 (日曜休)","04:00–18:00 (每周日休息)","042-608-5420",""
"4","","대전가구거리","Daejeon Furniture Street","大田家具通り","大田家具街","대전","Daejeon","大田広域市","大田广域市","중구","Jung-gu","中区","中区","대전광역시 중구 중앙로 12","12, Jungang-ro, Jung-gu, Daejeon","大田広域市 中区 中央路 12","大田广域市 中区 中央路 12","#가구, #인테리어, #혼수, #사무용가구, #맞춤가구","#Furniture, #Interior, #Wedding, #Office, #Custom","#家具, #インテリア, #婚礼家具, #事務用家具, #オーダーメイド","#家具, #室内装饰, #婚庆家具, #办公家具, #定制家具","대전 원도심에 형성된 가구 전문 거리로 다양한 브랜드 매장이 모여 있습니다.","A specialized furniture street in the old city center with various brand stores.","大田の旧市街に形成された家具専門通りで、多様なブランド店が集まっています。","位于大田旧城区的家具专业街，汇聚了各类品牌商店。","10:00–20:00 (연중무휴)","10:00–20:00 (Open year-round)","10:00–20:00 (年中無休)","10:00–20:00 (全年无休)","042-254-0000",""
"5","","한민시장","Hanmin Market","韓民市場","韩民市场","대전","Daejeon","大田広域市","大田广域市","서구","Seo-gu","西区","西区","대전광역시 서구 도산로81번길 43","43, Dosan-ro 81beon-gil, Seo-gu, Daejeon","大田広域市 西区 道山路81番キル 43","大田广域市 西区 道山路81路 43","#막창골목, #전통시장, #야시장, #로컬맛집, #서구대표","#Makchang, #Traditional, #NightMarket, #LocalFood","#マクチャン通り, #伝統市場, #夜市, #ローカルグルメ","#烤牛皱胃, #传统市场, #夜市, #当地美食","막창 골목으로 전국적인 인지도가 있으며, 깔끔하게 정비된 현대식 전통시장입니다.","Nationally famous for its Makchang alley, it's a modern traditional market.","マクチャン（ホルモン）通りで全国的に有名で、整備された現代的な伝統市場です。","以烤牛皱胃街闻名全国，是环境整洁的现代化传统市场。","09:00–23:00 (먹거리 골목 상이)","09:00–23:00 (Food alley varies)","09:00–23:00 (屋台通りは異なる)","09:00–23:00 (美食街各异)","042-522-9110",""
"1","","세종전통시장","Sejong Traditional Market","世宗伝統市場","世宗传统市场","세종","Sejong","世宗特別自治市","世宗特别自治市","조치원읍","Jochiwon-eup","ジョチウォン邑","鸟致院邑","세종 조치원읍 조치원8길 42","42, Jochiwon 8-gil, Sejong","世宗 ジョチウォン邑 ジョチウォン8キル 42","世宗 鸟致院邑 鸟致院8路 42","#조치원시장, #파닭, #오일장, #로컬푸드, #세종여행","#Jochiwon, #GreenonionChicken, #5dayMarket","#ジョチウォン, #パダッ, #五日市, #ローカルフード","#鸟致院市场, #葱鸡, #五日集, #当地食品","세종시에서 가장 크고 오래된 시장으로 '조치원 파닭'의 본고장이며 4, 9일 오일장이 열립니다.","The largest and oldest market in Sejong, the birthplace of 'Padak' (scallion chicken).","世宗市で最大かつ最古の市場で、「パダッ」の本場。4、9日に五日市が開かれます。","世宗市最大、最古老的市场，是“葱鸡”的发源地，逢4、9号举办五日集。","08:00–20:00 (점포별 상이)","08:00–20:00 (Varies by shop)","08:00–20:00 (店舗により異なる)","08:00–20:00 (各店不同)","044-863-4262",""
"2","","세종중앙타운","Sejong Jungang Town","世宗中央タウン","世宗中央城","세종","Sejong","世宗特別自治市","世宗特别自治市","어진동","Eojin-dong","オジンドン","鱼真洞","세종 어진동 가름로 232","232, Gareum-ro, Sejong","世宗 オジンドン ガルム路 232","世宗 鱼真洞 가름路 232","#정부청사상권, #오피스타운, #먹거리, #비즈니스몰","#GovernmentComplex, #OfficeTown, #BusinessMall","#政府庁舎商圏, #オフィス街, #グルメ, #ビジネス","#政府厅舍商圈, #写字楼区, #美食, #商务中心","정부세종청사 인근 핵심 상업시설로 공무원 및 직장인들을 위한 대규모 식당가와 편의시설이 집적되어 있습니다.","A core commercial facility near the government complex with a large food court for workers.","政府世宗庁舎近くの核心商業施設で、公務員や会社員向けの飲食店が集積しています。","政府世宗厅舍附近的核心商业设施，聚集了服务于公务员和工薪族的大型饮食街。","09:00–22:00 (매장별 상이)","09:00–22:00 (Varies by shop)","09:00–22:00 (店舗により異なる)","09:00–22:00 (各店不同)","044-868-0000",""
"3","","세종대평시장","Sejong Daepyeong Market","世宗大坪市場","世宗大坪市场","세종","Sejong","世宗特別自治市","世宗特别自治市","대평동","Daepyeong-dong","デピョンドン","大坪洞","세종 대평시장2길 12","12, Daepyeongsijang 2-gil, Sejong","世宗 大坪市場2キル 12","世宗 大坪市场2路 12","#금남면시장, #로컬장터, #정통시장, #세종남부","#Geumnam, #LocalMarket, #SouthSejong","#クムナム面, #ローカル市場, #伝統市場","#锦南面, #当地集市, #传统市场, #世宗南部","세종시 남부권의 정겨운 시골 시장 분위기를 간직한 곳으로 신선한 농산물 거래가 활발합니다.","A local market in southern Sejong that retains a cozy, rural market atmosphere.","世宗市南部圏にある、のどかな田舎市場の雰囲気を残す場所で、農産物取引が活발합니다.","保留着世宗市南部地区温馨乡村市场氛围的地方，新鲜农产品交易活跃。","08:00–19:00 (2, 7일 오일장)","08:00–19:00 (5-day market on 2nd/7th)","08:00–19:00 (2, 7日に五日市)","08:00–19:00 (2, 7号五日集)","044-862-0003",""
"4","","나성동먹자골목","Naseong-dong Food Alley","ナソンドン屋台通り","罗城洞美食街","세종","Sejong","世宗特別自治市","世宗特别自治市","나성동","Naseong-dong","ナソンドン","罗城洞","세종 나성로 125-1","125-1, Naseong-ro, Sejong","世宗 ナソン路 125-1","世宗 罗城路 125-1","#세종핫플, #밤문화, #도시상권, #중심상업지구","#HotPlace, #Nightlife, #UrbanCommercialDistrict","#世宗ホットプレ, #夜遊び, #中心商業地区","#世宗打卡地, #夜生活, #城市商圈, #中心商业区","세종시 최대의 유흥 및 외식 상권으로 현대적인 인프라와 다양한 프랜차이즈가 모여 있습니다.","The largest nightlife and dining district in Sejong with modern infrastructure.","世宗市最大の歓楽・外食商圏で、現代的なインフラと多様なチェーン店が集まっています。","世宗市最大的娱乐和餐饮商圈，聚集了现代化设施和各类连锁店。","11:00–02:00 (익일)","11:00–02:00 (Next day)","11:00–02:00 (翌日)","11:00–02:00 (次日)","044-860-0000",""
"1","","서문시장","Seomun Market","西門市場","西门市场","대구","Daegu","大邱広域市","大邱广域市","중구","Jung-gu","中区","中区","대구광역시 중구 큰장로26길 45","45, Keunjang-ro 26-gil, Jung-gu, Daegu","大邱広域市 中区 クンジャン路26キル 45","大邱广域市 中区 큰장路26路 45","#전국3대시장, #야시장, #섬유, #먹거리, #대구여행","#Top3Market, #NightMarket, #Textile, #Food, #Travel","#全国3大市場, #夜市, #繊維, #グルメ, #大邱旅行","#全国三大市场, #夜市, #纤维, #美食, #大邱旅游","조선시대부터 이어온 전국 3대 시장 중 하나로, 섬유 관련 품목과 야시장이 매우 유명합니다.","One of Korea's top 3 traditional markets since the Joseon Dynasty, famous for textiles and night market.","朝鮮時代から続く全国3大市場の一つで、繊維関連品目と夜市が非常に有名です。","自朝鲜时代延续至今的韩国三大市场之一，纤维相关商品和夜市非常有名。","09:00–19:00 (야시장 19:00–23:30)","09:00–19:00 (Night Market 19:00–23:30)","09:00–19:00 (夜市 19:00–23:30)","09:00–19:00 (夜市 19:00–23:30)","053-256-6341",""
"2","","칠성시장","Chilseong Market","七星市場","七星市场","대구","Daegu","大邱広域市","大邱广域市","북구","Buk-gu","北区","北区","대구광역시 북구 칠성시장로 28","28, Chilseongsijang-ro, Buk-gu, Daegu","大邱広域市 北区 七星市場路 28","大邱广域市 北区 七星市场路 28","#종합시장, #중고가전, #주방용품, #포장마차, #대구북구","#GeneralMarket, #Kitchenware, #StreetFood, #Retail","#総合市場, #中古家電, #厨房用品, #屋台, #大邱北区","#综合市场, #二手家电, #厨房用品, #大排档, #大邱北区","서문시장과 함께 대구를 대표하는 시장으로 중고 가전, 주방기구, 신선한 수산물 거래가 활발합니다.","A representative Daegu market famous for used appliances, kitchenware, and seafood.","西門市場と並び大邱を代表する市場で、中古家電や厨房器具、新鮮な水産物が活発です。","与西门市场齐名的中心市场，二手家电、厨房器具及新鲜水产交易活跃。","09:00–18:00 (매달 첫째, 셋째 일요일 휴무)","09:00–18:00 (Closed 1st/3rd Sun)","09:00–18:00 (第1・3日曜休)","09:00–18:00 (每月第一、三个周日休息)","053-423-3480",""
"3","","대구약령시","Daegu Yangnyeongsi Market","大邱薬令市","大邱药令市","대구","Daegu","大邱広域市","大邱广域市","중구","Jung-gu","中区","中区","대구광역시 중구 남성로 51-1","51-1, Namseong-ro, Jung-gu, Daegu","大邱広域市 中区 南城路 51-1","大邱广域市 中区 南城路 51-1","#한약재시장, #약전골목, #전통의학, #건강식품","#OrientalMedicine, #Herbs, #Traditional, #HealthFood","#韓薬材市場, #薬田通り, #伝統医学, #健康食品","#韩药材市场, #药典街, #传统医学, #健康食品","360년 역사의 한국 최대 한약재 전문 시장으로 매년 한방문화축제가 열리는 역사적 장소입니다.","Korea's largest oriental herbal medicine market with 360 years of history.","360年の歴史を誇る韓国最大の韓薬材専門市場で、毎年韓方文化祭りが開催されます。","拥有360年历史的韩国最大韩药材专业市场，每年举办韩方文化节。","09:00–18:00 (일요일 휴무 상점 다수)","09:00–18:00 (Many shops closed Sun)","09:00–18:00 (日曜休の店が多い)","09:00–18:00 (多数商店周日休息)","053-253-4729",""
"4","","엠월드(대구중고차)","M-World Used Car Complex","Mワールド(中古車)","M-World (二手车)","대구","Daegu","大邱広域市","大邱广域市","서구","Seo-gu","西区","西区","대구광역시 서구 문화로 37","37, Munhwa-ro, Seo-gu, Daegu","大邱広域市 西区 文化路 37","大邱广域市 西区 文化路 37","#중고차단지, #대구자동차매매, #실내매장, #서구대표","#UsedCar, #AutoHub, #IndoorComplex, #Sales","#中古車団地, #大邱自動車売買, #屋内店舗, #西区","#二手车基地, #大邱汽车买卖, #室内卖场, #西区","영남권 최대 규모의 실내 중고차 매매 단지로 모든 차량을 실내에서 쾌적하게 쇼핑할 수 있습니다.","The largest indoor used car complex in the Yeongnam region.","嶺南圏最大規模の屋内型中古車売買団地で、全ての車両を屋内で見学可能です。","岭南地区最大规模的室内二手车交易基地，可在室内舒适选购所有车辆。","09:00–20:00 (연중무휴)","09:00–20:00 (Open year-round)","09:00–20:00 (年中無休)","09:00–20:00 (全年无休)","053-556-9100",""
"5","","관문시장","Gwanmun Market","関門市場","关门市场","대구","Daegu","大邱広域市","大邱广域市","남구","Nam-gu","南区","南区","대구광역시 남구 대명로 291","291, Daemyung-ro, Nam-gu, Daegu","大邱広域市 南区 大明路 291","大邱广域市 南区 大明路 291","#서부정류장, #먹거리몰, #로컬장터, #남구대표","#SeobuTerminal, #Food, #LocalMarket, #Namgu","#西部停留所, #グルメモール, #ローカル市場, #南区","#西部客运站, #美食街, #当地市场, #南区","서부정류장 인근에 위치해 교통이 편리하며, 대구 남부권 주민들의 생활 중심 시장입니다.","Conveniently located near the Seobu Bus Terminal, a life-hub for southern Daegu.","西部停留所の近くに位置し、大邱南部圏の住民の生活を支える中心市場です。","位于西部客运站附近，交通便利，是大邱南部地区居民的生活中心。","09:00–21:00 (점포별 상이)","09:00–21:00 (Varies by shop)","09:00–21:00 (店舗により異なる)","09:00–21:00 (各店不同)","053-652-3006",""
"1","","전주남부시장","Jeonju Nambu Market","全州南部市場","全州南部市场","전라북도","Jeollabuk-do","全羅北道","全罗北道","완산구","Wansan-gu","ワンサン区","完山区","전북 전주시 완산구 풍남문2길 63","63, Pungnammun 2-gil, Wansan-gu, Jeonju","全羅北道 全州市 完山区 豊南門2キル 63","全罗北道 全州市 完山区 丰南门2路 63","#청년몰, #야시장, #피순대, #한옥마을, #전주여행","#YouthMall, #NightMarket, #BloodSausage, #Hanok","#青年モール, #夜市, #ピスンデ, #韓屋村, #全州","#青年中心, #夜市, #血肠, #韩屋村, #全州旅游","한옥마을 인근의 유서 깊은 시장으로 청년몰과 주말 야시장이 MZ세대에게 인기입니다.","Historic market near Hanok Village, famous for its Youth Mall and weekend night market.","韓屋村近くの歴史ある市場で、青年モールや週末の夜市が若者に人気です。","邻近韩屋村的历史悠久市场，青年创业街和周末夜市深受MZ世代欢迎。","09:00–21:00 (야시장 금·토 18:00–23:00)","09:00–21:00 (Night Fri/Sat 18:00–23:00)","09:00–21:00 (夜市 金・土 18:00–23:00)","09:00–21:00 (夜市 周五/六 18:00–23:00)","063-284-1344",""
"2","","전주모래내시장","Jeonju Moraenae Market","全州モレネ市場","全州毛莱内市场","전라북도","Jeollabuk-do","全羅北道","全罗北道","덕진구","Deokjin-gu","ドクジン区","德津区","전북 전주시 덕진구 모래내시장길 10","10, Moraenaesijang-gil, Deokjin-gu, Jeonju","全羅北道 全州市 德津区 モレネ市場キル 10","全罗北道 全州市 德津区 毛莱内市场路 10","#전통시장, #농산물직거래, #착한가격, #로컬장터","#LocalMarket, #FreshProduce, #GoodPrice","#伝統市場, #農産物直売, #安値, #ローカル","#传统市场, #农产品直销, #价格实惠, #当地集市","전주 시민들의 실질적인 장바구니를 책임지는 곳으로 신선한 농산물과 먹거리가 풍부합니다.","A local market responsible for Jeonju citizens' groceries, rich in fresh produce.","全州市民の食卓を支える場所で、新鮮な農産物やグルメが豊富です。","负责全州市民实际采买的地方，拥有丰富的新鲜农产品和各类美食。","08:00–20:00 (점포별 상이)","08:00–20:00 (Varies by shop)","08:00–20:00 (店舗により異なる)","08:00–20:00 (各店不同)","063-273-0402",""
"3","","전주농수산물도매시장","Jeonju Wholesale Market","全州農水産物卸売市場","全州农水产品批发市场","전라북도","Jeollabuk-do","全羅北道","全罗北道","덕진구","Deokjin-gu","ドクジン区","德津区","전북 전주시 덕진구 동부대로 1177","1177, Dongbu-daero, Deokjin-gu, Jeonju","全羅北道 全州市 德津区 東部大路 1177","全罗北道 全州市 德津区 东部大道 1177","#식자재도매, #경매, #대량구매, #청과물, #수산동","#Wholesale, #Auction, #Fruits, #Seafood","#食材卸売, #競売, #大量購入, #青果物, #水産","#食材批发, #拍卖, #大宗采购, #蔬果, #水产","전주와 전북 인근의 식자재 유통을 담당하는 대형 도매시장으로 새벽 경매가 활발합니다.","A large wholesale market in charge of food distribution in Jeonju and nearby areas.","全州と全北近郊の食材流通を担う大型卸売市場で、早朝の競売が活発です。","负责全州及全北地区食材流通的大型批发市场，凌晨拍卖交易活跃。","04:00–18:00 (일요일 휴무 상이)","04:00–18:00 (Closed on Sundays)","04:00–18:00 (日曜休)","04:00–18:00 (周日休息)","063-214-1110",""
"4","","전주가구단지","Jeonju Furniture Complex","全州家具団地","全州家具团地","전라북도","Jeollabuk-do","全羅北道","全罗北道","덕진구","Deokjin-gu","ドクジン区","德津区","전북 전주시 덕진구 기린대로 762","762, Girin-daero, Deokjin-gu, Jeonju","全羅北道 全州市 德津区 麒麟大路 762","全罗北道 全州市 德津区 麒麟大道 762","#가구거리, #인테리어, #혼수가구, #사무용가구","#FurnitureStreet, #Interior, #Wedding, #Office","#家具通り, #インテリア, #婚礼家具, #事務用","#家具街, #室内装饰, #婚庆家具, #办公家具","대로변을 따라 대형 가구 브랜드와 인테리어 업체들이 밀집된 전주의 대표 가구거리입니다.","A representative furniture street in Jeonju with major brands and interior shops.","大通り沿いに大型家具ブランドやインテリア業者が密集する全州の代表的な家具通りです。","沿大道聚集了大型家具品牌和室内装饰企业的全州代表性家具街。","10:00–20:00 (연중무휴)","10:00–20:00 (Open year-round)","10:00–20:00 (年中無休)","10:00–20:00 (全年无休)","063-241-1234",""
"1","","양동시장","Yangdong Market","良洞市場","良洞市场","광주","Gwangju","光州広域市","光州广域市","서구","Seo-gu","西区","西区","광주 서구 경열로 163","163, Gyeongyeol-ro, Seo-gu, Gwangju","光州広域市 西区 慶烈路 163","光州广域市 西区 庆烈路 163","#호남최대규모, #전통시장, #홍어, #양동통닭, #혼수품","#LargestInHonam, #Traditional, #Skate, #Wedding","#湖南最大規模, #伝統市場, #ガンギエイ, #婚礼品","#湖南最大规模, #传统市场, #洪鱼, #婚庆用品","호남 지역에서 가장 큰 규모의 전통시장으로 제사 용품, 혼수품, 홍어 거래가 매우 활발합니다.","The largest traditional market in Honam region, famous for wedding goods and skate.","湖南地域で最大規模の伝統市場で、祭祀用品、婚礼品、ガンギエイの取引が非常に活発です。","湖南地区规模最大的传统市场，祭祀用品、婚庆用品、洪鱼交易非常活跃。","09:00–21:00 (첫째, 셋째 일요일 휴무)","09:00–21:00 (Closed 1st/3rd Sun)","09:00–21:00 (第1・3日曜休)","09:00–21:00 (每月第一、三个周日休息)","062-366-0826",""
"2","","남광주시장","Namgwangju Market","南光州市場","南光州市场","광주","Gwangju","光州広域市","光州广域市","동구","Dong-gu","東区","东区","광주 동구 제봉로 9","9, Jebong-ro, Dong-gu, Gwangju","光州広域市 東区 諸峰路 9","光州广域市 东区 诸峰路 9","#수산물시장, #국밥골목, #새벽시장, #남광주밤기차야시장","#SeafoodMarket, #SoupStreet, #NightMarket, #Dawn","#水産物市場, #クッパ通り, #夜市, #朝市","#水产市场, #汤饭街, #夜市, #早市","과거 남광주역의 활기를 이어받은 시장으로 신선한 수산물과 국밥 골목이 유명한 곳입니다.","A market famous for fresh seafood and rice soup alley, inheriting the energy of the old station.","かつての南光州駅の活気を受け継いだ市場で、新鮮な水産物とクッパ通りが有名です。","继承了过去南光州站活力的市场，以新鲜的水产和汤饭街闻名。","05:00–22:00 (매장별 상이)","05:00–22:00 (Varies by shop)","05:00–22:00 (店舗により異なる)","05:00–22:00 (各店不同)","062-226-3026",""
"3","","1913송정역시장","1913 Songjeong Station Market","1913松汀駅市場","1913松汀驿市场","광주","Gwangju","光州広域市","光州广域市","광산구","Gwangsan-gu","光山区","光山区","광주 광산구 송정로8번길 13","13, Songjeong-ro 8-gil, Gwangsan-gu, Gwangju","光州広域市 光山区 松汀路8キル 13","光州广域市 光山区 松汀路8路 13","#청년상인, #뉴트로, #광주송정역, #먹거리여행, #인생샷","#YouthMerchant, #Newtro, #KTXStation, #Foodie","#青年商人, #ニュートロ, #松汀駅, #グルメ旅行","#青年商户, #新复古, #光州松汀驿, #美食旅行","100년 역사의 시장을 현대적인 감각으로 재탄생시켜 젊은 층과 여행객이 많이 찾는 명소입니다.","A century-old market reborn with a modern touch, popular among young travelers.","100年の歴史を持つ市場を現代的な感覚で再生させ、若者や旅行客に人気の名所です。","将拥有百年历史的市场以现代感重塑，是深受年轻人和游客喜爱的热门景点。","11:00–22:00 (매달 둘째, 넷째 월요일 휴무)","11:00–22:00 (Closed 2nd/4th Mon)","11:00–22:00 (第2・4月曜休)","11:00–22:00 (每月第二、四个周一休息)","062-942-1913",""
"4","","광주각화동농산물도매시장","Gakhwa-dong Wholesale Market","各下洞農産物卸売市場","各下洞农产物批发市场","광주","Gwangju","光州広域市","光州广域市","북구","Buk-gu","北区","北区","광주 북구 각화대로 45","45, Gakhwa-daero, Buk-gu, Gwangju","光州広域市 北区 各下大路 45","光州广域市 北区 各下大道 45","#농산물물류, #청과물도매, #경매시장, #호남식자재","#AgriWholesale, #Auction, #HonamLogistics, #Fruit","#農産物卸売, #青果物, #競売市場, #湖南食材","#农产品批发, #蔬果批发, #拍卖市场, #湖南食材","호남 지역 농산물 유통의 중추적인 역할을 하는 대규모 도매시장으로 새벽 경매가 활발합니다.","A large wholesale market playing a pivotal role in Honam's agricultural distribution.","湖南地域の農産物流通の中枢を担う大規模な卸売市場で、早朝の競売が活発です。","承担湖南地区农产品流通中枢作用的大型批发市场，凌晨拍卖交易活跃。","04:00–18:00 (일요일 휴무 상이)","04:00–18:00 (Closed on Sundays)","04:00–18:00 (日曜休)","04:00–18:00 (周日休息)","062-613-7512",""
"1","","울산농수산물도매시장","Ulsan Wholesale Market","蔚山農水産物卸売市場","蔚山农水产品批发市场","울산","Ulsan","蔚山広域市","蔚山广域市","남구","Nam-gu","南区","南区","울산 남구 삼산로 324","324, Samsan-ro, Nam-gu, Ulsan","蔚山広域市 南区 三山路 324","蔚山广域市 南区 三山路 324","#울산최대도매, #농수산물, #경매, #신선식품, #삼산동","#Wholesale, #FreshProduce, #Auction, #Logistics","#蔚山最大卸売, #農水産物, #競売, #新鮮食品","#蔚山最大批发, #农水产品, #拍卖, #新鲜食品","울산 중심부 삼산동에 위치해 접근성이 좋으며, 울산 시민의 식자재 유통을 책임지는 핵심 거점입니다.","A key logistics hub in downtown Ulsan responsible for distributing fresh food.","蔚山中心部の三山洞に位置し、市民の食材流通を担う核心的な拠点です。","位于蔚山中心的三山洞，交通便利，是负责蔚山市民食材流通的核心据点。","05:00–18:00 (첫째, 셋째 일요일 휴무)","05:00–18:00 (Closed 1st/3rd Sun)","05:00–18:00 (第1・3日曜休)","05:00–18:00 (每月第一、三个周日休息)","052-226-5661",""
"2","","신정시장","Sinjeong Market","新亭市場","新亭市场","울산","Ulsan","蔚山広域市","蔚山广域市","남구","Nam-gu","南区","南区","울산 남구 봉월로 176","176, Bongwol-ro, Nam-gu, Ulsan","蔚山広域市 南区 奉月路 176","蔚山广域市 南区 奉月路 176","#칼국수골목, #국밥, #울산대표전통시장, #먹거리","#Kalguksu, #Traditional, #LocalFood, #StreetFood","#カルグクス通り, #伝統市場, #グルメ, #新亭","#刀切面街, #汤饭, #蔚山代表性传统市场, #美食","울산에서 가장 활발한 전통시장 중 하나로 특히 칼국수 골목과 국밥이 직장인과 여행객에게 인기입니다.","One of the most active traditional markets in Ulsan, famous for its Kalguksu alley.","蔚山で最も活気のある伝統市場の一つで、特にカルグクス通りが人気です。","蔚山最活跃的传统市场之一，特别是刀切面街和汤饭深受职员和游客喜爱。","08:00–21:00 (점포별 상이)","08:00–21:00 (Varies by shop)","08:00–21:00 (店舗により異なる)","08:00–21:00 (各店不同)","052-271-9019",""
"3","","장생포고래시장","Jangsaengpo Whale Market","長生浦クジラ市場","长生浦鲸鱼市场","울산","Ulsan","蔚山広域市","蔚山广域市","남구","Nam-gu","南区","南区","울산 남구 장생포고래로 209","209, Jangsaengpogorae-ro, Nam-gu, Ulsan","蔚山広域市 南区 長生浦クジラ路 209","蔚山广域市 南区 长生浦鲸鱼路 209","#고래고기, #고래특구, #장생포, #특산물, #울산체험","#WhaleMeat, #UniqueFood, #Jangsaengpo, #Tourism","#クジラ肉, #特産物, #長生浦, #蔚山観光","#鲸鱼肉, #鲸鱼特区, #长生浦, #特产, #蔚山体验","전국 유일의 고래 문화 특구 내 위치하여 고래고기를 비롯한 다양한 수산물을 접할 수 있는 특색 있는 시장입니다.","A unique market in Korea's only whale culture zone, offering whale meat and seafood.","全国唯一のクジラ文化特区内に位置し、クジラ肉などの特産物を扱う特色ある市場です。","位于韩国唯一的鲸鱼文化特区内，是可以接触到以鲸鱼肉为首的各类水产的特色市场。","09:00–20:00 (매장별 상이)","09:00–20:00 (Varies by shop)","09:00–20:00 (店舗により異なる)","09:00–20:00 (各店不同)","052-226-3406",""
"4","","태화종합시장","Taehwa General Market","太和総合市場","太和综合市场","울산","Ulsan","蔚山広域市","蔚山广域市","중구","Jung-gu","中区","中区","울산 중구 화진길 24","24, Hwajin-gil, Jung-gu, Ulsan","蔚山広域市 中区 花津キル 24","蔚山广域市 中区 花津路 24","#오일장, #태화강국가정원, #로컬장터, #나들이","#5dayMarket, #Taehwagang, #LocalMarket, #Fresh","#五日市, #太和江国家庭園, #ローカル市場, #買い物","#五日集, #太和江国家花园, #当地市场, #郊游","태화강 국가정원 인근의 시장으로 5, 10일에 열리는 오일장은 엄청난 규모와 인파를 자랑합니다.","A market near Taehwagang Garden, famous for its massive 5-day market on the 5th/10th.","太和江国家庭園近くの市場で、5、10日に開かれる五日市は非常に大規模です。","位于太和江国家花园附近的市场，逢5、10号举办的五日集规模庞大、人潮汹涌。","08:00–21:00 (5, 10일 오일장 위주)","08:00–21:00 (Peak on 5th/10th)","08:00–21:00 (5, 10日の五日市が中心)","08:00–21:00 (以5, 10号五日集为主)","052-243-7977",""
"1","","자갈치시장","Jagalchi Market","チャガルチ市場","札嘎其市场","부산","Busan","釜山広域市","釜山广域市","중구","Jung-gu","中区","中区","부산 중구 자갈치해안로 52","52, Jagalchihaean-ro, Jung-gu, Busan","釜山広域市 中区 チャガルチ海岸路 52","釜山广域市 中区 札嘎其海岸路 52","#한국최대수산시장, #회, #곰장어, #부산여행, #바다뷰","#LargestFishMarket, #Sashimi, #Eel, #BusanTravel","#韓国最大水産市場, #刺身, #ヌタウナギ, #釜山","#韩国最大水产市场, #生鱼片, #盲鳗, #釜山旅游","한국을 대표하는 세계적인 수산물 시장으로 신선한 해산물을 즉석에서 즐길 수 있습니다.","Korea's representative fish market where you can enjoy fresh seafood on site.","韓国を代表する世界的な水産市場で、新鮮な海鮮をその場で楽しめます。","韩国代表性的世界级水产市场，可以现场品尝新鲜海鲜。","05:00–22:00 (첫째, 셋째 화요일 휴무)","05:00–22:00 (Closed 1st/3rd Tue)","05:00–22:00 (第1・3火曜休)","05:00–22:00 (每月第一、三个周二休息)","051-245-2594",""
"2","","국제시장","Gukje Market","国際市場","国际市场","부산","Busan","釜山広域市","釜山广域市","중구","Jung-gu","中区","中区","부산 중구 중구로 36","36, Junggu-ro, Jung-gu, Busan","釜山広域市 中区 中区路 36","釜山广域市 中区 中区路 36","#영화국제시장, #잡화, #구제골목, #비프광장, #역사","#MovieGukje, #Vintage, #GeneralGoods, #History","#映画国際市場, #雑貨, #古着通り, #歴史的名所","#电影国际市场, #百货, #旧货街, #历史地标","한국전쟁 이후 형성된 역사 깊은 시장으로 기계 부품부터 패션, 잡화까지 없는 게 없습니다.","A historic market formed after the Korean War, selling everything from tools to fashion.","朝鮮戦争後に形成された歴史ある市場で、機械部品からファッションまで何でも揃います。","韩国战争后形成的悠久历史市场，从机械零件到时尚百货应有尽有。","09:00–20:00 (첫째, 셋째 일요일 휴무)","09:00–20:00 (Closed 1st/3rd Sun)","09:00–20:00 (第1・3日曜休)","09:00–20:00 (每月第一、三个周日休息)","051-245-7389",""
"3","","부평깡통시장","Bupyeong Kkangtong Market","富平カントン市場","富平罐头市场","부산","Busan","釜山広域市","釜山广域市","중구","Jung-gu","中区","中区","부산 중구 부평1길 48","48, Bupyeong 1-gil, Jung-gu, Busan","釜山広域市 中区 富平1キル 48","釜山广域市 中区 富平1路 48","#야시장, #부산어묵, #수입품, #먹거리천국, #비빔당면","#NightMarket, #BusanFishcake, #Imports, #Foodie","#夜市, #釜山おでん, #輸入品, #グルメ天国","#夜市, #釜山鱼饼, #进口商品, #美食天堂","국내 최초 상설 야시장이 열린 곳으로 전 세계 다양한 먹거리와 수입 상품이 가득합니다.","Home to Korea's first permanent night market, full of global food and imported goods.","韓国初の常設夜市が開かれた場所で、世界各国のグルメと輸入品が豊富です。","韩国首个常设夜市所在地，拥有世界各地的美食和丰富的进口商品。","08:00–20:00 (야시장 19:30–23:30)","08:00–20:00 (Night 19:30–23:30)","08:00–20:00 (夜市 19:30–23:30)","08:00–20:00 (夜市 19:30–23:30)","051-243-1128",""
"4","","해운대시장","Haeundae Market","海雲台市場","海云台市场","부산","Busan","釜山広域市","釜山广域市","해운대구","Haeundae-gu","海雲台区","海云台区","부산 해운대구 구남로41번길 22-1","22-1, Gunam-ro 41beon-gil, Haeundae-gu, Busan","釜山 海雲台区 亀南路41番キル 22-1","釜山 海云台区 龟南路41路 22-1","#꼼장어골목, #떡볶이, #해운대핫플, #해변시장","#HaeundaeHotplace, #SeaEel, #StreetFood, #Beach","#海雲台ホットプレ, #ヌタウナギ, #トッポギ, #観光","#海云台打卡地, #盲鳗街, #辣炒年糕, #海滨市场","해운대 해수욕장 바로 옆에 위치해 관광객들이 즐겨 찾는 먹거리 중심의 전통시장입니다.","Located right next to Haeundae Beach, it's a food-focused traditional market for tourists.","海雲台海水浴場のすぐ隣に位置し、観光客に人気のグルメ中心の伝統市場です。","紧邻海云台海水浴场，是游客喜爱的以美食为主的传统市场。","09:00–22:00 (매장별 상이)","09:00–22:00 (Varies by shop)","09:00–22:00 (店舗により異なる)","09:00–22:00 (各店不同)","051-746-3001",""
"5","","엄궁농산물도매시장","Eomgung Wholesale Market","厳弓農産物卸売市場","严弓农产品批发市场","부산","Busan","釜山広域市","釜山广域市","사상구","Sasang-gu","沙上区","沙上区","부산 사상구 농산물시장로 120","120, Nongsannmulsijang-ro, Sasang-gu, Busan","釜山広域市 沙上区 農産物市場路 120","釜山广域市 沙上区 农产品市场路 120","#부산최대청과물, #식자재유통, #도매시장, #서부산물류","#FruitWholesale, #Logistics, #BusanMainMarket","#釜山最大青果物, #食材流通, #卸売市場, #物流","#釜山最大蔬果, #食材流通, #批发市场, #物流","서부산권의 식자재 유통을 담당하는 대형 도매시장으로 청과물 거래 규모가 엄청납니다.","A large wholesale market in western Busan with a massive volume of fruit and vegetables.","西釜山圏の食材流通を担う大型卸売市場で、青果物の取引規模が非常に大きいです。","负责西釜山地区食材流通的大型批发市场，蔬果交易规模巨大。","04:00–18:00 (매주 일요일 휴무)","04:00–18:00 (Closed on Sundays)","04:00–18:00 (日曜休)","04:00–18:00 (每周日休息)","051-310-8201",""
"1","","청주육거리종합시장","Cheongju Yukgeori Market","清州六ゴリ総合市場","清州六街综合市场","충청북도","Chungcheongbuk-do","忠清北道","忠清北道","청주시 상당구","Sangdang-gu, Cheongju","清州市 上党区","清州市 上党区","충북 청주시 상당구 청남로 2197","2197, Cheongnam-ro, Sangdang-gu, Cheongju","忠清北道 清州市 上党区 清南路 2197","忠清北道 清州市 上党区 青南路 2197","#전국최대규모, #전통시장, #먹거리골목, #삼겹살거리, #청주여행","#TopTraditional, #FoodStreet, #Cheongju, #Largest","#全国最大規模, #伝統市場, #グルメ通り, #清州旅行","#韩国最大规模, #传统市场, #美食街, #清州旅游","전국에서도 손꼽히는 대규모 전통시장으로 농축산물, 의류, 먹거리가 집약된 충북 유통의 중심입니다.","One of Korea's largest traditional markets and the center of Chungbuk's logistics.","全国でも有数の大規模な伝統市場で、農畜産物、衣類、グルメが集約された拠点です。","韩国屈指可数的大型传统市场，是集农畜产品、服装、美食于一体的忠北流通中心。","08:00–21:00 (점포별 상이)","08:00–21:00 (Varies by shop)","08:00–21:00 (店舗により異なる)","08:00–21:00 (各店不同)","043-223-6688",""
"2","","청주농수산물도매시장","Cheongju Wholesale Market","清州農水産物卸売市場","清州农水产品批发市场","충청북도","Chungcheongbuk-do","忠清北道","忠清北道","청주시 흥덕구","Heungdeok-gu, Cheongju","清州市 興徳区","清州市 兴德区","충북 청주시 흥덕구 봉명로 163","163, Bongmyeong-ro, Heungdeok-gu, Cheongju","忠清北道 清州市 興徳区 奉鳴路 163","忠清北道 清州市 兴德区 奉鸣路 163","#청과물도매, #수산시장, #새벽경매, #식자재유통","#Wholesale, #FreshMarket, #Auction, #Logistics","#青果物卸売, #水産市場, #競売, #食材流通","#蔬果批发, #水产市场, #拍卖, #食材流通","충청북도 중부권의 농수산물 물류를 전담하며 매일 새벽 신선한 식자재 경매가 열립니다.","Responsible for agricultural distribution in central Chungbuk with daily dawn auctions.","忠清北道中部圏の農水産物流通を担い、毎朝新鮮な食材の競売が行われます。","负责忠清北道中部地区的农水产品物流，每天凌晨举行新鲜食材拍卖。","04:00–18:00 (매주 일요일 휴무)","04:00–18:00 (Closed on Sundays)","04:00–18:00 (日曜休)","04:00–18:00 (每周日休息)","043-201-1110",""
"3","","충주자유시장","Chungju Jayu Market","忠州自由市場","忠州自由市场","충청북도","Chungcheongbuk-do","忠清北道","忠清北道","충주시","Chungju-si","忠州市","忠州市","충북 충주시 충인6길 16","16, Chungin 6-gil, Chungju-si","忠清北道 忠州市 忠仁6キル 16","忠清北道 忠州市 忠仁6路 16","#순대만두골목, #전통시장, #충주핫플, #로컬장터","#SoondaeAlley, #Chungju, #Traditional, #LocalFood","#スンデマンドゥ通り, #伝統市場, #忠州, #グルメ","#血肠饺子街, #传统市场, #忠州, #当地美食","충주를 대표하는 시장으로 특히 '순대와 만두 골목'이 전국적으로 유명하여 관광객이 많습니다.","Representative market of Chungju, famous for its Sundae and Dumpling alley.","忠州を代表する市場で、特に「スンデとマンドゥ通り」が全国的に有名です。","忠州的代表性市场，特别是“血肠和饺子街”闻名全国，游客络绎不绝。","09:00–20:00 (점포별 상이)","09:00–20:00 (Varies by shop)","09:00–20:00 (店舗により異なる)","09:00–20:00 (各店不同)","043-848-3414",""
"4","","제천중앙시장","Jecheon Jungang Market","堤川中央市場","堤川中央市场","충청북도","Chungcheongbuk-do","忠清北道","忠清北道","제천시","Jecheon-si","堤川市","堤川市","충북 제천시 풍양로 108","108, Pungyang-ro, Jecheon-si","忠清北道 堤川市 風陽路 108","忠清北道 堤川市 风阳路 108","#약초시장, #전통시장, #청년풀, #제천먹거리, #중부권물류","#HerbMarket, #Jecheon, #Traditional, #Logistics","#薬草市場, #伝統市場, #堤川グルメ, #物流","#药草市场, #传统市场, #堤川美食, #物流中心","제천의 핵심 시장으로 인근 약초 시장과 연계되어 한방 관련 품목과 로컬 푸드가 활발히 거래됩니다.","Jecheon's core market linked to the nearby herb market, dealing in oriental medicine and local food.","堤川の核心市場で、近くの薬草市場と連携し、韓方関連品目や地元の食品が豊富です。","堤川的核心市场，与附近的药草市场相连，韩方相关商品和当地食品交易活跃。","09:00–19:30 (매달 첫째, 셋째 일요일 휴무)","09:00–19:30 (Closed 1st/3rd Sun)","09:00–19:30 (第1・3日曜休)","09:00–19:30 (每月第一、三个周日休息)","043-647-2047",""
"1","","천안농수산물도매시장","Cheonan Wholesale Market","天安農水産物卸売市場","天安农水产品批发市场","충청남도","Chungcheongnam-do","忠清南道","忠清南道","천안시 서북구","Seobuk-gu, Cheonan","天安市 西北区","天安市 西北区","충남 천안시 서북구 번영로 706","706, Beonyeong-ro, Seobuk-gu, Cheonan","忠清南道 天安市 西北区 繁栄路 706","忠清南道 天安市 西北区 繁荣路 706","#충남최대도매, #천안물류, #새벽경매, #식자재공급","#CheonanWholesale, #Auction, #Logistics, #Fresh","#忠南最大卸売, #天安物流, #競売, #食材供給","#忠南最大批发, #天安物流, #拍卖, #食材供应","충남 북부권의 식자재 유통을 전담하는 최대 규모의 도매시장으로 수도권과 인접해 물류가 매우 활발합니다.","The largest wholesale market in northern Chungnam, with active logistics due to proximity to Seoul.","忠南北部圏の食材流通を担う最大規模の卸売市場で、首都圏に近く物流が非常に活発です。","负责忠南北部地区食材流通的最大规模批发市场，由于邻近首都圈，物流非常活跃。","04:00–18:00 (매주 일요일 휴무)","04:00–18:00 (Closed on Sundays)","04:00–18:00 (日曜休)","04:00–18:00 (每周日休息)","041-521-2748",""
"2","","천안중앙시장","Cheonan Jungang Market","天安中央市場","天安中央市场","충청남도","Chungcheongnam-do","忠清南道","忠清南道","천안시 동남구","Dongnam-gu, Cheonan","天安市 東南区","天安市 东南区","충남 천안시 동남구 사직로 7","7, Sajik-ro, Dongnam-gu, Cheonan","忠清南道 天安市 東南区 社稷路 7","忠清南道 天安市 东南区 社稷路 7","#천안대표시장, #호떡, #국밥, #전통시장, #천안여행","#CheonanJungang, #StreetFood, #Traditional, #Travel","#天安代表市場, #ホットク, #伝統市場, #天安旅行","#天安代表市场, #糖饼, #汤饭, #传统市场, #天安旅游","천안에서 가장 오래되고 큰 전통시장으로 호떡, 국밥 등 저렴하고 다양한 먹거리로 유명합니다.","Cheonan's oldest and largest traditional market, famous for affordable street food.","天安で最も古く大規模な伝統市場で、ホットクやクッパなどの多様なグルメが有名です。","天安最古老、规模最大的传统市场，以糖饼、汤饭等物美价廉的美食闻名。","09:00–20:00 (점포별 상이)","09:00–20:00 (Varies by shop)","09:00–20:00 (店舗により異なる)","09:00–20:00 (各店不同)","041-555-1136",""
"3","","서천수산물특화시장","Seocheon Fisheries Market","舒川水産物特化市場","舒川水产物特化市场","충청남도","Chungcheongnam-do","忠清南道","忠清南道","서천군","Seocheon-gun","舒川郡","舒川郡","충남 서천군 서천읍 충절로 42","42, Chungjeol-ro, Seocheon-eup","忠清南道 舒川郡 舒川邑 忠節路 42","忠清南道 舒川郡 舒川邑 忠节路 42","#서해안해산물, #박대, #김, #수산특화, #서천관광","#Seafood, #DriedFish, #Seocheon, #Specialty","#西海岸海鮮, #バクデ, #海苔, #水産特化, #舒川","#西海岸海鲜, #舌鳎, #海苔, #水产特化, #舒川旅游","서해안에서 갓 잡은 싱싱한 수산물과 서천 특산물인 박대, 김 등이 활발히 거래되는 현대식 시장입니다.","A modern market for fresh West Sea seafood and local specialties like dried tonguefish.","西海岸で獲れたての新鮮な海鮮と、舒川特産のバクデや海苔などが活発に取引されます。","交易西海岸刚捕捞的新鲜海产及舒川特产舌鳎、海苔等的现代化市场。","07:00–21:00 (첫째 화요일 휴무)","07:00–21:00 (Closed 1st Tue)","07:00–21:00 (第1火曜休)","07:00–21:00 (每月第一个周二休息)","041-951-1445",""
"4","","홍성전통시장","Hongseong Traditional Market","洪城伝統市場","洪城传统市场","충청남도","Chungcheongnam-do","忠清南道","忠清南道","홍성군","Hongseong-gun","洪城郡","洪城郡","충남 홍성군 홍성읍 의사로43번길 22","22, Uisa-ro 43beon-gil, Hongseong-gun","忠清南道 洪城郡 洪城邑 義士路43番キル 22","忠清南道 洪城郡 洪城邑 义士路43路 22","#홍성한우, #오일장, #로컬장터, #농특산물, #홍성여행","#HongseongHanwoo, #5dayMarket, #Beef, #Specialty","#洪城韓牛, #五日市, #ローカル市場, #農特産物","#洪城韩牛, #五日集, #当地集市, #农特产品","홍성 한우와 인근 농산물이 집결되는 곳으로 1, 6일에 열리는 오일장은 도내에서도 손꼽히는 규모입니다.","A hub for Hongseong Hanwoo beef, its 5-day market (1st/6th) is among the largest in the province.","洪城韓牛と近隣の農産物が集まる場所で、1、6日の五일市は県内有数の規模を誇ります。","洪城韩牛及附近农产品的集散地，逢1、6号举办的五日集规模在道内名列前茅。","09:00–19:00 (1, 6일 오일장 중심)","09:00–19:00 (Peak on 1st/6th)","09:00–19:00 (1, 6日の五日市が中心)","09:00–19:00 (以1, 6号五日集为主)","041-632-3522",""
"1","","포항죽도시장","Pohang Jukdo Market","浦項竹島市場","浦项竹岛市场","경상북도","Gyeongsangbuk-do","慶尚北道","庆尚北道","포항시 북구","Buk-gu, Pohang","浦項市 北区","浦项市 北区","경북 포항시 북구 죽도시장길 13","13, Jukdosijang-gil, Buk-gu, Pohang","慶尚北道 浦項市 北区 竹島市場キル 13","庆尚北道 浦项市 北区 竹岛市场路 13","#동해안최대시장, #과메기, #물회, #대게, #포항여행","#LargestEastSea, #Seafood, #Crab, #Sashimi","#東海岸最大市場, #クァメギ, #ムルフェ, #大蟹","#东海岸最大市场, #过目鱼, #水刺身, #大蟹","동해안 최대 규모의 전통시장으로 포항의 명물인 과메기, 대게, 신선한 회를 맛볼 수 있는 곳입니다.","The largest traditional market on the East Coast, famous for Gwamegi, crab, and sashimi.","東海岸最大規模の伝統市場で、浦項名物のクァメギや大蟹、新鮮な刺身を楽しめます。","东海岸规模最大的传统市场，可以品尝到浦项名产过目鱼、大蟹和新鲜的生鱼片。","08:00–22:00 (점포별 상이)","08:00–22:00 (Varies by shop)","08:00–22:00 (店舗により異なる)","08:00–22:00 (各店不同)","054-247-3733",""
"2","","안동구시장","Andong Gu-sijang","安東旧市場","安东旧市场","경상북도","Gyeongsangbuk-do","慶尚北道","庆尚北道","안동시","Andong-si","安東市","安东市","경북 안동시 번영길 10","10, Beonyeong-gil, Andong-si","慶尚北道 安東市 繁栄キル 10","庆尚北道 安东市 繁荣路 10","#안동찜닭골목, #전통시장, #찜닭성지, #안동여행","#AndongChicken, #Jjimdak, #Traditional, #Travel","#安東チムダッ, #伝統市場, #グルメ通り, #安東","#安东炖鸡街, #传统市场, #炖鸡胜地, #安东旅游","안동의 명물 '안동찜닭 골목'이 위치한 시장으로 전국의 미식가들이 찾는 관광 명소입니다.","Home to the famous 'Andong Jjimdak Alley', a must-visit destination for foodies.","安東名物「安東チムダッ通り」がある市場で、全国から美食家が集まる観光名所です。","拥有安东名产“安东炖鸡街”的市场，是吸引全国美食家的观光胜地。","09:00–22:00 (찜닭 골목 상이)","09:00–22:00 (Alley varies)","09:00–22:00 (通りにより異なる)","09:00–22:00 (炖鸡街时间各异)","054-858-9002",""
"3","","구미중앙시장","Gumi Jungang Market","亀尾中央市場","龟尾中央市场","경상북도","Gyeongsangbuk-do","慶尚北道","庆尚北道","구미시","Gumi-si","亀尾市","龟尾市","경북 구미시 구미중앙로9길 11","11, Gumijungang-ro 9-gil, Gumi-si","慶尚北道 亀尾市 亀尾中央路9キル 11","庆尚北道 龟尾市 龟尾中央路9路 11","#국밥골목, #족발, #전통시장, #구미핫플, #로컬맛집","#GumiJungang, #Gukbap, #LocalFood, #StreetFood","#クッパ通り, #豚足, #伝統市場, #亀尾グルメ","#汤饭街, #猪蹄, #传统市场, #龟尾美食","구미에서 가장 큰 규모의 전통시장으로 국밥과 족발 골목이 매우 유명하며 시민들의 생활 중심지입니다.","Gumi's largest traditional market, famous for its rice soup and pig trotter alleys.","亀尾で最大規模の伝統市場で、クッパや豚足通りが非常に有名。市民の生活の中心です。","龟尾规模最大的传统市场，汤饭和猪蹄街非常有名，是市民生活中心。","09:00–21:00 (매장별 상이)","09:00–21:00 (Varies by shop)","09:00–21:00 (店舗により異なる)","09:00–21:00 (各店不同)","054-452-3610",""
"4","","경주성동시장","Gyeongju Seongdong Market","慶州城東市場","庆州城东市场","경상북도","Gyeongsangbuk-do","慶尚北道","庆尚北道","경주시","Gyeongju-si","慶州市","庆州市","경북 경주시 원화로 281번길 11","11, Wonhwa-ro 281beon-gil, Gyeongju","慶尚北道 慶州市 源花路 281番キル 11","庆尚北道 庆州市 源花路 281路 11","#우엉김밥, #한식뷔페, #경주역근처, #경주먹거리","#BurdockKimbap, #Buffet, #GyeongjuTravel, #Food","#ゴボウキンパ, #韓食ブッフェ, #慶州旅行, #グルメ","#牛蒡紫菜包饭, #韩式自助, #庆州旅游, #美食","경주역 인근의 대표 시장으로 우엉 김밥과 저렴한 한식 뷔페 식당들이 여행객에게 인기입니다.","Famous for burdock kimbap and affordable Korean buffets, located near the old station.","慶州駅近くの代表的な市場で、ゴボウキンパや安い韓食ブッフェが観光客に人気です。","邻近庆州站的代表性市场，牛蒡紫菜包饭和物美价廉的韩式自助餐深受游客欢迎。","07:00–20:00 (매장별 상이)","07:00–20:00 (Varies by shop)","07:00–20:00 (店舗により異なる)","07:00–20:00 (各店不同)","054-772-4220",""
"1","","마산어시장","Masan Fish Market","馬山魚市場","马山鱼市场","경상남도","Gyeongsangnam-do","慶尚南道","庆尚南道","창원시 마산합포구","Masanhappo-gu, Changwon","昌原市 馬山合浦区","昌原市 马山合浦区","경남 창원시 마산합포구 어시장8길 7","7, Eosijang 8-gil, Masanhappo-gu, Changwon","慶尚南道 昌原市 馬山合浦区 魚市場8キル 7","庆尚南道 昌原市 马山合浦区 鱼市场8路 7","#전국최대어시장, #아귀찜, #전어, #복요리, #창원여행","#LargestFishMarket, #Anglerfish, #Sashimi, #Travel","#全国最大魚市場, #アンコウ, #コノシロ, #昌原旅行","#韩国最大鱼市场, #炖安康鱼, #鰶鱼, #昌原旅游","조선시대부터 이어진 전국 최대 규모의 어시장 중 하나로, 아귀찜과 싱싱한 회가 매우 유명합니다.","One of Korea's largest fish markets since the Joseon Dynasty, famous for its anglerfish stew.","朝鮮時代から続く全国最大級の魚市場で、アンコウ料理や新鮮な刺身が非常に有名です。","自朝鲜时代延续至今的韩国最大规模鱼市场之一，炖安康鱼和新鲜生鱼片非常有名。","07:00–21:00 (연중무휴)","07:00–21:00 (Open year-round)","07:00–21:00 (年中無休)","07:00–21:00 (全年无休)","055-224-0009",""
"2","","진주중앙시장","Jinju Jungang Market","晋州中央市場","晋州中央市场","경상남도","Gyeongsangnam-do","慶尚南道","庆尚南道","진주시","Jinju-si","晋州市","晋州市","경남 진주시 진양호로547번길 8-1","8-1, Jinyangho-ro 547beon-gil, Jinju","慶尚南道 晋州市 晋陽湖路547番キル 8-1","庆尚南道 晋州市 晋阳湖路547路 8-1","#비빔밥, #실크, #전통시장, #진주유등축제, #먹거리","#JinjuBibimbap, #Silk, #Traditional, #LocalFood","#晋州ビビンバ, #シルク, #伝統市場, #晋州旅行","#晋州拌饭, #丝绸, #传统市场, #晋州旅游","130년 넘는 역사를 지닌 서부 경남의 핵심 시장으로, 진주 비빔밥과 실크 제품이 유명합니다.","A key market in western Gyeongnam with 130 years of history, famous for Bibimbap and silk.","130年以上の歴史を持つ西部慶南の核となる市場で、晋州ビビンバとシルク製品が有名です。","拥有130多年历史的西庆南核心市场，以晋州拌饭和丝绸产品闻名。","09:00–20:00 (점포별 상이)","09:00–20:00 (Varies by shop)","09:00–20:00 (店舗により異なる)","09:00–20:00 (各店不同)","055-741-2151",""
"3","","김해농산물도매시장","Gimhae Wholesale Market","金海農産物卸売市場","金海农产品批发市场","경상남도","Gyeongsangnam-do","慶尚南道","庆尚南道","김해시","Gimhae-si","金海市","金海市","경남 김해시 주촌면 서부로1403번길 23","23, Seobu-ro 1403beon-gil, Gimhae","慶尚南道 金海市 酒村面 西部路1403番キル 23","庆尚南道 金海市 酒村面 西部路1403路 23","#청과물도매, #김해물류, #새벽경매, #식자재유통","#GimhaeWholesale, #Auction, #Logistics, #Fresh","#青果物卸売, #金海物流, #競売, #食材流通","#蔬果批发, #金海物流, #拍卖, #食材流通","김해와 창원 일대의 농산물 유통을 담당하는 현대식 도매시장으로 물류 접근성이 매우 뛰어납니다.","A modern wholesale market for Gimhae and Changwon with excellent logistics accessibility.","金海と昌原一帯の農産物流通を担う現代的な卸売市場で、物流のアクセスが非常に優れています。","负责金海及昌原地区农产品流通的现代化批发市场，物流便利性极佳。","04:00–18:00 (매주 일요일 휴무)","04:00–18:00 (Closed on Sundays)","04:00–18:00 (日曜休)","04:00–18:00 (每周日休息)","055-330-3401",""
"4","","통영중앙시장","Tongyeong Jungang Market","統営中央市場","统营中央市场","경상남도","Gyeongsangnam-do","慶尚南道","庆尚南道","통영시","Tongyeong-si","統営市","统营市","경남 통영시 중앙시장4길 14","14, Jungangsijang 4-gil, Tongyeong","慶尚南道 統営市 中央市場4キル 14","庆尚南道 统营市 中央市场4路 14","#꿀빵, #동피랑, #해산물시장, #통영여행, #굴요리","#HoneyBread, #Seafood, #Tongyeong, #Tourism","#ハチミツパン, #海鮮市場, #統営旅行, #カキ料理","#蜂蜜面包, #海鲜市场, #统营旅游, #牡蛎料理","동피랑 벽화마을 인근의 관광 중심 시장으로, 굴, 멍게 등 통영의 싱싱한 해산물이 가득합니다.","A tourist-centric market near Dongpirang, full of fresh Tongyeong seafood like oysters.","トンピラン壁画村近くの観光の中心となる市場で、カキやホヤなどの新鮮な海鮮が豊富です。","邻近东皮郎壁画村的旅游中心市场，到处都是牡蛎、海鞘等统营新鲜海产。","08:30–21:00 (연중무휴)","08:30–21:00 (Open year-round)","08:30–21:00 (年中無休)","08:30–21:00 (全年无休)","055-649-5225",""
"1","","군산수산물종합센터","Gunsan Fisheries Market","群山水産物総合センター","群山水产物综合中心","전라북도","Jeollabuk-do","全羅北道","全罗北道","군산시","Gunsan-si","群山市","群山市","전북 군산시 해망로 267","267, Haemang-ro, Gunsan-si","全羅北道 群山市 海望路 267","全罗北道 群山市 海望路 267","#서해안수산물, #박대, #꽃게, #건어물, #군산여행","#Seafood, #DriedFish, #Crab, #Gunsan, #Travel","#西海岸海鮮, #バクデ, #カニ, #群山旅行","#西海岸海鲜, #舌鳎, #梭子蟹, #干货, #群山旅游","군산항 인근에 위치해 서해안의 싱싱한 수산물과 군산 특산물인 박대 등을 저렴하게 판매합니다.","Located near Gunsan Port, selling fresh West Sea seafood and dried tonguefish at low prices.","群山港近くに位置し、西海岸の新鮮な海鮮や群山特産のバクデなどを安く販売しています。","位于群山港附近，低价销售西海岸新鲜海产及群山特产舌鳎等。","07:00–20:00 (첫째, 셋째 화요일 휴무)","07:00–20:00 (Closed 1st/3rd Tue)","07:00–20:00 (第1・3火曜休)","07:00–20:00 (每月第一、三个周二休息)","063-442-4822",""
"2","","익산중앙시장","Iksan Jungang Market","益山中央市場","益山中央市场","전라북도","Jeollabuk-do","全羅北道","全罗北道","익산시","Iksan-si","益山市","益山市","전북 익산시 중앙로3길 27","27, Jungang-ro 3-gil, Iksan-si","全羅北道 益山市 中央路3キル 27","全罗北道 益山市 中央路3路 27","#패션시장, #먹거리, #전통시장, #익산핫플, #로컬장터","#IksanJungang, #Fashion, #Traditional, #LocalFood","#益山中央, #ファッション, #伝統市場, #グルメ","#益山中央, #时尚, #传统市场, #美食","익산역 인근의 대표적인 시장으로 패션 잡화와 다양한 먹거리가 어우러진 현대식 전통시장입니다.","Representative market near Iksan Station, blending fashion goods and street food.","益山駅近くの代表的な市場で、ファッション雑貨と多様なグルメが融合した市場です。","邻近益山站的代表性市场，是时尚百货与各类美食交融的现代化传统市场。","09:00–20:00 (점포별 상이)","09:00–20:00 (Varies by shop)","09:00–20:00 (店舗により異なる)","09:00–20:00 (各店不同)","063-855-0345",""
"3","","정읍샘고을시장","Jeongeup Saemgoeul Market","井邑セムゴウル市場","井邑泉谷市场","전라북도","Jeollabuk-do","全羅北道","全罗北道","정읍시","Jeongeup-si","井邑市","井邑市","전북 정읍시 중앙로 162","162, Jungang-ro, Jeongeup-si","全羅北道 井邑市 中央路 162","全罗北道 井邑市 中央路 162","#호남평야, #오일장, #정읍맛집, #농산물유통, #로컬푸드","#Saemgoeul, #Jeongeup, #5dayMarket, #Logistics","#井邑, #五日市, #農産物流通, #ローカルフード","#井邑, #五日集, #农产品流通, #当地食品","호남 최대 규모의 오일장 중 하나로, 인근 농산물이 집결되는 정읍의 경제 중심지입니다.","One of the largest 5-day markets in Honam and the economic heart of Jeongeup.","湖南最大級の五日市の一つで、近隣の農産物が集まる井邑の経済の中心地です。","湖南地区最大规模的五日集之一，是附近农产品集散的井邑经济中心。","08:00–19:00 (매달 2, 7일 오일장 위주)","08:00–19:00 (Peak on 2nd/7th)","08:00–19:00 (2, 7日の五日市が中心)","08:00–19:00 (以2, 7号五日集为主)","063-534-1882",""
"4","","김제전통시장","Gimje Traditional Market","金堤伝統市場","金堤传统市场","전라북도","Jeollabuk-do","全羅北道","全罗北道","김제시","Gimje-si","金堤市","金堤市","전북 김제시 시장7길 15-7","15-7, Sijang 7-gil, Gimje-si","全羅北道 金堤市 市場7キル 15-7","全罗北道 金堤市 市场7路 15-7","#지평선시장, #쌀특화, #로컬푸드, #농기구, #김제여행","#GimjeMarket, #Rice, #Agriculture, #LocalProduct","#金堤市場, #米特化, #農機具, #ローカルフード","#金堤市场, #大米特产, #农机具, #当地食品","김제 지평선의 넓은 평야에서 생산된 양질의 농산물과 쌀, 농기구 등이 활발히 거래됩니다.","Active trading of high-quality agricultural products, rice, and tools from Gimje's plains.","金堤の広い平野で生産された良質な農産物や米、農機具などが活発に取引されます。","交易金堤广阔平原生产的优质农产品、大米及农机具等的市场。","09:00–19:00 (매달 2, 7일 오일장 위주)","09:00–19:00 (Peak on 2nd/7th)","09:00–19:00 (2, 7日の五日市が中心)","09:00–19:00 (以2, 7号五日集为主)","063-548-2234",""
"1","","목포종합수산시장","Mokpo Fisheries Market","木浦総合水産市場","木浦综合水产市场","전라남도","Jeollanam-do","全羅南道","全罗南道","목포시","Mokpo-si","木浦市","木浦市","전남 목포시 해안로 267","267, Haean-ro, Mokpo-si","全羅南道 木浦市 海岸路 267","全罗南道 木浦市 海岸路 267","#홍어, #건어물, #목포항, #수산물도매, #목포여행","#MokpoSeafood, #Skate, #DriedFish, #Wholesale","#木浦海鮮, #ガンギエイ, #乾物, #木浦旅行","#木浦海鲜, #洪鱼, #干货, #木浦旅游","목포항 인근의 대표 수산시장으로 목포의 명물 홍어와 각종 건어물, 신선한 수산물 거래의 중심입니다.","A representative seafood market near Mokpo Port, a hub for skate and various dried fish.","木浦港近くの代表的な水産市場で、名物のガンギエイや乾物、新鮮な海鮮が揃います。","邻近木浦港的代表性水产市场，是木浦名产洪鱼、各类干货及新鲜水产的交易中心。","05:00–21:00 (연중무휴)","05:00–21:00 (Open year-round)","05:00–21:00 (年中無休)","05:00–21:00 (全年无休)","061-245-5096",""
"2","","순천아랫장","Suncheon Araet-jang","順天アレッジャン","顺天下市","전라남도","Jeollanam-do","全羅南道","全罗南道","순천시","Suncheon-si","順天市","顺天市","전남 순천시 장평로 60","60, Jangpyeong-ro, Suncheon-si","全羅南道 順天市 張平路 60","全罗南道 顺天市 张平路 60","#전국최대오일장, #야시장, #로컬푸드, #순대국밥, #순천여행","#Largest5dayMarket, #NightMarket, #Suncheon","#全国最大五日市, #夜市, #ローカルフード, #順天","#韩国最大五日集, #夜市, #当地食品, #顺天旅游","전국 최대 규모의 오일장(2, 7일)으로 유명하며, 주말에는 야시장이 열려 관광객들이 많이 찾습니다.","Famous as Korea's largest 5-day market (2nd/7th), with a popular weekend night market.","全国最大規模の五日市（2、7日）で有名。週末は夜市も開催され賑わいます。","闻名全国的最大规模五日集（逢2、7号），周末举办夜市，吸引大量游客。","08:00–22:00 (2, 7일 오일장 위주)","08:00–22:00 (Peak on 2nd/7th)","08:00–22:00 (2, 7日の五日市が中心)","08:00–22:00 (以2, 7号五日集为主)","061-741-3335",""
"3","","여수수산시장","Yeosu Fisheries Market","麗水水産市場","丽水水产市场","전라남도","Jeollanam-do","全羅南道","全罗南道","여수시","Yeosu-si","麗水市","丽水市","전남 여수시 객사길 7","7, Gaeksa-gil, Yeosu-si","全羅南道 麗水市 客舎キル 7","全罗南道 丽水市 客舍路 7","#여수밤바다, #돌게장, #갓김치, #회센터, #여수여행","#YeosuSeafood, #Sashimi, #Crab, #GatKimchi","#麗水海鮮, #刺身, #カニ醤油漬け, #麗水旅行","#丽水海鲜, #生鱼片, #酱蟹, #芥菜泡菜, #丽水旅游","여수 연안여객선터미널 인근의 현대식 수산시장으로 갓김치, 돌게장 등 전남 특산물이 가득합니다.","A modern fish market near Yeosu Terminal, full of local specialties like Gat-kimchi.","麗水旅客船ターミナル近くの現代的な水産市場。カラシナキムチやカニ料理が豊富です。","邻近丽水沿岸客运码头的现代化水产市场，到处是芥菜泡菜、酱蟹等全南特产。","06:00–22:00 (매달 둘째 화요일 휴무)","06:00–22:00 (Closed 2nd Tue)","06:00–22:00 (第2火曜休)","06:00–22:00 (每月第二个周二休息)","061-662-7262",""
"4","","나주영산포풍물시장","Naju Yeongsanpo Market","羅州栄山浦風物市場","罗州荣山浦风物市场","전라남도","Jeollanam-do","全羅南道","全罗南道","나주시","Naju-si","羅州市","罗州市","전남 나주시 이창길 15","15, Ichang-gil, Naju-si","全羅南道 羅州市 二倉キル 15","全罗南道 罗州市 二仓路 15","#숙성홍어, #나주곰탕, #오일장, #로컬장터, #영산강","#FermentedSkate, #Naju, #5dayMarket, #LocalFood","#熟成ガンギエイ, #羅州, #五日市, #ローカル市場","#发酵洪鱼, #罗州, #五日集, #当地集市","영산포 홍어 거리와 인접한 전통시장으로 5, 10일에 열리는 오일장은 남도 특유의 활기가 넘칩니다.","A traditional market near Yeongsanpo Skate Street, its 5th/10th market is full of energy.","栄山浦ガンギエイ通りに隣接する市場で、5、10日の五日市は南道特有の活気があります。","邻近荣山浦洪鱼街的传统市场，逢5、10号举办的五日集充满了南道特有的活力。","08:00–19:00 (5, 10일 오일장 위주)","08:00–19:00 (Peak on 5th/10th)","08:00–19:00 (5, 10日の五日市が中心)","08:00–19:00 (以5, 10号五日集为主)","061-331-1025",""
"1","","속초관광수산시장","Sokcho Tourist & Fishery Market","束草観光水産市場","束草观光水产市场","강원도","Gangwon-do","江原道","江原道","속초시","Sokcho-si","束草市","束草市","강원 속초시 중앙로147번길 12","12, Jungang-ro 147beon-gil, Sokcho","江原道 束草市 中央路147番キル 12","江原道 束草市 中央路147路 12","#닭강정, #아바이순대, #회센터, #속초여행, #속초중앙시장","#Dakgangjeong, #Seafood, #Sokcho, #Travel","#タッカンジョン, #アバイスンデ, #束草旅行","#辣子鸡, #阿爸米血肠, #水产中心, #束草旅游","속초의 필수 관광 코스로 닭강정, 튀김 등 먹거리 골목과 지하 수산물 회센터가 매우 유명합니다.","A must-visit in Sokcho, famous for Dakgangjeong (spicy chicken) and its underground sashimi center.","束草の必須観光コースで、タッカンジョンや天ぷらなどのグルメ、地下の刺身センターが非常に有名です。","束草必游路线，辣子鸡、炸物等美食街及地下水产刺身中心非常有名。","08:00–21:00 (연중무휴)","08:00–21:00 (Open year-round)","08:00–21:00 (年中無休)","08:00–21:00 (全年无休)","033-633-3501",""
"2","","강릉중앙시장","Gangneung Jungang Market","江陵中央市場","江陵中央市场","강원도","Gangwon-do","江原道","江原道","강릉시","Gangneung-si","江陵市","江陵市","강원 강릉시 금성로 21","21, Geumseong-ro, Gangneung-si","江原道 江陵市 金星路 21","江原道 江陵市 金星路 21","#소머리국밥, #닭강정, #강릉맛집, #로컬푸드, #강릉여행","#Gangneung, #Gukbap, #MarketFood, #Tourism","#牛頭クッパ, #タッカンジョン, #江陵グルメ, #観光","#牛头汤饭, #辣子鸡, #江陵美食, #江陵旅游","영동 지역의 거점 시장으로 소머리국밥 골목과 다양한 간식거리가 있어 여행객들의 방문이 끊이지 않습니다.","A logistics hub in the Yeongdong region, famous for its beef head soup alley and street snacks.","嶺東地域の拠点市場。牛頭クッパ通りや多様な軽食があり、多くの観光客で賑わいます。","岭东地区的核心市场，拥有牛头汤饭街和各类小吃，游客络绎不绝。","09:00–21:00 (매장별 상이)","09:00–21:00 (Varies by shop)","09:00–21:00 (店舗により異なる)","09:00–21:00 (各店不同)","033-648-4477",""
"3","","원주중앙시장","Wonju Jungang Market","原州中央市場","原州中央市场","강원도","Gangwon-do","江原道","江原道","원주시","Wonju-si","原州市","原州市","강원 원주시 중앙시장길 2","2, Jungangsijang-gil, Wonju-si","江原道 原州市 中央市場キル 2","江原道 原州市 中央市场路 2","#미로예술시장, #소고기골목, #원주핫플, #백종원의골목식당","#MiroMarket, #BeefAlley, #Wonju, #ArtMarket","#迷路芸術市場, #牛肉通り, #原州ホットプレ","#迷路艺术市场, #牛肉街, #原州打卡地, #艺术市场","2층 미로예술시장이 젊은 층에 인기이며, 소고기 특수부위 구이 골목이 전통적으로 유명합니다.","Famous for its Miro (maze) Art Market on the 2nd floor and its traditional beef specialty alley.","2階の迷路芸術市場が若者に人気。牛肉の希少部位を焼く通りも伝統的に有名です。","二楼的迷路艺术市场深受年轻人欢迎，传统的牛肉特色部位烧烤街也十分有名。","09:00–20:00 (매달 첫째, 셋째 일요일 휴무)","09:00–20:00 (Closed 1st/3rd Sun)","09:00–20:00 (第1・3日曜休)","09:00–20:00 (每月第一、三个周日休息)","033-743-2570",""
"4","","춘천중앙시장","Chuncheon Jungang Market","春川中央市場","春川中央市场","강원도","Gangwon-do","江原道","江原道","춘천시","Chuncheon-si","春川市","春川市","강원 춘천시 명동길 34","34, Myeongdong-gil, Chuncheon-si","江原道 春川市 明洞キル 34","江原道 春川市 明洞路 34","#낭만시장, #춘천닭갈비, #막국수, #춘천명동, #겨울연가","#RomanticMarket, #Dakgalbi, #Chuncheon, #Myeongdong","#浪漫市場, #タッカルビ, #マッククス, #春川明洞","#浪漫市场, #春川铁板鸡, #荞麦面, #春川明洞","춘천 명동 인근에 위치한 '춘천낭만시장'으로 불리며 닭갈비 골목과 패션 거리가 인접해 있습니다.","Known as 'Romantic Market' near Myeongdong, it's adjacent to the Dakgalbi alley and fashion street.","春川明洞の近くに位置し「春川浪漫市場」とも。タッカルビ通りやファッション街が隣接しています。","被称为“春川浪漫市场”，邻近春川明洞，附近有铁板鸡街和时尚街。","09:00–19:30 (일요일 휴무 상이)","09:00–19:30 (Closed on Sundays)","09:00–19:30 (日曜休)","09:00–19:30 (周日休息)","033-254-5269",""
"1","","제주동문수산시장","Jeju Dongmun Market","済州東門市場","济州东门市场","제주도","Jeju","済州特別自治道","济州特别自治道","제주시","Jeju-si","済州市","济州市","제주 제주시 관덕로14길 10","10, Gwandeok-ro 14-gil, Jeju-si","済州 済州市 観徳路14キル 10","济州 济州市 观德路14路 10","#야시장, #오메기떡, #은갈치, #제주공항근처, #제주여행","#JejuDongmun, #NightMarket, #FreshFish, #JejuTravel","#済州東門, #夜市, #オメギトッ, #太刀魚, #観光","#济州东门, #夜市, #欧米基饼, #带鱼, #济州旅游","제주에서 가장 크고 오래된 상설시장으로 신선한 수산물과 밤마다 열리는 화려한 야시장이 명물입니다.","Jeju's largest and oldest market, famous for fresh seafood and its vibrant night market.","済州で最大かつ最古の常設市場で、新鮮な水産物と毎晩開かれる華やかな夜市が名物です。","济州规模最大、最古老的常设市场，以新鲜水产和每晚举办的华丽夜市而闻名。","08:00–21:00 (야시장 18:00–24:00)","08:00–21:00 (Night 18:00–24:00)","08:00–21:00 (夜市 18:00–24:00)","08:00–21:00 (夜市 18:00–24:00)","064-752-3001",""
"2","","서귀포매일올레시장","Seogwipo Olle Market","西帰浦毎日オルレ市場","西归浦每日偶来市场","제주도","Jeju","済州特別自治道","济州特别自治道","서귀포시","Seogwipo-si","西帰浦市","西归浦市","제주 서귀포시 중앙로62번길 18","18, Jungang-ro 62beon-gil, Seogwipo","済州 西帰浦市 中央路62番キル 18","济州 西归浦市 中央路62路 18","#마늘치킨, #모닥치기, #올레길, #서귀포핫플, #한라봉","#OlleMarket, #Seogwipo, #StreetFood, #Tourism","#西帰浦オルレ, #ニンニクチキン, #グルメ, #観光","#西归浦偶来, #大蒜炸鸡, #美食, #西归浦打卡地","서귀포 중심가에 위치해 관광객 접근성이 뛰어나며 마늘치킨, 귤하르방 빵 등 먹거리가 가득합니다.","Located in central Seogwipo, highly accessible for tourists and full of unique street food.","西帰浦の中心部に位置し観光客のアクセスが良く、多様なグルメで溢れています。","位于西归浦中心地带，游客便利性极佳，充满了大蒜炸鸡等特色美食。","07:00–21:00 (연중무휴)","07:00–21:00 (Open year-round)","07:00–21:00 (年中無休)","07:00–21:00 (全年无休)","064-762-1949",""
"3","","제주민속오일시장","Jeju Five-Day Market","済州民俗五日市場","济州民俗五日市场","제주도","Jeju","済州特別自治道","济州特别自治道","제주시","Jeju-si","済州市","济州市","제주 제주시 오일장서길 26","26, Oiljangseo-gil, Jeju-si","済州 済州市 五日場西キル 26","济州 济州市 五日场西路 26","#오일장, #제주로컬, #장터국밥, #최대규모오일장","#Jeju5DayMarket, #LocalVibe, #Tradition, #Fresh","#済州五日市, #ローカル市場, #伝統, #新鮮","#济州五日集, #当地风情, #大集汤饭, #最大规模五日集","2, 7일에 열리는 전국 최대 규모의 오일장으로 제주의 활기찬 로컬 문화를 제대로 경험할 수 있습니다.","One of Korea's largest 5-day markets (2nd/7th), offering an authentic local Jeju experience.","2、7日に開かれる全国最大規模の五日市で、済州の活気あるローカル文化を体験できます。","逢2、7号举办的全国最大规模五日集，可以深入体验济州充满活力的当地文化。","08:00–20:00 (2, 7일 오일장 위주)","08:00–20:00 (Peak on 2nd/7th)","08:00–20:00 (2, 7日の五日市が中心)","08:00–20:00 (以2, 7号五日集为主)","064-743-5985",""
"4","","한림민속오일시장","Hallim Five-Day Market","翰林民俗五日市場","翰林民俗五日市场","제주도","Jeju","済州特別自治道","济州特别自治道","제주시 한림읍","Hallim-eup, Jeju-si","済州市 翰林邑","济州市 翰林邑","제주 제주시 한림읍 한림중앙로 73","73, Hallimjungang-ro, Hallim-eup","済州 済州市 翰林邑 翰林中央路 73","济州 济州市 翰林邑 翰林中央路 73","#서부권시장, #한림맛집, #로컬장터, #4일9일장","#HallimMarket, #WestJeju, #LocalFood, #Authentic","#翰林五日市, #済州西部, #ローカル市場","#翰林五日集, #西部地区, #当地集市, #4日9日集","제주 서부권을 대표하는 오일장(4, 9일)으로 인근 협재, 금능 해변과 가까워 관광객도 많이 찾습니다.","A representative 5-day market (4th/9th) in western Jeju, popular due to proximity to Hyeopjae Beach.","済州西部を代表する五日市（4、9日）。近くの挟才、金寧ビーチからも多くの人が訪れます。","代表济州西部地区的五日集（逢4、9号），邻近挟才、金宁海滨，吸引大量游客。","08:00–18:00 (4, 9일 오일장 위주)","08:00–18:00 (Peak on 4th/9th)","08:00–18:00 (4, 9日の五日市が中心)","08:00–18:00 (以4, 9号五日集为主)","064-796-5415",""